**  
*Instance, name=Callus-part-1, part=Callus-part
*Node
      1,           0.,  -0.50999999
      2,           0.,          -1.
      3,  0.850000024,          -1.
      4,  0.850000024, -0.800000012
      5,  0.850000024,  -0.50999999
      6,   1.45000005,  -0.50999999
      7,   1.45000005, -0.800000012
      8,   1.45000005,   0.50999999
      9,  0.850000024,  0.800000012
     10,  0.850000024,   0.50999999
     11,           0.,   0.50999999
     12,           0.,           1.
     13, -0.850000024,           1.
     14, -0.850000024,  0.800000012
     15, -0.850000024,   0.50999999
     16,  -1.45000005,   0.50999999
     17,  -1.45000005,  -0.50999999
     18, -0.850000024,  -0.50999999
     19, -0.850000024, -0.800000012
     20,  -1.95000005,  -0.50999999
     21,  -1.95000005, -0.800000012
     22,  -1.45000005, -0.800000012
     23,         1.88,          10.
     24,         1.88,   0.50999999
     25,   4.44999981,   0.50999999
     26,   4.44999981,          10.
     27,         1.88,  -0.50999999
     28,   4.44999981,  -0.50999999
     29,         1.88,         -10.
     30,   1.45000005,         -10.
     31,   7.44999981,   0.50999999
     32,   7.44999981,          10.
     33,   4.44999981,         -10.
     34,   7.44999981,         -10.
     35,   7.44999981,  -0.50999999
     36,   1.45000005,          10.
     37,   1.45000005,  0.800000012
     38,   7.44999981,           0.
     39,  -1.45000005,  0.800000012
     40,  -1.95000005,  0.800000012
     41,  -1.95000005,   0.50999999
     42,  0.850000024,           1.
     43, -0.850000024,          -1.
     44,           0., -0.673333347
     45,           0., -0.836666644
     46,  0.141666666,          -1.
     47,  0.283333331,          -1.
     48,  0.425000012,          -1.
     49,  0.566666663,          -1.
     50,  0.708333313,          -1.
     51,  0.850000024, -0.654999971
     52,  0.708333313,  -0.50999999
     53,  0.566666663,  -0.50999999
     54,  0.425000012,  -0.50999999
     55,  0.283333331,  -0.50999999
     56,  0.141666666,  -0.50999999
     57,   1.29999995, -0.582499981
     58,   1.14999998, -0.654999971
     59,           1., -0.727500021
     60,           1., -0.800000012
     61,   1.14999998, -0.800000012
     62,   1.29999995, -0.800000012
     63,   1.45000005, -0.654999971
     64,   1.29999995,  0.582499981
     65,   1.14999998,  0.654999971
     66,           1.,  0.727500021
     67,  0.850000024,  0.654999971
     68,           1.,   0.50999999
     69,   1.14999998,   0.50999999
     70,   1.29999995,   0.50999999
     71,           0.,  0.673333347
     72,           0.,  0.836666644
     73, -0.141666666,           1.
     74, -0.283333331,           1.
     75, -0.425000012,           1.
     76, -0.566666663,           1.
     77, -0.708333313,           1.
     78, -0.850000024,  0.654999971
     79, -0.708333313,   0.50999999
     80, -0.566666663,   0.50999999
     81, -0.425000012,   0.50999999
     82, -0.283333331,   0.50999999
     83, -0.141666666,   0.50999999
     84,          -1.,  0.727500021
     85,  -1.14999998,  0.654999971
     86,  -1.29999995,  0.582499981
     87,  -1.29999995,   0.50999999
     88,  -1.14999998,   0.50999999
     89,          -1.,   0.50999999
     90,  -1.45000005,  0.364285707
     91,  -1.45000005,  0.218571424
     92,  -1.45000005, 0.0728571415
     93,  -1.45000005, -0.0728571415
     94,  -1.45000005, -0.218571424
     95,  -1.45000005, -0.364285707
     96,  -1.29999995,  -0.50999999
     97,  -1.14999998,  -0.50999999
     98,          -1.,  -0.50999999
     99, -0.850000024, -0.364285707
    100, -0.850000024, -0.218571424
    101, -0.850000024, -0.0728571415
    102, -0.850000024, 0.0728571415
    103, -0.850000024,  0.218571424
    104, -0.850000024,  0.364285707
    105,          -1., -0.727500021
    106,  -1.14999998, -0.654999971
    107,  -1.29999995, -0.582499981
    108,  -1.61666667,  -0.50999999
    109,   -1.7833333,  -0.50999999
    110,  -1.95000005, -0.654999971
    111,   -1.7833333, -0.800000012
    112,  -1.61666667, -0.800000012
    113,   -1.2893995, -0.800000012
    114,  -1.13608384, -0.800000012
    115, -0.989722431, -0.800000012
    116,         1.88,   9.84936523
    117,         1.88,   9.69873047
    118,         1.88,    9.5480957
    119,         1.88,   9.39745998
    120,         1.88,   9.24682522
    121,         1.88,   9.09619045
    122,         1.88,   8.94555569
    123,         1.88,   8.79492092
    124,         1.88,   8.64428616
    125,         1.88,   8.49365044
    126,         1.88,   8.34301567
    127,         1.88,   8.19238091
    128,         1.88,   8.04174614
    129,         1.88,    7.8911109
    130,         1.88,   7.74047613
    131,         1.88,   7.58984137
    132,         1.88,   7.43920612
    133,         1.88,   7.28857136
    134,         1.88,   7.13793659
    135,         1.88,   6.98730135
    136,         1.88,   6.83666658
    137,         1.88,   6.68603182
    138,         1.88,   6.53539705
    139,         1.88,   6.38476181
    140,         1.88,   6.23412704
    141,         1.88,   6.08349228
    142,         1.88,   5.93285704
    143,         1.88,   5.78222227
    144,         1.88,   5.63158751
    145,         1.88,   5.48095226
    146,         1.88,    5.3303175
    147,         1.88,   5.17968273
    148,         1.88,   5.02904749
    149,         1.88,   4.87841272
    150,         1.88,   4.72777796
    151,         1.88,   4.57714272
    152,         1.88,   4.42650795
    153,         1.88,   4.27587318
    154,         1.88,   4.12523794
    155,         1.88,   3.97460318
    156,         1.88,   3.82396817
    157,         1.88,   3.67333341
    158,         1.88,    3.5226984
    159,         1.88,    3.3720634
    160,         1.88,   3.22142863
    161,         1.88,   3.07079363
    162,         1.88,   2.92015862
    163,         1.88,   2.76952386
    164,         1.88,   2.61888885
    165,         1.88,   2.46825385
    166,         1.88,   2.31761909
    167,         1.88,   2.16698408
    168,         1.88,   2.01634932
    169,         1.88,   1.86571431
    170,         1.88,   1.71507931
    171,         1.88,   1.56444442
    172,         1.88,   1.41380954
    173,         1.88,   1.26317465
    174,         1.88,   1.11253965
    175,         1.88,  0.961904764
    176,         1.88,   0.81126982
    177,         1.88,  0.660634935
    178,   2.03117657,   0.50999999
    179,   2.18235302,   0.50999999
    180,   2.33352947,   0.50999999
    181,   2.48470592,   0.50999999
    182,   2.63588238,   0.50999999
    183,   2.78705883,   0.50999999
    184,   2.93823528,   0.50999999
    185,   3.08941174,   0.50999999
    186,   3.24058819,   0.50999999
    187,   3.39176464,   0.50999999
    188,   3.54294109,   0.50999999
    189,   3.69411755,   0.50999999
    190,     3.845294,   0.50999999
    191,   3.99647069,   0.50999999
    192,    4.1476469,   0.50999999
    193,   4.29882336,   0.50999999
    194,   4.44999981,  0.806562483
    195,   4.44999981,   1.10312498
    196,   4.44999981,   1.39968753
    197,   4.44999981,   1.69624996
    198,   4.44999981,   1.99281251
    199,   4.44999981,   2.28937507
    200,   4.44999981,    2.5859375
    201,   4.44999981,   2.88249993
    202,   4.44999981,    3.1790626
    203,   4.44999981,   3.47562504
    204,   4.44999981,   3.77218747
    205,   4.44999981,    4.0687499
    206,   4.44999981,   4.36531258
    207,   4.44999981,   4.66187477
    208,   4.44999981,   4.95843744
    209,   4.44999981,   5.25500011
    210,   4.44999981,   5.55156231
    211,   4.44999981,   5.84812498
    212,   4.44999981,   6.14468765
    213,   4.44999981,   6.44124985
    214,   4.44999981,   6.73781252
    215,   4.44999981,   7.03437519
    216,   4.44999981,   7.33093739
    217,   4.44999981,   7.62750006
    218,   4.44999981,   7.92406273
    219,   4.44999981,   8.22062492
    220,   4.44999981,   8.51718712
    221,   4.44999981,   8.81375027
    222,   4.44999981,   9.11031246
    223,   4.44999981,   9.40687466
    224,   4.44999981,   9.70343781
    225,   4.15618181,          10.
    226,    3.8799119,          10.
    227,   3.62014174,          10.
    228,   3.37588596,          10.
    229,   3.14621806,          10.
    230,    2.9302671,          10.
    231,   2.72721338,          10.
    232,   2.53628683,          10.
    233,   2.35676312,          10.
    234,   2.18796134,          10.
    235,   2.02924085,          10.
    236,         1.88,  0.364285707
    237,         1.88,  0.218571424
    238,         1.88, 0.0728571415
    239,         1.88, -0.0728571415
    240,         1.88, -0.218571424
    241,         1.88, -0.364285707
    242,   2.03117657,  -0.50999999
    243,   2.18235302,  -0.50999999
    244,   2.33352947,  -0.50999999
    245,   2.48470592,  -0.50999999
    246,   2.63588238,  -0.50999999
    247,   2.78705883,  -0.50999999
    248,   2.93823528,  -0.50999999
    249,   3.08941174,  -0.50999999
    250,   3.24058819,  -0.50999999
    251,   3.39176464,  -0.50999999
    252,   3.54294109,  -0.50999999
    253,   3.69411755,  -0.50999999
    254,     3.845294,  -0.50999999
    255,   3.99647069,  -0.50999999
    256,    4.1476469,  -0.50999999
    257,   4.29882336,  -0.50999999
    258,   4.44999981, -0.364285707
    259,   4.44999981, -0.218571424
    260,   4.44999981, -0.0728571415
    261,   4.44999981, 0.0728571415
    262,   4.44999981,  0.218571424
    263,   4.44999981,  0.364285707
    264,         1.88,  -9.84936523
    265,         1.88,  -9.69873047
    266,         1.88,   -9.5480957
    267,         1.88,  -9.39745998
    268,         1.88,  -9.24682522
    269,         1.88,  -9.09619045
    270,         1.88,  -8.94555569
    271,         1.88,  -8.79492092
    272,         1.88,  -8.64428616
    273,         1.88,  -8.49365044
    274,         1.88,  -8.34301567
    275,         1.88,  -8.19238091
    276,         1.88,  -8.04174614
    277,         1.88,   -7.8911109
    278,         1.88,  -7.74047613
    279,         1.88,  -7.58984137
    280,         1.88,  -7.43920612
    281,         1.88,  -7.28857136
    282,         1.88,  -7.13793659
    283,         1.88,  -6.98730135
    284,         1.88,  -6.83666658
    285,         1.88,  -6.68603182
    286,         1.88,  -6.53539705
    287,         1.88,  -6.38476181
    288,         1.88,  -6.23412704
    289,         1.88,  -6.08349228
    290,         1.88,  -5.93285704
    291,         1.88,  -5.78222227
    292,         1.88,  -5.63158751
    293,         1.88,  -5.48095226
    294,         1.88,   -5.3303175
    295,         1.88,  -5.17968273
    296,         1.88,  -5.02904749
    297,         1.88,  -4.87841272
    298,         1.88,  -4.72777796
    299,         1.88,  -4.57714272
    300,         1.88,  -4.42650795
    301,         1.88,  -4.27587318
    302,         1.88,  -4.12523794
    303,         1.88,  -3.97460318
    304,         1.88,  -3.82396817
    305,         1.88,  -3.67333341
    306,         1.88,   -3.5226984
    307,         1.88,   -3.3720634
    308,         1.88,  -3.22142863
    309,         1.88,  -3.07079363
    310,         1.88,  -2.92015862
    311,         1.88,  -2.76952386
    312,         1.88,  -2.61888885
    313,         1.88,  -2.46825385
    314,         1.88,  -2.31761909
    315,         1.88,  -2.16698408
    316,         1.88,  -2.01634932
    317,         1.88,  -1.86571431
    318,         1.88,  -1.71507931
    319,         1.88,  -1.56444442
    320,         1.88,  -1.41380954
    321,         1.88,  -1.26317465
    322,         1.88,  -1.11253965
    323,         1.88, -0.961904764
    324,         1.88,  -0.81126982
    325,         1.88, -0.660634935
    326,   1.73666668,  -0.50999999
    327,   1.59333336,  -0.50999999
    328,   1.45000005, -0.946031749
    329,   1.45000005,  -1.09206355
    330,   1.45000005,  -1.23809528
    331,   1.45000005,  -1.38412702
    332,   1.45000005,  -1.53015876
    333,   1.45000005,   -1.6761905
    334,   1.45000005,  -1.82222223
    335,   1.45000005,  -1.96825397
    336,   1.45000005,  -2.11428571
    337,   1.45000005,  -2.26031756
    338,   1.45000005,  -2.40634918
    339,   1.45000005,  -2.55238104
    340,   1.45000005,  -2.69841266
    341,   1.45000005,  -2.84444451
    342,   1.45000005,  -2.99047613
    343,   1.45000005,  -3.13650799
    344,   1.45000005,  -3.28253961
    345,   1.45000005,  -3.42857146
    346,   1.45000005,  -3.57460308
    347,   1.45000005,  -3.72063494
    348,   1.45000005,  -3.86666656
    349,   1.45000005,  -4.01269865
    350,   1.45000005,  -4.15873003
    351,   1.45000005,  -4.30476189
    352,   1.45000005,  -4.45079374
    353,   1.45000005,   -4.5968256
    354,   1.45000005,  -4.74285698
    355,   1.45000005,  -4.88888884
    356,   1.45000005,  -5.03492069
    357,   1.45000005,  -5.18095255
    358,   1.45000005,  -5.32698393
    359,   1.45000005,  -5.47301579
    360,   1.45000005,  -5.61904764
    361,   1.45000005,   -5.7650795
    362,   1.45000005,  -5.91111088
    363,   1.45000005,  -6.05714273
    364,   1.45000005,  -6.20317459
    365,   1.45000005,  -6.34920645
    366,   1.45000005,   -6.4952383
    367,   1.45000005,  -6.64126968
    368,   1.45000005,  -6.78730154
    369,   1.45000005,   -6.9333334
    370,   1.45000005,  -7.07936525
    371,   1.45000005,  -7.22539663
    372,   1.45000005,  -7.37142849
    373,   1.45000005,  -7.51746035
    374,   1.45000005,   -7.6634922
    375,   1.45000005,  -7.80952358
    376,   1.45000005,  -7.95555544
    377,   1.45000005,   -8.1015873
    378,   1.45000005,  -8.24761868
    379,   1.45000005,  -8.39365101
    380,   1.45000005,  -8.53968239
    381,   1.45000005,  -8.68571472
    382,   1.45000005,   -8.8317461
    383,   1.45000005,  -8.97777748
    384,   1.45000005,  -9.12380981
    385,   1.45000005,  -9.26984119
    386,   1.45000005,  -9.41587257
    387,   1.45000005,  -9.56190491
    388,   1.45000005,  -9.70793629
    389,   1.45000005,  -9.85396862
    390,   1.59060991,         -10.
    391,   1.73392582,         -10.
    392,         4.75,   0.50999999
    393,   5.05000019,   0.50999999
    394,    5.3499999,   0.50999999
    395,    5.6500001,   0.50999999
    396,   5.94999981,   0.50999999
    397,         6.25,   0.50999999
    398,   6.55000019,   0.50999999
    399,    6.8499999,   0.50999999
    400,    7.1500001,   0.50999999
    401,   7.44999981,  0.806562483
    402,   7.44999981,   1.10312498
    403,   7.44999981,   1.39968753
    404,   7.44999981,   1.69624996
    405,   7.44999981,   1.99281251
    406,   7.44999981,   2.28937507
    407,   7.44999981,    2.5859375
    408,   7.44999981,   2.88249993
    409,   7.44999981,    3.1790626
    410,   7.44999981,   3.47562504
    411,   7.44999981,   3.77218747
    412,   7.44999981,    4.0687499
    413,   7.44999981,   4.36531258
    414,   7.44999981,   4.66187477
    415,   7.44999981,   4.95843744
    416,   7.44999981,   5.25500011
    417,   7.44999981,   5.55156231
    418,   7.44999981,   5.84812498
    419,   7.44999981,   6.14468765
    420,   7.44999981,   6.44124985
    421,   7.44999981,   6.73781252
    422,   7.44999981,   7.03437519
    423,   7.44999981,   7.33093739
    424,   7.44999981,   7.62750006
    425,   7.44999981,   7.92406273
    426,   7.44999981,   8.22062492
    427,   7.44999981,   8.51718712
    428,   7.44999981,   8.81375027
    429,   7.44999981,   9.11031246
    430,   7.44999981,   9.40687466
    431,   7.44999981,   9.70343781
    432,    7.1500001,          10.
    433,    6.8499999,          10.
    434,   6.55000019,          10.
    435,         6.25,          10.
    436,   5.94999981,          10.
    437,    5.6500001,          10.
    438,    5.3499999,          10.
    439,   5.05000019,          10.
    440,         4.75,          10.
    441,   4.44999981, -0.806562483
    442,   4.44999981,  -1.10312498
    443,   4.44999981,  -1.39968753
    444,   4.44999981,  -1.69624996
    445,   4.44999981,  -1.99281251
    446,   4.44999981,  -2.28937507
    447,   4.44999981,   -2.5859375
    448,   4.44999981,  -2.88249993
    449,   4.44999981,   -3.1790626
    450,   4.44999981,  -3.47562504
    451,   4.44999981,  -3.77218747
    452,   4.44999981,   -4.0687499
    453,   4.44999981,  -4.36531258
    454,   4.44999981,  -4.66187477
    455,   4.44999981,  -4.95843744
    456,   4.44999981,  -5.25500011
    457,   4.44999981,  -5.55156231
    458,   4.44999981,  -5.84812498
    459,   4.44999981,  -6.14468765
    460,   4.44999981,  -6.44124985
    461,   4.44999981,  -6.73781252
    462,   4.44999981,  -7.03437519
    463,   4.44999981,  -7.33093739
    464,   4.44999981,  -7.62750006
    465,   4.44999981,  -7.92406273
    466,   4.44999981,  -8.22062492
    467,   4.44999981,  -8.51718712
    468,   4.44999981,  -8.81375027
    469,   4.44999981,  -9.11031246
    470,   4.44999981,  -9.40687466
    471,   4.44999981,  -9.70343781
    472,         4.75,         -10.
    473,   5.05000019,         -10.
    474,    5.3499999,         -10.
    475,    5.6500001,         -10.
    476,   5.94999981,         -10.
    477,         6.25,         -10.
    478,   6.55000019,         -10.
    479,    6.8499999,         -10.
    480,    7.1500001,         -10.
    481,   7.44999981,  -9.70343781
    482,   7.44999981,  -9.40687466
    483,   7.44999981,  -9.11031246
    484,   7.44999981,  -8.81375027
    485,   7.44999981,  -8.51718712
    486,   7.44999981,  -8.22062492
    487,   7.44999981,  -7.92406273
    488,   7.44999981,  -7.62750006
    489,   7.44999981,  -7.33093739
    490,   7.44999981,  -7.03437519
    491,   7.44999981,  -6.73781252
    492,   7.44999981,  -6.44124985
    493,   7.44999981,  -6.14468765
    494,   7.44999981,  -5.84812498
    495,   7.44999981,  -5.55156231
    496,   7.44999981,  -5.25500011
    497,   7.44999981,  -4.95843744
    498,   7.44999981,  -4.66187477
    499,   7.44999981,  -4.36531258
    500,   7.44999981,   -4.0687499
    501,   7.44999981,  -3.77218747
    502,   7.44999981,  -3.47562504
    503,   7.44999981,   -3.1790626
    504,   7.44999981,  -2.88249993
    505,   7.44999981,   -2.5859375
    506,   7.44999981,  -2.28937507
    507,   7.44999981,  -1.99281251
    508,   7.44999981,  -1.69624996
    509,   7.44999981,  -1.39968753
    510,   7.44999981,  -1.10312498
    511,   7.44999981, -0.806562483
    512,    7.1500001,  -0.50999999
    513,    6.8499999,  -0.50999999
    514,   6.55000019,  -0.50999999
    515,         6.25,  -0.50999999
    516,   5.94999981,  -0.50999999
    517,    5.6500001,  -0.50999999
    518,    5.3499999,  -0.50999999
    519,   5.05000019,  -0.50999999
    520,         4.75,  -0.50999999
    521,   1.77250004,          10.
    522,   1.66499996,          10.
    523,       1.5575,          10.
    524,   1.45000005,   9.84876633
    525,   1.45000005,   9.69762802
    526,   1.45000005,   9.54658318
    527,   1.45000005,   9.39563274
    528,   1.45000005,   9.24477673
    529,   1.45000005,   9.09401608
    530,   1.45000005,   8.94334793
    531,   1.45000005,   8.79277515
    532,   1.45000005,   8.64229584
    533,   1.45000005,   8.49191093
    534,   1.45000005,   8.34161949
    535,   1.45000005,   8.19142246
    536,   1.45000005,   8.04131889
    537,   1.45000005,   7.89130926
    538,   1.45000005,   7.74139357
    539,   1.45000005,   7.59157133
    540,   1.45000005,   7.44184256
    541,   1.45000005,   7.29220772
    542,   1.45000005,   7.14266586
    543,   1.45000005,   6.99321795
    544,   1.45000005,   6.84386301
    545,   1.45000005,   6.69460154
    546,   1.45000005,   6.54543352
    547,   1.45000005,   6.39635849
    548,   1.45000005,   6.24737644
    549,   1.45000005,   6.09848785
    550,   1.45000005,   5.94969225
    551,   1.45000005,   5.80098963
    552,   1.45000005,   5.65237951
    553,   1.45000005,   5.50386238
    554,   1.45000005,   5.35543823
    555,   1.45000005,   5.20710707
    556,   1.45000005,   5.05886841
    557,   1.45000005,   4.91072178
    558,   1.45000005,   4.76266861
    559,   1.45000005,   4.61470747
    560,   1.45000005,   4.46683884
    561,   1.45000005,   4.31906223
    562,   1.45000005,   4.17137861
    563,   1.45000005,   4.02378702
    564,   1.45000005,   3.87628746
    565,   1.45000005,   3.72888017
    566,   1.45000005,   3.58156514
    567,   1.45000005,   3.43434191
    568,   1.45000005,    3.2872107
    569,   1.45000005,   3.14017153
    570,   1.45000005,   2.99322438
    571,   1.45000005,   2.84636879
    572,   1.45000005,   2.69960499
    573,   1.45000005,   2.55293298
    574,   1.45000005,   2.40635252
    575,   1.45000005,   2.25986362
    576,   1.45000005,    2.1134665
    577,   1.45000005,   1.96716058
    578,   1.45000005,    1.8209461
    579,   1.45000005,   1.67482305
    580,   1.45000005,   1.52879131
    581,   1.45000005,   1.38285077
    582,   1.45000005,   1.23700142
    583,   1.45000005,   1.09124327
    584,   1.45000005,  0.945576131
    585,   1.45000005,  0.654999971
    586,   1.59333336,   0.50999999
    587,   1.73666668,   0.50999999
    588,   7.44999981, -0.340000004
    589,   7.44999981, -0.170000002
    590,   7.44999981,  0.254999995
    591,   2.02924085,         -10.
    592,   2.18796134,         -10.
    593,   2.35676312,         -10.
    594,   2.53628683,         -10.
    595,   2.72721338,         -10.
    596,    2.9302671,         -10.
    597,   3.14621806,         -10.
    598,   3.37588596,         -10.
    599,   3.62014174,         -10.
    600,    3.8799119,         -10.
    601,   4.15618181,         -10.
    602,          -1.,  0.800000012
    603,  -1.14999998,  0.800000012
    604,  -1.29999995,  0.800000012
    605,  -1.61666667,  0.800000012
    606,   -1.7833333,  0.800000012
    607,  -1.95000005,   0.66508019
    608,   -1.7833333,   0.50999999
    609,  -1.61666667,   0.50999999
    610,   1.30758822,  0.800000012
    611,   1.18567395,  0.800000012
    612,   1.08130717,  0.800000012
    613,  0.991962135,  0.800000012
    614,   0.91547668,  0.800000012
    615,   1.45000005,  0.364285707
    616,   1.45000005,  0.218571424
    617,   1.45000005, 0.0728571415
    618,   1.45000005, -0.0728571415
    619,   1.45000005, -0.218571424
    620,   1.45000005, -0.364285707
    621, -0.850000024, -0.654999971
    622,   1.29999995,  -0.50999999
    623,   1.14999998,  -0.50999999
    624,           1.,  -0.50999999
    625,  -1.95000005,  0.364285707
    626,  -1.95000005,  0.218571424
    627,  -1.95000005, 0.0728571415
    628,  -1.95000005, -0.0728571415
    629,  -1.95000005, -0.218571424
    630,  -1.95000005, -0.364285707
    631,  0.141666666,   0.50999999
    632,  0.283333331,   0.50999999
    633,  0.425000012,   0.50999999
    634,  0.566666663,   0.50999999
    635,  0.708333313,   0.50999999
    636,  0.850000024,  0.866666675
    637,  0.850000024,  0.933333337
    638,  0.784952998,           1.
    639,  0.711022735,           1.
    640,  0.626995981,           1.
    641,  0.531493962,           1.
    642,  0.422949433,           1.
    643,  0.299581319,           1.
    644,  0.159365132,           1.
    645,  0.850000024,  0.364285707
    646,  0.850000024,  0.218571424
    647,  0.850000024, 0.0728571415
    648,  0.850000024, -0.0728571415
    649,  0.850000024, -0.218571424
    650,  0.850000024, -0.364285707
    651, -0.141666666,  -0.50999999
    652, -0.283333331,  -0.50999999
    653, -0.425000012,  -0.50999999
    654, -0.566666663,  -0.50999999
    655, -0.708333313,  -0.50999999
    656, -0.716630876,          -1.
    657, -0.580047905,          -1.
    658, -0.440173626,          -1.
    659, -0.296928674,          -1.
    660, -0.150231853,          -1.
    661,  0.581213474, -0.628232419
    662,   0.53434974, -0.863761485
    663,  0.450392693, -0.628822446
    664,  0.317990571, -0.643645525
    665,   0.40144217, -0.879144907
    666,  0.269328713, -0.878984272
    667,  0.368658096, -0.760816276
    668,  0.710184157, -0.647032976
    669,  0.579441845, -0.725881338
    670,  0.484368175, -0.747704804
    671,   0.13846314, -0.854771852
    672,  0.682546437, -0.807629526
    673,  0.168676525, -0.691343248
    674,  0.272967309, -0.781355321
    675,   1.03522551, -0.754172921
    676,   1.16208482, -0.721849322
    677,   1.30972302, -0.686675549
    678,   1.26441979,  0.556116462
    679,   1.13778996,  0.588361621
    680,   0.99025017,  0.623388946
    681, -0.533468783,  0.865104496
    682, -0.318799913,  0.645317435
    683, -0.450672507,  0.630713046
    684, -0.582190037,  0.629388213
    685, -0.710665166,  0.647037268
    686, -0.269684017,  0.879194021
    687, -0.401078671,  0.880393863
    688, -0.368635088,  0.762121081
    689, -0.485086143,  0.750950038
    690, -0.580146968,  0.726771116
    691, -0.138617292,  0.854776323
    692,   -0.6828686,  0.807836831
    693, -0.169215709,  0.691476882
    694, -0.273319334,  0.782029331
    695,  -1.26472437,  0.555915117
    696,  -1.13788867,  0.588220358
    697, -0.990269899,  0.623346388
    698,  -1.30500841,  0.203539044
    699,  -1.32875395,  -0.20638442
    700, -0.993412912,  0.207603917
    701, -0.972759366, 0.0681870356
    702,  -1.32873404, 0.0609056801
    703, -0.974006891, -0.0721914694
    704, -0.992682636,  -0.35497272
    705,  -1.34507298, -0.0725202337
    706, -0.971709967, -0.213411659
    707,  -1.15021551,  0.351262301
    708,  -1.29848111,  0.357076496
    709,  -1.25944805, -0.0727895126
    710,  -1.21410406, 0.0211937651
    711,  -1.14866471, -0.317867696
    712,  -1.21427143, -0.167021185
    713,  -1.14928365,   0.16960521
    714,   -1.1117295, -0.0727441534
    715,  -1.07216811, 0.0569590181
    716,  -1.30483091, -0.351343989
    717,  -1.00102544,  0.357991546
    718,  -1.07141709, -0.203146875
    719,  -1.61836898, -0.659174383
    720,  -1.78362346, -0.656242371
    721,   -1.4588058, -0.667732179
    722,  -1.02991581, -0.754109979
    723,  -1.15577948, -0.723128021
    724,   -1.3058871, -0.692070782
    725,   2.35390615,   9.52377701
    726,   2.70142627,   9.46792507
    727,   2.96105909,   9.60303879
    728,   3.39641285,   9.65819836
    729,   3.77006531,   9.66524982
    730,   4.10621977,   9.68381405
    731,   2.34537315,   9.07542992
    732,   2.62691522,   9.15707684
    733,   3.02565384,   9.22665691
    734,   3.41732383,   9.16465855
    735,   3.88920546,   9.33838654
    736,   4.15921021,   9.38501453
    737,   2.36935377,   8.72635651
    738,   2.74976158,   8.70536041
    739,   3.07487273,   8.82717896
    740,   3.32453203,   8.86467552
    741,   3.84935594,   8.88378334
    742,   4.13196421,   8.82272911
    743,   2.33604527,   8.28101349
    744,   2.61768913,    8.4352932
    745,   2.99183917,   8.44962883
    746,   3.42081666,   8.33870029
    747,   3.76894283,   8.33358002
    748,   4.05452776,   8.51053143
    749,   2.32889295,   7.97992897
    750,   2.65742159,   7.86843491
    751,   3.07971597,   7.91706944
    752,   3.67289901,   7.89326715
    753,   3.89283609,     7.920784
    754,   2.32513571,   7.54402208
    755,   2.69141626,   7.46546888
    756,   3.42978859,   7.55950594
    757,   4.07496357,   7.60377884
    758,    2.3102901,   7.07248116
    759,   2.60121989,   7.15154982
    760,   3.13280392,   7.02338266
    761,   3.41170239,   7.07180834
    762,   3.84670448,    7.2572298
    763,   4.13175774,   7.30903101
    764,   2.28356814,    6.6493144
    765,   2.55088067,   6.69845772
    766,   2.90093946,   6.70776987
    767,   3.30398321,   6.72248697
    768,    3.8440814,   6.77362728
    769,   4.12737656,   6.73016644
    770,   2.31671286,   6.21792507
    771,   2.62074375,   6.23640442
    772,   2.87882781,   6.37795448
    773,   3.42576098,   6.43093061
    774,   3.62814426,   6.33167601
    775,   4.06385088,   6.39178324
    776,   2.32554722,    5.9198041
    777,   2.64202952,   5.89668989
    778,    2.9753077,   5.84425735
    779,   3.36877346,    5.9632988
    780,   3.89242983,   5.95375919
    781,   4.15311241,   6.07562637
    782,   2.34163475,   5.46318007
    783,   2.67793369,   5.34436131
    784,   3.08808875,   5.39419079
    785,   3.50870275,   5.53369331
    786,   3.73456001,   5.60926962
    787,   4.02759838,   5.41896248
    788,   2.30873752,   5.02104425
    789,   2.64151645,   4.97564411
    790,   3.00240111,   5.10994387
    791,   3.39197755,   5.04214144
    792,   3.86986375,   5.06097651
    793,    4.1502924,   5.08398438
    794,   2.29608631,   4.59855127
    795,   2.58465314,   4.62991428
    796,   2.91674805,   4.65376329
    797,   3.33995438,    4.6422801
    798,   3.84820318,   4.51539803
    799,   4.13472557,   4.42734861
    800,   2.30724669,   4.31055021
    801,   2.98716426,   4.23613214
    802,   3.25343633,    4.2675252
    803,   3.67582321,   4.11472034
    804,   4.08102846,   4.11897707
    805,   2.31976652,   3.84582853
    806,   2.56864214,   3.82472587
    807,   2.97160244,   3.81491017
    808,   3.32325935,    3.8497324
    809,   3.83022285,   3.78570271
    810,   4.13158703,   3.78767228
    811,   2.29192829,   3.54836822
    812,   2.58505416,   3.48199034
    813,   3.03797746,   3.37143183
    814,   3.42120218,    3.2085619
    815,   3.80678558,   3.21037555
    816,   4.13893986,   3.19582486
    817,   2.36154079,   3.02501011
    818,   2.66262364,   2.97671366
    819,     3.006778,   3.00424409
    820,   3.53469825,   2.89225626
    821,   3.85006499,   2.91093469
    822,   4.14890909,   2.90388751
    823,   2.32836795,   2.58129239
    824,   2.65045094,    2.6954689
    825,   3.07343578,   2.51295066
    826,    3.3555572,   2.59928298
    827,   4.15270138,   2.61493134
    828,   2.32316947,   2.14229131
    829,   2.65206718,   2.22644019
    830,    3.0182879,    2.1745913
    831,   3.27749825,   2.20450282
    832,   3.78080463,   2.16650963
    833,   4.07556343,   2.00276065
    834,   2.28492618,    1.8752588
    835,   2.52678871,    1.8204813
    836,   3.07394004,   1.62815952
    837,   3.33338809,   1.70361829
    838,   3.62076974,   1.70830452
    839,   4.16468143,    1.6834898
    840,   2.38879132,   1.39338052
    841,   2.68004656,   1.33267176
    842,   2.96899629,   1.31537199
    843,   3.44157553,   1.22987056
    844,   3.75624561,   1.37910497
    845,   3.96343398,   1.38513267
    846,   2.33155513,  0.940530002
    847,   2.61821532,  0.925162554
    848,   3.04213214,  0.932727635
    849,   3.32613707,  0.951120436
    850,   3.61336064,  0.978917539
    851,   2.02396274,   7.72513294
    852,   2.02548075,   7.42355442
    853,   2.02120519,   7.12156439
    854,   2.01677108,   6.82297373
    855,   2.01722479,   6.52512789
    856,   2.02208829,   6.22725344
    857,   2.02600169,   5.92735291
    858,   2.02814341,   5.62579155
    859,   2.02639723,   5.32652998
    860,   2.02416992,   5.17680502
    861,   2.01996231,   4.87910461
    862,    2.0191915,   4.58158207
    863,   2.02235579,   4.28209829
    864,   2.02189994,   3.68059468
    865,   2.03049135,   3.37649918
    866,    2.0433588,   3.06691098
    867,   2.03215027,   2.75886369
    868,   2.02656507,   2.45732498
    869,    2.0218699,   2.16026354
    870,   2.02497005,   3.98149085
    871,   2.02372074,   7.87672806
    872,   2.02526951,    7.5741539
    873,   2.02417684,   7.27189493
    874,   2.01873422,    6.9721694
    875,   2.01593709,   6.67316532
    876,   2.01971984,   6.37672567
    877,   2.02431154,   6.07739449
    878,   2.02762747,   5.77661467
    879,   2.02813315,   5.47593975
    880,   2.02160883,   5.02805376
    881,   2.01874352,   4.73078775
    882,   2.02019787,   4.43270922
    883,   2.02430058,   4.13214588
    884,   2.02421784,   3.83175159
    885,   2.02268028,   3.53072381
    886,   2.04604125,   3.22297788
    887,   2.03754401,   2.91151738
    888,   2.02911139,   2.60784292
    889,   2.02424574,     2.307935
    890,    2.0201509,   2.01359558
    891,   2.03239727,  0.956345141
    892,   2.02204609,   1.86594915
    893,   2.04890227,   1.56695783
    894,   2.04229999,   1.26176858
    895,   2.02986884,  0.657474041
    896,   2.03278112,   1.71504533
    897,   2.04914618,   1.41676831
    898,   2.03658795,   1.10817778
    899,   2.03034472,  0.806282341
    900,    2.0355742,   9.54368019
    901,     2.035501,   9.23794842
    902,   2.04115772,   8.92965603
    903,   2.03270555,   8.62802792
    904,   2.02630472,   8.32452679
    905,   2.02444243,    8.0266037
    906,   2.03661776,   9.69496822
    907,   2.03489804,   9.39155197
    908,   2.03931856,    9.0822258
    909,    2.0387938,   8.77933311
    910,   2.02886033,   8.47468758
    911,    2.0258162,   8.17542744
    912,   4.29708433,  0.677523375
    913,    3.9964447,  0.708104372
    914,   2.62803674,  0.646457553
    915,    3.6767931,  0.679529786
    916,   3.22328019,   0.65529269
    917,   3.07451344,  0.651172042
    918,   2.47922277,   0.64816767
    919,   2.92556238,  0.648250163
    920,   2.32992244,  0.650984526
    921,   3.37270141,  0.660126984
    922,   4.16013908,  0.707271636
    923,   3.83504796,  0.694955945
    924,   3.52321291,  0.667838037
    925,   2.77707005,  0.646636307
    926,   2.18000531,  0.654282808
    927,   2.19555593,   9.84393787
    928,   2.36469793,   9.83801556
    929,   2.54434824,   9.82824993
    930,   2.73813176,   9.81582355
    931,   2.94636345,   9.80844307
    932,   3.16246247,   9.82052135
    933,   3.38488412,    9.8305769
    934,   3.61031985,    9.8315773
    935,   3.84501696,   9.80511284
    936,   2.19653559,   9.68922329
    937,   2.18018889,  0.800528288
    938,   2.17085791,   7.25144577
    939,    2.1628058,   6.37120295
    940,   2.15979433,   4.88039494
    941,   2.15757465,   4.58896351
    942,   2.17242575,   7.55756092
    943,   2.15879989,   6.95296383
    944,   2.17131543,   6.07245398
    945,   2.16838431,   7.85948849
    946,    2.1770885,    5.7717495
    947,   2.17024302,   5.17224121
    948,   2.16494179,   4.29347134
    949,   2.17405915,   3.99205685
    950,   2.16419554,   3.68844557
    951,   2.23285747,   3.23673415
    952,    2.1922853,   2.89721942
    953,    2.1784482,   2.59520197
    954,   2.16123247,   2.01267219
    955,   2.17158341,   2.29674768
    956,   2.15951014,   3.54338884
    957,   2.22254062,   1.41531503
    958,   2.20724654,   3.05642986
    959,   2.18435287,   2.74504709
    960,   2.17471528,   2.44573259
    961,   2.19037676,   1.10049057
    962,   2.18361092,  0.949460149
    963,   2.24772429,   1.58753741
    964,   2.15801787,   1.87438881
    965,   2.20374584,   1.25597179
    966,   2.18736076,   9.23090076
    967,   2.16766238,   7.70746231
    968,    2.1532352,   6.80686235
    969,   2.17637658,   5.32144499
    970,   2.18637371,   8.60583019
    971,   2.17375231,   8.00654697
    972,    2.1572473,    6.5168128
    973,   2.16805911,   6.22188282
    974,   2.18844771,   9.38441467
    975,   2.19784498,   9.07114315
    976,   2.17789769,   8.45144653
    977,   2.17762446,   8.15440845
    978,   2.15712285,   4.73499966
    979,   2.15999222,      4.44277
    980,    2.1708591,   4.14313173
    981,   2.17444634,   7.40524721
    982,   2.17471838,   5.92292929
    983,   2.17973185,   5.61952353
    984,   2.21146774,   8.91274929
    985,   2.91244435,  0.787505805
    986,   2.32895184,  0.794615805
    987,   3.20396566,  0.798935294
    988,   3.49690986,  0.818257093
    989,    2.6218493,   0.78553623
    990,    3.6495316,   0.83678335
    991,   3.99063993,  0.905323863
    992,   2.47605443,  0.789338171
    993,   3.05894566,  0.791965902
    994,   2.76765347,  0.784711838
    995,    3.8133862,  0.868434668
    996,    3.3503437,  0.806614339
    997,    2.3634336,   9.67883396
    998,   2.54028821,   9.66230774
    999,    2.7349124,   9.63911343
   1000,   3.18873787,   9.64891052
   1001,   2.34550142,   2.87652683
   1002,   2.52534628,   9.50224686
   1003,   2.88155794,   9.42064857
   1004,   2.39834762,   3.17131996
   1005,   2.32774925,   5.76883411
   1006,   2.29907036,   4.88160276
   1007,   2.32783079,   7.38567114
   1008,   2.30638838,   7.69063044
   1009,   2.33371687,    9.2269392
   1010,   2.29971194,   6.92641878
   1011,   2.32008219,   4.16008282
   1012,   2.32281876,   2.43506312
   1013,   2.33002162,   5.31326532
   1014,   2.33975005,   8.12900543
   1015,   2.33752131,   8.57493114
   1016,   2.30774474,   3.69145179
   1017,    2.3023057,   6.51482487
   1018,   2.30409145,   2.00658846
   1019,   2.43650007,   1.54057729
   1020,   2.35873795,   1.24169815
   1021,   2.90102506,  0.924421132
   1022,   3.18523932,  0.941174746
   1023,   2.19359708,   9.53624153
   1024,   2.47706699,  0.932151139
   1025,   3.22587895,   9.48908043
   1026,   2.34105802,   1.08988905
   1027,   2.33635211,   2.72864723
   1028,   3.47035456,  0.961336493
   1029,   2.29964852,   4.45744181
   1030,   4.19765377,  0.898064673
   1031,   2.32388639,   6.06848288
   1032,   2.50548434,   1.22210824
   1033,   2.49900937,   2.85596418
   1034,   2.89158082,   1.05565476
   1035,   2.50839806,   7.55239439
   1036,   2.47799468,   9.21257401
   1037,   2.17590284,     1.734164
   1038,   2.17072582,   3.39644003
   1039,   2.16411686,   5.02622509
   1040,   2.15160823,   6.66009808
   1041,   2.54458833,   1.36599314
   1042,    2.1789124,   8.30129528
   1043,   2.20306206,   8.75876904
   1044,   2.51180148,   2.99455047
   1045,    2.1651957,   7.09998178
   1046,   2.43311453,    4.7460742
   1047,   2.47515821,   5.76774263
   1048,   2.46699047,   4.18849182
   1049,   2.45550919,   6.37192678
   1050,   2.18067455,   5.46997643
   1051,    2.6697104,   9.30632591
   1052,   2.48033834,   2.56663561
   1053,   2.49256682,   7.93469429
   1054,   2.17106175,   3.84048462
   1055,   3.02870727,   1.06804681
   1056,    2.1676383,    2.1536386
   1057,    3.7478404,   1.22364688
   1058,   3.58614969,   1.10960352
   1059,   3.30721784,   1.09296215
   1060,    2.4408927,   1.98225605
   1061,   2.53380251,    8.6578722
   1062,   2.62298656,   1.06362426
   1063,   2.42704988,   3.52418184
   1064,   2.45254683,   7.03686762
   1065,   3.07621264,   9.47929001
   1066,    2.4678061,   5.14933157
   1067,   2.47860909,    5.2963419
   1068,   2.42344832,   6.75603437
   1069,   2.45110989,   3.68547368
   1070,   2.34347391,   9.37281704
   1071,   2.31426287,      7.83532
   1072,   2.50871205,   2.12686634
   1073,   2.48576927,   8.52125168
   1074,   2.75852227,   1.05393314
   1075,   2.50478196,   9.34971905
   1076,   2.42271447,   7.68444395
   1077,   2.64199543,   1.19861937
   1078,   2.88560605,   1.17221236
   1079,   2.49115825,   2.71173096
   1080,    2.4130106,   8.90208817
   1081,   2.60291982,   1.50833368
   1082,   2.31947327,   7.22519684
   1083,   2.43698597,   4.61279678
   1084,   2.48222542,   5.61942148
   1085,   2.51105285,   4.02097273
   1086,   2.46977925,   6.21829748
   1087,   2.47396541,   6.53994417
   1088,   2.46739817,   2.42759824
   1089,    2.3341043,   5.61480331
   1090,   2.51392388,   8.09580135
   1091,   2.33127117,   4.00627708
   1092,   2.32209921,   2.28617978
   1093,   2.35498357,   1.71892476
   1094,   2.35661435,   3.37431073
   1095,    2.4594605,   5.01096869
   1096,   2.39145565,   6.65142202
   1097,   3.01122403,    1.1974299
   1098,   2.52714872,   8.28091908
   1099,   2.84479523,   9.25739956
   1100,    3.9477427,   1.13647354
   1101,   3.14761615,   1.22841072
   1102,   4.20654917,   1.13196611
   1103,   2.44675756,    4.3355093
   1104,   2.48250747,   5.91501951
   1105,   2.54839325,   9.02134418
   1106,    2.4832325,   7.36090851
   1107,   2.65823936,   2.84312797
   1108,   2.49702549,   1.68182266
   1109,   2.53627419,   3.12376809
   1110,   2.43537807,    4.8807559
   1111,   2.60438061,   7.71189928
   1112,   2.65557408,   6.46648121
   1113,   2.82409406,   2.98234105
   1114,   2.81694722,   9.07584953
   1115,   2.63537502,   7.30892658
   1116,   2.69655609,   8.92892075
   1117,   3.12064004,   1.39671588
   1118,   2.46298242,   7.79140997
   1119,   2.79815197,   1.29495573
   1120,   2.64122891,   4.13161755
   1121,   2.64033175,   2.54548979
   1122,    2.6215589,   5.75470495
   1123,   2.81259847,   2.68915558
   1124,    2.6000154,    8.7968092
   1125,   2.59277105,   5.26395702
   1126,   2.58959079,   6.99846792
   1127,    2.6818316,   8.57520771
   1128,     2.464185,   7.19292498
   1129,   2.53148246,   5.45692158
   1130,   2.46163893,   3.84304309
   1131,   2.46714163,   2.28475666
   1132,   2.58129883,   4.36370707
   1133,   2.48729682,   6.06652021
   1134,   2.74690676,   1.45713842
   1135,   2.76779771,   3.23501301
   1136,   2.71985149,   4.80692482
   1137,   2.82339931,    2.5091157
   1138,   2.79173183,   6.47955513
   1139,    2.7952466,   4.11021423
   1140,   2.77254891,   5.69900656
   1141,   2.69413853,   6.64229059
   1142,   2.77388597,   7.61904287
   1143,   2.68164659,   1.66357112
   1144,   2.74530911,   2.35503507
   1145,   2.65858674,   3.94210434
   1146,   2.68216491,   5.56198359
   1147,   2.69539309,   8.03499222
   1148,   2.83931851,   8.82362938
   1149,   2.85140467,   7.36228275
   1150,   2.80978084,   3.11170077
   1151,   2.97483158,   1.50236297
   1152,   2.76637793,   5.20167017
   1153,   2.74476361,   6.80367613
   1154,   2.82843113,   8.50007725
   1155,   2.80572534,   5.97779989
   1156,    2.9723022,   2.69596148
   1157,   2.75473952,   4.29312563
   1158,   3.35446882,   1.49206591
   1159,    3.0170331,   9.09520626
   1160,   2.61004448,   3.69674039
   1161,   2.66096926,   1.99900413
   1162,   2.99344921,   7.22374105
   1163,     2.843961,   6.87246943
   1164,   3.58681989,   1.36080778
   1165,   2.95599413,   6.83793545
   1166,   2.89762568,   3.29208827
   1167,   2.99794602,   8.55894279
   1168,   2.87793064,   2.26812649
   1169,   2.75110364,   3.83998227
   1170,   2.81271243,    5.4516058
   1171,   2.88411069,     7.965312
   1172,   2.84759092,   7.78167677
   1173,   2.84092522,   6.58414173
   1174,   2.93625546,   1.68500924
   1175,   2.79876542,   5.85158825
   1176,   2.83240342,   5.03472281
   1177,   2.77955627,   8.36017418
   1178,   2.77247524,   2.13764811
   1179,   2.82827592,   3.73333192
   1180,   3.21945834,   1.55845702
   1181,    3.5543499,   1.48981714
   1182,   3.19566941,   9.06348419
   1183,   3.19229889,    2.8316772
   1184,    3.1562047,   8.93755054
   1185,   2.73135734,   4.49377918
   1186,   3.10537052,   7.34338808
   1187,   2.69216466,   4.38184404
   1188,   2.81810927,    3.4155848
   1189,   2.88852692,    8.6229744
   1190,   2.88392973,   3.60727739
   1191,   2.65816736,   1.82782984
   1192,   2.81948924,   1.94197404
   1193,   2.90498424,   4.43018961
   1194,   2.91911817,   5.29241848
   1195,    3.3858788,    9.0118084
   1196,   2.89709592,   4.84996557
   1197,   2.93120551,   6.02254772
   1198,   3.08812499,   8.09835148
   1199,    3.2591424,   3.03764081
   1200,   3.14983535,   2.66340995
   1201,   3.24853301,   7.18359089
   1202,   3.22985959,   8.72993565
   1203,   3.22156811,   8.45499229
   1204,   3.24291182,    7.4664464
   1205,   3.11367226,   6.80040693
   1206,    3.0602479,   6.62982893
   1207,   2.90955162,   3.96469951
   1208,   2.97560787,     2.392766
   1209,   3.46642089,   1.60321295
   1210,    3.0878849,   7.67840433
   1211,   3.16300726,   1.80321658
   1212,   3.22466874,   2.43560719
   1213,   3.36037636,   2.77137613
   1214,   3.36881518,   7.30719137
   1215,   3.71606517,   1.55245829
   1216,   3.47997451,     1.841308
   1217,   3.39615202,   8.61312103
   1218,    2.7311511,   8.20365906
   1219,   3.09947324,   6.09163713
   1220,    3.1070385,    4.4730382
   1221,   3.14569974,    8.2679348
   1222,   3.12385535,    2.3011322
   1223,   3.14545417,   3.86335158
   1224,   3.63923287,   9.13517284
   1225,   3.13995481,   3.22899294
   1226,   3.60135794,   8.95175743
   1227,   2.97941661,   5.61325598
   1228,   3.11816788,   4.89855433
   1229,    3.2298286,   9.33846283
   1230,   3.60084677,   9.66376686
   1231,   3.16459513,   5.20063543
   1232,   3.35782266,   6.91198015
   1233,   3.41765904,   9.49112701
   1234,    3.0167141,   3.66816306
   1235,   3.23466206,   6.53657866
   1236,   3.32154346,   7.73073149
   1237,   3.60493517,   2.64766455
   1238,   3.64447165,   9.32060337
   1239,   3.62334657,   7.02747107
   1240,   3.59157705,    8.4900856
   1241,   3.92082739,   1.62037146
   1242,   3.37011194,   2.34135175
   1243,   3.16779208,   2.07074094
   1244,   3.11643958,   4.66681099
   1245,    3.1670897,   5.89280367
   1246,   3.63954329,   1.98917985
   1247,   3.28836703,    3.7104671
   1248,    3.2199285,   5.68034029
   1249,   3.31925654,   1.95598102
   1250,    3.5816052,   3.09582567
   1251,   3.61890078,    7.2169528
   1252,   3.22662091,   5.04735851
   1253,   3.54887486,   7.39197254
   1254,   3.18159509,    3.5034976
   1255,    3.5239563,   8.77762604
   1256,   3.29264903,   5.46842909
   1257,   3.59048796,   6.83339548
   1258,   3.13156128,   6.37032032
   1259,   3.52576661,   6.63374376
   1260,   3.11703467,    4.3259449
   1261,   3.30346775,   8.19572639
   1262,    3.3597033,   5.25582933
   1263,   3.43898153,   5.75295162
   1264,   3.39813495,   3.59298229
   1265,    3.4520812,   2.10479403
   1266,   3.84758735,   9.53518772
   1267,    3.5558989,   2.26317263
   1268,   3.30987096,    4.4499774
   1269,    3.2863915,   3.34390998
   1270,   3.44254613,   2.46078491
   1271,    3.5673275,   8.21114063
   1272,   3.87069774,   7.01946497
   1273,   3.13406849,    4.0732007
   1274,    3.7768476,   7.47447634
   1275,   3.64918399,   7.67640114
   1276,   3.56731772,    3.3559494
   1277,   3.77058887,   6.53674793
   1278,   3.81779385,    1.8308351
   1279,   3.29392028,   7.93594503
   1280,   3.36995006,   4.84150362
   1281,   3.37537742,   4.01964474
   1282,   3.30480528,   6.20710945
   1283,   3.61616063,   2.44427872
   1284,   3.50642681,    6.1867609
   1285,   3.51084924,   8.01905918
   1286,    3.5893054,   3.93459558
   1287,   3.58385944,   4.58957243
   1288,   3.65446305,   8.06663418
   1289,   3.53109288,   4.39007998
   1290,   3.62628341,   3.53348851
   1291,    3.5768826,   5.29804373
   1292,   3.66045117,   5.83950949
   1293,   3.75877213,   8.67142773
   1294,   3.49598837,   3.77556372
   1295,   3.57962966,   6.03503942
   1296,   3.85434151,   2.39172816
   1297,   3.49006653,   7.90246964
   1298,   3.86622643,   4.00221395
   1299,    3.7947197,   6.17350864
   1300,   4.13646126,   2.32238173
   1301,   4.14342022,   3.48931313
   1302,   4.20075798,   1.39983034
   1303,   4.14781189,   7.02401352
   1304,   4.15001488,   4.73246098
   1305,   4.20065689,   5.78851175
   1306,     4.162817,   9.10548782
   1307,   3.87926936,   7.73980665
   1308,   3.89203119,   9.11488152
   1309,   3.78173137,   4.29485273
   1310,   3.86531258,    8.1360178
   1311,   3.96410155,   5.69913149
   1312,   3.86222911,    3.4987421
   1313,   3.80945587,   5.34972858
   1314,   3.87915373,   4.77525902
   1315,   4.14445639,   7.91574526
   1316,   4.13216305,   8.20143223
   1317,   3.61876011,   5.04921341
   1318,   2.03534269,   9.84636879
   1319,   4.23860359,   5.50996113
   1320,   4.29025269,   5.27386475
   1321,   3.87022185,    2.6446104
   1322,   3.76965284,   1.02025759
   1323,   2.76106858,  0.921374381
   1324,   3.45636392,   4.19985533
   1325,   3.62555528,   9.49721146
   1326,   3.61810446,   4.80943346
   1327,   3.65062356,   3.69270635
   1328,    3.7055974,    1.1191442
   1329,    3.4507041,    1.0992893
   1330,    3.1681478,   1.08221102
   1331,   2.48599792,   1.07679296
   1332,   2.32258725,   8.42716026
   1333,   2.28725505,    6.7876935
   1334,    2.3106401,   6.37034273
   1335,   2.31853938,   5.16371346
   1336,    2.2951684,    4.7401185
   1337,   2.27477741,   3.43628335
   1338,   3.41492963,   3.43372798
   1339,   2.47684073,   3.31589437
   1340,   2.27251339,   1.77411151
   1341,   3.48369527,   7.77666616
   1342,   3.11266327,   8.62098312
   1343,   3.41983223,   8.09514427
   1344,   3.58971071,   1.23466396
   1345,   3.04645872,    1.9534564
   1346,   3.29619551,   1.23130786
   1347,   3.46409249,   7.19542074
   1348,   3.42785954,   9.32695198
   1349,   3.16013741,   3.68789434
   1350,   3.22652435,   8.07688236
   1351,   2.76796794,   1.17722797
   1352,   2.99926233,   2.84810162
   1353,   2.99192739,   6.25026369
   1354,   2.98076057,   8.72661972
   1355,   2.96111798,   8.30698776
   1356,   2.91900635,   8.14241409
   1357,   2.58959317,   3.24659228
   1358,   3.44790816,   1.43983245
   1359,   2.69121718,   3.34848356
   1360,   2.98297954,   6.49141598
   1361,   2.95630956,   7.50301027
   1362,   2.96831679,    3.1540451
   1363,   3.44397521,   1.34575605
   1364,   2.91177988,   2.05492783
   1365,   3.30144501,   1.36397672
   1366,   2.95920563,   2.57590222
   1367,   2.45579314,   9.10343075
   1368,    2.4429543,   8.41577053
   1369,   3.21825719,   9.19832134
   1370,   3.04756951,   9.36513805
   1371,   2.43992305,   4.47613573
   1372,   2.40289354,    1.8493557
   1373,    2.8827951,   1.25898385
   1374,   2.83423758,   1.57456481
   1375,   2.44108725,   6.89042854
   1376,   2.84099221,   6.16367149
   1377,   3.04624844,   3.55298018
   1378,   2.94853759,   3.48474407
   1379,   2.82405734,   2.84317327
   1380,   2.67416024,   3.19143081
   1381,   2.66953993,   3.09710264
   1382,   2.75080347,   3.53763032
   1383,   2.72466993,     3.653862
   1384,   3.02967191,   8.99023247
   1385,   2.93714595,   8.92428589
   1386,   2.93202591,   1.86349106
   1387,   3.00462174,   1.78491437
   1388,   2.61018991,   4.24022818
   1389,   2.75331306,   6.30321836
   1390,   2.87423277,   1.39596844
   1391,   2.58203959,   4.49350882
   1392,   2.57590723,   4.76273108
   1393,    2.5506897,   4.87007427
   1394,   2.77520776,   7.23802233
   1395,   2.89209843,   7.13708448
   1396,     2.743294,   4.64530802
   1397,   2.53997326,   1.93538213
   1398,   2.83014965,   1.76200247
   1399,   2.76949215,   1.84202325
   1400,   2.59552407,    5.6453805
   1401,   2.67852354,   6.06952524
   1402,   2.60979199,   2.41157699
   1403,   2.57714891,   2.30633187
   1404,   2.96201324,   6.99292946
   1405,   2.81763339,   7.07661915
   1406,   2.83432794,   6.97707558
   1407,   2.58124495,   6.84653282
   1408,   2.62004876,   5.14555836
   1409,   2.57593656,   6.36084509
   1410,   2.72515202,   7.11164618
   1411,    2.7181952,   6.97347307
   1412,   2.04418993, -0.214977741
   1413,   4.28153515, 0.0683920681
   1414,   4.28665018,  0.215667173
   1415,   2.03317428,  0.223365441
   1416,   2.04151201,  0.077353172
   1417,   4.28963757, -0.0775162503
   1418,   4.29997063, -0.367530584
   1419,   2.05079746, -0.0680043846
   1420,   4.29704332, -0.223902702
   1421,   2.93467593,  0.360526592
   1422,   3.23425245, -0.381630808
   1423,   3.84024167,  0.389919966
   1424,   3.08352351, -0.386130303
   1425,   2.49335074, -0.389642954
   1426,   3.69591999,  -0.36360985
   1427,   3.55110693,  0.389840186
   1428,   3.09550619,   0.36430341
   1429,   2.64067507, -0.394725025
   1430,   2.48471951,  0.373495966
   1431,   2.63667393,  0.366220385
   1432,   3.84850049,  -0.37443316
   1433,   4.00111818, -0.376893252
   1434,   3.98869753,  0.379671574
   1435,   3.69432998,  0.394966006
   1436,   3.54041576,  -0.36836043
   1437,   3.25368738,  0.374077231
   1438,   2.78625941,  0.374248177
   1439,    2.3438437, -0.379109591
   1440,   3.40502286,  0.382658213
   1441,   3.38542461, -0.376606077
   1442,    2.9338398, -0.388723046
   1443,   2.78593826, -0.392121196
   1444,   2.33061647,  0.376172274
   1445,   2.18056178,  0.372134924
   1446,   2.03052998,    0.3674739
   1447,   2.24662709, -0.0608409904
   1448,   4.13194752, -0.0943793207
   1449,   4.08966494, 0.0607589483
   1450,   2.20291948, 0.0936566517
   1451,   2.64339399,  0.208227605
   1452,   3.22277546, -0.259749234
   1453,   2.36683035, -0.250834823
   1454,   2.33084226,  0.250483602
   1455,   3.52718115, -0.233451575
   1456,   3.27309799,  0.244522274
   1457,   2.91299653,  0.198682785
   1458,   3.56737995,  0.266548693
   1459,    2.9266386, -0.269786447
   1460,   2.64646935, -0.284494877
   1461,   3.97005105,   0.25116843
   1462,   3.70280766, -0.202548027
   1463,   3.07496476, -0.268054992
   1464,   3.82851338,  0.273192376
   1465,   3.42461848,  0.255305707
   1466,   2.51149559, -0.273679078
   1467,   4.15040159, -0.372707963
   1468,   4.00354195,  -0.25100565
   1469,   2.47774005,  0.252981037
   1470,   3.69545746,  0.283717781
   1471,   3.10968924,  0.229329184
   1472,    2.7823627,  0.265465349
   1473,   2.78134584, -0.270803392
   1474,   3.85999608, -0.251814216
   1475,   3.37136388, -0.250056058
   1476,   2.18529248,  0.234744027
   1477,   4.12321472,  0.222927243
   1478,   2.21079278, -0.222022101
   1479,   4.14739656, -0.235640883
   1480,   3.99201131,  -0.13322933
   1481,   2.39767575, 0.0332910158
   1482,   3.94506431, -0.033608187
   1483,   2.98959303, 0.0695101321
   1484,   3.20503879,  -0.14089644
   1485,   2.75841451, 0.0929696634
   1486,   3.14360857,  0.104329117
   1487,   3.29607558,  0.120829113
   1488,   3.44435358,  0.131285369
   1489,   3.34845138,  -0.12722607
   1490,   3.49180555, -0.108033717
   1491,   3.06411791, -0.155369788
   1492,   3.60701919,  0.128461033
   1493,   3.63097858, -0.065196991
   1494,   2.64857936, -0.191771582
   1495,   2.76148963, -0.126595035
   1496,   2.92335796, -0.159477845
   1497,   3.70089936,  0.191181153
   1498,   3.81794596, -0.0912029669
   1499,   2.53101754, 0.0919401795
   1500,   3.80181456,  0.156754121
   1501,   2.54858541, -0.155615374
   1502,   3.88539004, -0.160552025
   1503,   2.45617962,  0.162177801
   1504,   2.19196725, -0.367608964
   1505,   4.13989305,  0.368499547
   1506,   3.93430948,  0.132664561
   1507,   2.40927172, -0.132564515
   1508,   2.34672713,  0.132909238
   1509,   3.17844939, -0.0194393508
   1510,   3.32029724, -0.00276505109
   1511,   2.85910058, -0.00366946007
   1512,   2.61464477, -0.0246686991
   1513,   2.93859649, -0.0716165081
   1514,   3.04272032, -0.0431088917
   1515,   3.88412619,  0.042006094
   1516,   3.45615721, 0.0126073211
   1517,   3.74930906, 0.0287800748
   1518,   2.46324348, -0.041627489
   1519,   2.03690767, -0.362789124
   1520,   4.29378462,  0.363469929
   1521,   3.56709838, 0.0269038342
   1522,   1.59379292,  -9.26179218
   1523,   1.65224755,  -6.12611103
   1524,   1.62172902,  -5.88947821
   1525,   1.65811265,  -5.62724829
   1526,   1.66328752,  -5.33622408
   1527,   1.65632594,  -5.09765148
   1528,   1.68329561,  -4.69564533
   1529,   1.64731789,  -4.62408018
   1530,   1.67653215,  -3.34988046
   1531,   1.59260631,    -9.852314
   1532,   1.73717952, -0.658876359
   1533,   1.59378099, -0.804108739
   1534,    1.5938493,  -0.95165801
   1535,   1.59425259,  -8.52376938
   1536,   1.59417641,  -8.81896877
   1537,    1.5941608,  -9.11425209
   1538,   1.59393561,  -9.40949345
   1539,   1.59348047,  -9.70477772
   1540,   1.55161071,  -3.27870965
   1541,   1.59805489,  -3.60295749
   1542,   1.59465671,  -3.90100551
   1543,   1.58141005,  -4.18662357
   1544,   1.54771161,  -4.45078039
   1545,   1.55446446,  -4.69162178
   1546,   1.59438109,  -8.22861481
   1547,   1.59393549,  -9.55714321
   1548,   1.59509909,   -2.2795732
   1549,   1.59437299,  -2.57604861
   1550,   1.59428144,  -1.39436102
   1551,   1.59491897,   -1.6893872
   1552,    1.5952878,  -1.98445523
   1553,   1.59413135,  -1.09916353
   1554,   1.55408311,  -5.47627783
   1555,   1.58054614,  -2.87930012
   1556,   1.53597772,  -3.14599395
   1557,   1.60402071,  -3.43700242
   1558,   1.59656012,  -3.75379157
   1559,   1.58999228,  -4.04619217
   1560,   1.54330599,  -5.76309919
   1561,   1.53849852,  -6.03545427
   1562,   1.58031714,   -6.3088789
   1563,   1.59206629,  -6.60620403
   1564,   1.59153938,   -6.9012866
   1565,   1.59235752,  -7.19588089
   1566,   1.60773563,  -4.95781708
   1567,   1.55543256,  -5.19460869
   1568,   1.59074247,   -6.4564476
   1569,   1.59237218,  -6.75387573
   1570,   1.59241211,  -7.04837275
   1571,   1.59323025,  -7.34368944
   1572,   1.59390366,  -7.63893032
   1573,   1.59434366,  -7.93374443
   1574,   1.73721826,  -9.55262756
   1575,   1.73738575,  -9.25423145
   1576,   1.73746896,  -8.95590305
   1577,   1.77567422,  -4.87996626
   1578,   1.77586901,  -4.62900877
   1579,   1.70465755,  -4.35618544
   1580,   1.73377323,  -4.08616018
   1581,    1.7398262,  -3.78965068
   1582,   1.75231624,  -3.49536085
   1583,   1.75191832,  -3.19132662
   1584,   1.72542763,  -2.93825126
   1585,   1.73658395,  -2.59909272
   1586,   1.73825657,   -2.2988596
   1587,   1.76878619,  -5.18808603
   1588,   1.77103519,  -5.48195314
   1589,   1.76089561,  -5.80536318
   1590,   1.78686368,  -6.08712864
   1591,   1.73494387,  -6.41517639
   1592,   1.73584652,  -6.72000122
   1593,   1.73604834,  -7.01771212
   1594,   1.73665416,  -7.31593561
   1595,   1.73748612,  -7.61417532
   1596,    1.7379576,  -7.91218948
   1597,   1.73795927,  -8.21030235
   1598,   1.73780775,  -8.50854492
   1599,   1.73773086,  -8.80681038
   1600,   1.73768663,  -9.10512447
   1601,   1.73755419,  -9.40341759
   1602,   1.73703468,  -9.70186043
   1603,   1.73733401, -0.807790577
   1604,    1.7386024,  -2.00054979
   1605,   1.73829603,  -1.70229411
   1606,   1.73763442,  -1.40413499
   1607,   1.73749959, -0.956837833
   1608,     1.737589,  -1.25506854
   1609,     1.738096,  -1.55322862
   1610,   1.73775661,  -1.10592985
   1611,   1.59441519,  -8.96668243
   1612,   1.59265208,  -4.78032875
   1613,   1.59519982,  -1.83697331
   1614,   1.59527624,  -2.13209796
   1615,   1.59454679,  -8.37625694
   1616,   1.55262458,  -3.01626587
   1617,   1.59257376,  -2.72695899
   1618,   1.59496844,  -2.42756248
   1619,   1.59460604,  -8.08118343
   1620,   1.53561831,  -5.89844227
   1621,   1.56720865,  -5.06531572
   1622,   1.55466795,  -5.33264875
   1623,   1.55106926,  -5.62110233
   1624,   1.59445059,   -1.2466923
   1625,   1.59479487,  -1.54187965
   1626,   1.56762624,    -4.320086
   1627,   1.53586602,  -4.57504892
   1628,   1.59391177,  -7.49125099
   1629,   1.59440744,  -7.78626823
   1630,   1.76799953,  -5.63469219
   1631,   1.79302239,  -5.95153522
   1632,   1.79254711,  -4.74943066
   1633,   1.73656666,  -4.53843164
   1634,   1.72453773,  -4.22943592
   1635,   1.73748815,  -3.93836474
   1636,   1.74238908,  -3.64057994
   1637,   1.76824784,    -3.358042
   1638,   1.79389977,  -3.06909251
   1639,   1.73445106,  -2.75581574
   1640,   1.74283266,  -5.03077555
   1641,   1.77218378,  -5.33377218
   1642,   1.73849475,   -1.8513397
   1643,   1.59445238,  -8.67145824
   1644,   1.72901475,  -6.24298382
   1645,   1.73599529,  -6.56950951
   1646,    1.7379688,  -8.65771866
   1647,   1.73806763,  -8.35945415
   1648,   1.73814929,  -8.06123924
   1649,   1.73796773,  -7.76312256
   1650,    1.7374351,  -7.46500921
   1651,   1.73668265,  -7.16666985
   1652,   1.73634768,  -6.86872721
   1653,   1.73617589,   -9.8510561
   1654,   1.59405994, -0.657032013
   1655,   1.73854482,  -2.14975142
   1656,     1.554232,  -6.17273808
   1657,   1.73778284,  -2.44839811
   1658,   1.67158413,  -4.84718132
   1659,   1.65271163,  -4.47444296
   1660,   1.62511623,   -6.0089221
   1661,   1.64392495,  -5.76977587
   1662,    1.6623081,  -5.47989416
   1663,   1.66296017,  -5.20257235
   1664,   1.65772355,  -3.07338476
   1665,   1.71862555,  -4.75927401
   1666,   1.61001062,  -4.56256008
   1667,   1.64648855,  -3.24394083
   1668,   1.72118735,  -6.06776476
   1669,   1.71013439,   -5.9789834
   1670,   1.61018443,  -3.15162802
   1671,   1.69237387,  -5.89217377
   1672,    7.1605444,   9.41035748
   1673,   7.18834257,   7.34205437
   1674,   7.18922567,   7.63735533
   1675,   7.18827629,   6.15676355
   1676,   7.18829584,    6.4542985
   1677,   4.71177387,   2.57837725
   1678,   4.71272373,   3.16840029
   1679,   4.71250916,   3.75804663
   1680,   4.71189976,   3.46222639
   1681,   4.71120071,   2.87219262
   1682,   4.73907185,   1.09999526
   1683,   4.71240711,   2.28395987
   1684,   4.71790457,   1.98810422
   1685,   4.72688532,   1.69090331
   1686,   4.73248386,   1.39433658
   1687,   4.71106768,   4.94643736
   1688,   7.19418669,   3.78294897
   1689,   7.16617155,   9.11538219
   1690,   7.17181063,   8.81839275
   1691,   7.18165445,   8.52119064
   1692,   4.73104143,   8.81523895
   1693,   4.73654127,   9.11356163
   1694,   4.74115515,   9.41106129
   1695,   7.18882084,   8.22674084
   1696,   4.72485304,   8.51350403
   1697,   7.19103003,   7.93375635
   1698,   4.71778965,   8.21152973
   1699,   4.71201086,   7.91239977
   1700,   7.18839598,   7.04852581
   1701,   4.70676661,   7.02080536
   1702,   4.71029282,   6.13496733
   1703,   7.19079685,   5.26483583
   1704,   4.70983934,   5.24126911
   1705,   7.19199133,     4.375175
   1706,   4.71315289,   4.35287523
   1707,   7.19571304,   3.48894501
   1708,   7.19431162,   2.89540744
   1709,   7.18415737,   2.29856086
   1710,   7.16963863,   1.69544673
   1711,    7.1640029,   1.39630759
   1712,   7.15923691,   1.09896541
   1713,   7.15482473,  0.803243876
   1714,   4.70829058,   7.61288309
   1715,    4.7058239,   7.31385851
   1716,   7.18820763,   6.75274086
   1717,   4.70759678,   6.72495222
   1718,   4.70756388,   6.42648602
   1719,   7.18894863,   5.85928249
   1720,   7.19083118,   5.56344318
   1721,   4.71060133,    5.8355751
   1722,   4.70929003,   5.53517246
   1723,   7.19152164,   4.96807814
   1724,   7.19280195,    4.6734786
   1725,   4.71129322,   4.64812136
   1726,   7.19376373,   4.07943964
   1727,   4.71252871,   4.05245256
   1728,   7.19619322,   3.19304061
   1729,   7.19092369,   2.59958434
   1730,   7.17639875,   1.99799347
   1731,   6.26352739,   0.81445092
   1732,   5.63615847,   9.69616985
   1733,   5.04172945,   9.70736217
   1734,    5.3391695,    9.7029047
   1735,   5.93719721,   9.68293667
   1736,   6.24267292,   9.67334652
   1737,   6.55392075,   9.68914032
   1738,   5.96388292,  0.827351987
   1739,   5.65818644,   0.83716327
   1740,   5.34736252,  0.821568429
   1741,   4.74536848,   9.70655918
   1742,   6.93385696,   7.65824556
   1743,   6.93042517,   6.48186111
   1744,   4.97070074,   3.43654323
   1745,   4.96718884,   2.85138035
   1746,   5.01216459,   1.39078498
   1747,   4.96544695,   2.27576351
   1748,   4.97573042,   1.98620999
   1749,   6.87726641,   1.40288627
   1750,    6.8907218,   1.70868123
   1751,   6.92370033,   8.52287865
   1752,   4.96549797,    7.8840518
   1753,   6.93258858,   5.88562965
   1754,   6.93837357,   4.99311972
   1755,   4.96866226,   3.14257812
   1756,   5.00990057,   8.80278015
   1757,   4.99371862,   8.49421787
   1758,   6.92966032,   6.77986765
   1759,   4.95875931,   6.69657135
   1760,   4.96807241,   4.61975336
   1761,   6.94293976,   4.10200739
   1762,   6.90774632,   2.01746917
   1763,   6.94634104,   3.81057096
   1764,   6.94805861,   3.21949983
   1765,    6.8880558,    9.1194458
   1766,   5.02366352,   9.10665131
   1767,   6.93682384,   8.23630333
   1768,   4.97771835,   8.18479919
   1769,   6.93817902,   7.95126486
   1770,   4.95850229,    7.5822444
   1771,   4.96648932,   4.91381931
   1772,   4.96984482,   4.32167006
   1773,   4.96997023,   4.02135038
   1774,   4.96363401,   2.56070399
   1775,   6.93256187,   7.36861897
   1776,   4.95632076,   6.98887348
   1777,   4.95561361,   7.28256655
   1778,   6.93101454,   7.07742405
   1779,   4.96334124,   6.10728788
   1780,   4.95962095,   6.39672089
   1781,   6.93197823,   6.18838644
   1782,   4.96371412,   5.80561543
   1783,   6.93557215,   5.58827639
   1784,   4.96543407,   5.21019602
   1785,   4.96344185,   5.50306749
   1786,    6.9381299,    5.2933898
   1787,   6.93992996,   4.69857216
   1788,   6.94159222,    4.4023819
   1789,   4.96956015,    3.7261014
   1790,   6.94836092,   3.51745772
   1791,   6.94585323,   2.92567754
   1792,   6.93829632,    2.6284709
   1793,   6.92487812,   2.32603741
   1794,   5.00247431,   1.68869638
   1795,   6.89729023,   8.82077312
   1796,   5.03379488,   9.40868473
   1797,   5.61823177,   9.38705635
   1798,   6.24463367,   9.32633686
   1799,   5.98678923,   1.14405549
   1800,   5.32229424,   1.11363077
   1801,   6.56052303,  0.807520032
   1802,   6.85790968,  0.803971589
   1803,   5.91555309,   9.36537647
   1804,   5.65635633,   1.18400049
   1805,   5.32665253,   9.39942169
   1806,   6.57986784,   9.39675522
   1807,   6.86626196,   1.10202539
   1808,   6.67425251,   6.82399797
   1809,   6.68301249,   7.69417286
   1810,   6.67537022,   6.52946711
   1811,   5.21269703,   2.53244162
   1812,   5.22199821,   3.10330057
   1813,   5.21486998,   2.81406903
   1814,   5.22457075,    3.3915832
   1815,   5.22212839,   4.27299547
   1816,   6.69766331,   4.14388561
   1817,   6.70506382,   3.55991983
   1818,   5.21998978,    4.5672555
   1819,   6.69442797,   4.44372034
   1820,    5.2105298,   6.05883932
   1821,   5.20708323,   6.34994411
   1822,   5.21140432,   5.75697422
   1823,    6.6837101,   5.63109398
   1824,   6.69173765,   4.74243259
   1825,   5.21688938,   5.16106939
   1826,   5.22450209,   3.68046451
   1827,   5.22269678,   3.97178602
   1828,   6.68719673,   5.33727551
   1829,   6.68092585,   5.93365431
   1830,   5.21803045,   4.86054468
   1831,   5.21343088,   5.45474863
   1832,   6.68952942,   5.04054499
   1833,   6.70235538,   3.85551095
   1834,   6.67654848,   7.12097597
   1835,   6.68051672,   7.41096973
   1836,   6.67843676,   6.23518133
   1837,   6.70578909,   3.26623201
   1838,   6.70224142,    2.9737246
   1839,    5.2042923,   6.64751434
   1840,   5.19963932,    7.2374568
   1841,   5.20080519,   6.93963861
   1842,   5.20217705,   7.53401804
   1843,   5.21136284,   7.83479595
   1844,   6.68942738,   7.98034716
   1845,   5.20770073,   2.25897479
   1846,   6.69217396,   2.67601371
   1847,   5.22925329,   8.14044571
   1848,   5.25678682,   8.45523453
   1849,   6.69158888,    8.5130825
   1850,   6.60795641,   8.81405258
   1851,   6.69516373,   8.25342464
   1852,   6.67355108,   2.37029195
   1853,   6.64449215,   2.05727196
   1854,   5.20841169,   1.99659276
   1855,   6.61236668,   1.73953176
   1856,     5.292871,   1.69581306
   1857,   5.28866863,   8.77108288
   1858,   6.87304497,   9.40971088
   1859,   5.02757788,    1.1007874
   1860,   6.28091288,   1.12502098
   1861,   5.87053537,   9.03752708
   1862,   5.31153488,   9.08733559
   1863,   5.59720039,   9.06040859
   1864,   5.77911663,   1.49215639
   1865,   6.12369299,   9.01650715
   1866,   6.40929365,    9.1247139
   1867,   5.49293518,   1.38532829
   1868,   6.57283783,    1.1119374
   1869,   5.46778536,   2.20710897
   1870,   5.45235729,   2.49385023
   1871,   6.43643856,   7.74381304
   1872,   6.44850874,   8.01897621
   1873,   6.42937279,   2.43431354
   1874,   6.45089483,   2.73980832
   1875,   5.51413488,   8.39399433
   1876,   6.33156061,   1.78853393
   1877,   5.49108076,   1.85990906
   1878,   5.47384644,    8.0761013
   1879,   5.45229912,   7.77050352
   1880,   5.44306135,   7.47098207
   1881,   5.44689894,   6.58609295
   1882,    5.4422946,   6.87984848
   1883,   6.38559055,   2.12101316
   1884,   6.46458912,    3.3269453
   1885,   6.46060991,   3.03755569
   1886,   6.45346022,   4.20354271
   1887,   6.43409729,   5.69441891
   1888,   6.44161415,    5.0993104
   1889,   6.44910669,   4.50248957
   1890,   6.44516325,   4.80375576
   1891,   5.47285604,   4.20638609
   1892,   5.46993923,   4.50004005
   1893,   5.47534609,   3.90929461
   1894,   5.47826481,   3.61874962
   1895,   6.43763876,   5.39946127
   1896,   6.42573261,   6.29413366
   1897,   5.46669197,   4.79535913
   1898,    6.4586401,    3.9135654
   1899,   5.46010923,   5.39374256
   1900,   5.46374226,   5.09363651
   1901,   5.45679855,   5.69274855
   1902,   6.46256065,   3.62227678
   1903,   6.43095016,   5.99757528
   1904,   5.45454454,   5.99242926
   1905,   5.45047665,   6.28582478
   1906,   5.47681236,   3.33026314
   1907,   5.47059393,    3.0451169
   1908,   6.42209387,   6.59198952
   1909,   6.42945004,   7.46619987
   1910,   6.42216873,   6.88766956
   1911,   6.42570114,   7.18143272
   1912,   5.44093752,   7.17347383
   1913,   5.45928431,   2.76480889
   1914,   6.43481207,     8.305233
   1915,    6.4092927,   8.65058041
   1916,   6.58846951,   1.42382681
   1917,    6.6262064,   9.12491226
   1918,   5.27516031,   1.38545156
   1919,    6.0301857,   1.47359407
   1920,   6.29036522,   8.78521442
   1921,    5.7795949,     1.762362
   1922,    6.1228652,   8.74704266
   1923,   6.30220413,   1.45184004
   1924,   6.85804701,   9.70108795
   1925,   5.04237461,   0.80944854
   1926,   6.19073534,   7.81078386
   1927,   5.68302631,   2.44732547
   1928,   5.70713091,   2.69919777
   1929,   6.17844296,   7.53639841
   1930,   6.19142151,   2.51656651
   1931,   5.64555788,   2.25824142
   1932,   6.14153481,   2.21020079
   1933,   5.70997238,   7.99559927
   1934,   6.02956963,   1.86320698
   1935,   5.68937731,    7.6960659
   1936,    5.7599349,    8.3028698
   1937,   5.71989632,   2.97438502
   1938,    6.2119565,   2.81459093
   1939,   6.21979952,   8.06498623
   1940,   6.21985483,   3.10793781
   1941,   6.22119856,   3.39897919
   1942,   6.25672388,   8.25349808
   1943,   6.25111675,    8.5270319
   1944,    5.6835103,   6.81123352
   1945,   5.65014601,   1.98390448
   1946,   5.68835831,    6.5140152
   1947,   5.68239212,   7.39995003
   1948,   5.68229246,    7.1040597
   1949,    6.1760602,   6.36628723
   1950,    6.1730051,   6.66432762
   1951,    5.7287569,    3.5471859
   1952,   5.72560883,    3.2583158
   1953,   5.69745398,   5.91986275
   1954,     5.692904,   6.21482944
   1955,   6.21838093,   3.69115019
   1956,   6.21304083,   3.98333979
   1957,   5.70897818,   5.02161789
   1958,   5.71320438,   4.72162104
   1959,   5.70061302,    5.6196003
   1960,   5.70452118,   5.31975317
   1961,   6.19020319,   5.46979094
   1962,   6.18229008,   6.06891632
   1963,   6.18667889,   5.76987314
   1964,   6.20358753,   4.57237864
   1965,   6.19914246,   4.87344599
   1966,   6.19465971,   5.17248487
   1967,   6.20799685,   4.27701426
   1968,   5.71731424,   4.42518377
   1969,   5.72467518,    3.8372333
   1970,   5.72055149,   4.13054228
   1971,   6.17378664,   7.25210571
   1972,   6.17336369,   6.96010494
   1973,    5.5717144,   8.71983147
   1974,   5.87236834,   8.64703941
   1975,   5.93104267,   7.61600304
   1976,    5.9497323,   2.61208367
   1977,   5.96704483,   2.89565921
   1978,   5.95184612,   7.89844513
   1979,   5.90430164,   2.34076977
   1980,   5.80549002,   2.11051416
   1981,   5.99786377,     8.171628
   1982,   5.92646503,   7.32596922
   1983,   5.97361708,   3.18315387
   1984,   5.97469616,     3.473243
   1985,   5.92739105,   6.73812342
   1986,   5.92721558,   7.03237915
   1987,   5.93168974,   6.44031715
   1988,   5.93690538,   6.14222193
   1989,   5.97157383,   3.76419973
   1990,   5.95837831,   4.64722538
   1991,   5.96290636,   4.35087395
   1992,   5.94477606,   5.54494667
   1993,   5.94929743,   5.24605179
   1994,    5.9668355,   4.05689955
   1995,   5.94171667,   5.84459925
   1996,   5.95414782,   4.94719315
   1997,    6.0963192,      8.40063
   1998,     7.154984,   9.70480824
   1999,   4.74500275,  0.805461705
   2000,    6.3510313,   8.94229889
   2001,   5.55214167,   1.56687343
   2002,   5.60833549,   1.72648227
   2003,   5.38259506,   2.02073407
   2004,   6.51838112,   8.48960209
   2005,    7.1825161,  -7.66212511
   2006,    7.1840477,  -7.36578655
   2007,   7.18540573,  -6.47435474
   2008,   7.17533541,  -2.32121706
   2009,   4.71196508,  -2.58922434
   2010,   4.71084642,  -3.47387648
   2011,   4.70871496,   -3.1809268
   2012,   4.70854235,  -2.88614678
   2013,   4.71618462,  -2.29162502
   2014,   4.72254229,  -1.99320734
   2015,   4.72972202,  -1.69294477
   2016,   4.73565531,  -1.39455605
   2017,   4.74045849,  -1.09760332
   2018,   7.16773701,   -2.0164876
   2019,   7.18237734,  -2.62103105
   2020,   7.18701315,  -3.51043224
   2021,   7.18657875,  -4.39801598
   2022,   4.71199179,  -4.36211014
   2023,   7.18588495,   -5.2891016
   2024,   4.71222162,  -5.25058556
   2025,   7.18591022,  -6.17859316
   2026,   4.71220016,  -6.14096498
   2027,   7.18504715,  -7.06876707
   2028,   4.71305704,  -7.03075457
   2029,   4.71256495,  -7.32795382
   2030,   7.18186045,   -7.9564538
   2031,   4.71349907,  -7.62319565
   2032,   7.17935705,  -8.25094604
   2033,   4.71467686,  -7.91887188
   2034,   7.17548418,  -8.54466248
   2035,   4.71642256,   -8.2156992
   2036,     4.720644,  -8.51355362
   2037,   4.74126434,  -9.40918159
   2038,   4.73506165,  -9.11261177
   2039,   4.72702503,  -8.81269932
   2040,   7.17128706,  -8.83682251
   2041,   7.16134691,   -9.4195652
   2042,   4.71150112,  -6.73605156
   2043,   4.71100378,  -6.43975163
   2044,   7.18591928,  -6.77042294
   2045,   4.71103811,  -5.84586191
   2046,   4.71078777,  -5.54939747
   2047,   7.18590784,  -5.88165712
   2048,   7.18687582,  -5.58351278
   2049,   4.71101713,  -4.95595551
   2050,   4.71029377,  -4.66060305
   2051,   7.18655586,  -4.99151039
   2052,   7.18729973,   -4.6937108
   2053,   4.71065617,  -4.06731796
   2054,   4.70974493,   -3.7716856
   2055,   7.18714285,  -4.10224771
   2056,   7.18842459,   -3.8042326
   2057,    7.1879015,  -3.21344948
   2058,   7.18693113,  -2.91748118
   2059,   7.16085815,  -1.70988452
   2060,   7.15926552,  -1.40413022
   2061,   7.15663862,  -1.10392034
   2062,   5.93538952,   -0.8250404
   2063,    6.5502367,  -0.82319057
   2064,   6.26425886,  -9.71394348
   2065,   6.56290436,   -9.7164793
   2066,   5.65541601,  -9.68476868
   2067,   5.34808969,  -9.69168758
   2068,   5.96249771,   -9.7009306
   2069,   6.85996866,  -9.71446514
   2070,   6.23989487, -0.836969018
   2071,   5.63543606, -0.812111378
   2072,   5.04119778, -0.801416397
   2073,   5.33824492, -0.805237114
   2074,   7.15681744,  -9.71035862
   2075,   7.16716003,  -9.12859535
   2076,   4.74488497, -0.802760661
   2077,    6.9252882,   -7.3867054
   2078,   4.96098566,  -2.89945149
   2079,     4.962152,  -3.48174167
   2080,   4.97571182,  -2.30883336
   2081,   6.92873287,  -6.19974375
   2082,   6.89735031,  -2.04938889
   2083,   6.91580153,  -2.35577345
   2084,    5.0078783,   -1.7020092
   2085,   6.87467146,  -1.72763669
   2086,   4.96227789,    -3.777143
   2087,   4.96502352,  -4.36633873
   2088,   4.96613789,  -5.25417614
   2089,   6.92935896,   -5.9010644
   2090,    4.9681015,  -7.62268782
   2091,   6.92284489,  -7.68070555
   2092,   4.96759653,  -7.91585588
   2093,   6.91815662,  -7.97537899
   2094,   6.91094398,  -8.26981735
   2095,   5.01507759,  -9.10622978
   2096,   4.97994757,  -8.50594807
   2097,   6.92756414,  -7.08903551
   2098,   4.96640396,   -7.0341444
   2099,   4.96595907,   -6.1448102
   2100,   4.96516562,  -4.95908737
   2101,   4.96368361,  -4.66428328
   2102,   6.93247652,  -4.12337255
   2103,   4.95905781,  -3.19273257
   2104,   4.96480656,  -2.60823131
   2105,   6.87565756,  -1.40822208
   2106,   4.99082279,  -2.00850892
   2107,   4.96484613,  -5.55243397
   2108,   4.96536255,  -6.44303417
   2109,   4.96560287,  -7.33023834
   2110,   4.96970177,  -8.20713139
   2111,   6.90176439,   -8.5628891
   2112,   4.96482754,  -6.73967505
   2113,    6.9288168,   -6.7901845
   2114,   6.92994833,  -6.49112368
   2115,   4.96428156,  -5.84961653
   2116,   6.93016624,  -5.60286427
   2117,   6.93030977,  -5.30827904
   2118,   6.93050385,  -5.01072025
   2119,   6.93130875,  -4.71301651
   2120,   6.93298769,  -4.41497707
   2121,   4.96247101,  -4.07247972
   2122,   6.93371058,  -3.53447843
   2123,   6.93505239,  -3.82520938
   2124,    6.9308095,  -2.94808817
   2125,   6.93457413,   -3.2391789
   2126,    6.9264493,  -2.65343952
   2127,   4.99490976,  -8.80359173
   2128,   5.02176714,  -1.39860582
   2129,   5.61411333,  -1.11805248
   2130,   6.29054356,  -9.43349934
   2131,   5.67016077,  -9.33976555
   2132,   6.87077236,  -9.42934895
   2133,   6.23950386,  -1.18603587
   2134,   5.03229046,  -1.09833848
   2135,   5.33404064,  -9.38674355
   2136,   6.58019781,  -9.43535042
   2137,   5.91014767,  -1.14149547
   2138,   5.99704647,   -9.4109602
   2139,   6.57315874,  -1.12029564
   2140,   5.32396746,    -1.105793
   2141,   6.89217997,  -8.85456276
   2142,   6.67678738,  -7.09387636
   2143,   6.67375183,  -7.38917255
   2144,   6.67862844,  -6.20412397
   2145,   5.20759678,  -3.49560499
   2146,   5.20602036,  -2.92314601
   2147,   5.20833397,  -3.78724766
   2148,   5.20462894,  -3.21046495
   2149,   5.21158457,  -4.37393188
   2150,   6.67958307,  -5.90573311
   2151,   5.21326065,  -6.44921207
   2152,   6.67974854,  -5.31403923
   2153,   5.21301889,  -4.96548319
   2154,   5.21131372,  -4.67060804
   2155,   6.68657494,  -3.54749155
   2156,    6.6859026,  -3.25716352
   2157,   6.68265104,  -2.96950698
   2158,    5.2091217,  -4.08048439
   2159,   6.68064117,  -5.01547146
   2160,   6.68010807,  -5.60683441
   2161,   5.21283817,  -6.74556589
   2162,   5.21494675,  -7.62599516
   2163,   5.21362972,  -7.33474112
   2164,   5.21257782,  -7.04061508
   2165,   5.21260357,  -6.15202999
   2166,   5.21202707,  -5.85579538
   2167,   5.21195507,    -5.559021
   2168,   5.21218252,  -5.26203537
   2169,   6.68197727,  -4.71819162
   2170,   6.68481541,  -4.13043451
   2171,   6.68389225,  -4.42089176
   2172,   6.68716908,  -3.83532691
   2173,   6.67886162,  -2.68117762
   2174,   6.67839241,  -6.79494381
   2175,    6.6789031,  -6.49572897
   2176,   6.66973209,  -2.39403772
   2177,   5.21299982,  -7.91135263
   2178,   6.66862726,  -7.68369055
   2179,    5.2109251,  -2.63680768
   2180,   6.64744043,  -2.09326291
   2181,   6.66050482,  -7.97933626
   2182,   5.21020651,  -8.19531727
   2183,    6.6496067,   -8.2753315
   2184,   5.21959543,  -8.48559475
   2185,   5.22515392,   -2.3429842
   2186,   5.25097752,  -2.04041839
   2187,    5.2825942,  -1.72691357
   2188,   5.25387812,  -8.77716541
   2189,   6.57972527,  -1.75101888
   2190,   6.86571503,  -1.10755813
   2191,   5.03365993,  -9.40322971
   2192,   6.10752916,  -1.49193609
   2193,   6.06773758,  -9.13691902
   2194,   5.30599356,  -1.41390109
   2195,   5.58665371,  -1.43609917
   2196,   5.85581255,  -1.46339118
   2197,    6.5996356,  -9.15354919
   2198,   5.84591866,  -9.07895184
   2199,   6.40287352,  -1.39974773
   2200,   6.32791185,  -9.15349388
   2201,   5.53312492,  -9.04226017
   2202,   6.40844917,  -2.16099763
   2203,   6.35080576,  -1.91120839
   2204,   5.46650696,  -2.38546801
   2205,   5.45266104,  -2.67036986
   2206,   6.42539549,  -7.38212395
   2207,   5.45902634,  -7.63072395
   2208,   6.41964149,  -7.67645884
   2209,   5.45194244,  -7.91273069
   2210,   5.43254948,  -8.44793606
   2211,   5.51216269,  -8.72155952
   2212,   6.40984964,  -7.97450829
   2213,   5.43338633,  -8.18440819
   2214,   5.50083303,  -2.08672476
   2215,   6.43126631,   -5.9017911
   2216,    5.4519763,  -3.51176023
   2217,   6.43033075,  -6.79039717
   2218,   6.43054867,  -6.19791126
   2219,   5.45777655,  -7.34085417
   2220,   5.45618391,  -5.27040768
   2221,    5.4562068,  -6.45694494
   2222,   5.45558739,  -5.56729746
   2223,   6.43177748,  -5.30896282
   2224,   6.43813848,  -4.12844133
   2225,   5.45271873,  -3.79931307
   2226,   5.45540333,  -5.86381197
   2227,   6.43432093,  -4.71510935
   2228,   5.44928408,  -3.22992301
   2229,   5.45366192,  -4.09006977
   2230,   5.45624828,  -6.75319052
   2231,   5.45636654,  -7.04801226
   2232,   5.45544958,  -6.16044044
   2233,   6.43313122,  -5.01051044
   2234,    5.4562006,  -4.97389364
   2235,   5.45548534,  -4.67831612
   2236,   6.44025564,  -3.83732033
   2237,   5.45453262,  -4.38307905
   2238,   6.43639803,  -4.41867876
   2239,   6.44067287,  -3.55102348
   2240,   6.43178701,  -5.60323334
   2241,   6.43070507,  -6.49198484
   2242,    6.4393568,  -3.26560163
   2243,   6.43714428,  -2.98218369
   2244,   6.43383694,  -2.70482516
   2245,   6.42791557,  -2.43147612
   2246,   6.42897129,  -7.08591986
   2247,   5.44862175,  -2.94992471
   2248,   6.88308382,  -9.14321136
   2249,   6.63691187,  -8.57061672
   2250,   6.61487484,  -1.40617216
   2251,    5.2883153,  -9.08317757
   2252,   6.62103987,  -8.86423683
   2253,   5.92534161,  -8.82922745
   2254,   6.08082294,  -1.75478864
   2255,   6.12874699,  -8.85431385
   2256,   6.36467218,  -8.86463165
   2257,   5.04517221,  -9.69984722
   2258,   6.85456133, -0.811613321
   2259,    6.1466198,  -1.97169566
   2260,   5.70219517,   -2.4249258
   2261,   5.69022274,  -7.92852831
   2262,   6.17584419,  -7.66592312
   2263,   5.73236418,  -2.14450264
   2264,   6.16400671,  -7.96773672
   2265,   5.65585279,  -8.19874287
   2266,   5.69993258,  -7.34905005
   2267,   5.69404364,   -2.6984899
   2268,   6.18101501,  -7.37046862
   2269,   5.95399904,  -8.58009148
   2270,   5.69354343,  -2.97149849
   2271,   6.18362856,  -7.07575035
   2272,   6.19333315,  -3.54775143
   2273,   6.19219875,  -3.26551914
   2274,   6.18453932,  -5.89284182
   2275,   6.18437815,  -6.18894243
   2276,    5.6974597,  -3.52692604
   2277,    6.1846261,  -6.48443079
   2278,   5.69809198,  -5.27987671
   2279,   5.69795179,  -3.81188154
   2280,   5.69838524,   -4.3927536
   2281,   5.69776678,  -5.57667542
   2282,   6.18471909,  -6.78043175
   2283,   6.18632746,  -5.00274658
   2284,   6.18790674,  -4.70667887
   2285,    6.1926384,  -3.83198428
   2286,   5.69858265,  -4.68753767
   2287,   5.69752502,  -5.87320518
   2288,   6.19101334,  -4.12079382
   2289,     5.697577,  -6.16975212
   2290,   6.18558693,  -5.29960346
   2291,   5.69850969,  -4.98338842
   2292,   5.69817829,  -4.10102081
   2293,   6.18959045,  -4.41155338
   2294,   6.18547249,  -5.59532928
   2295,   5.69782352,  -6.46597862
   2296,   5.69875336,  -7.05636883
   2297,   5.69810295,  -6.76194191
   2298,   5.69526339,  -3.24688029
   2299,   6.18597078,   -2.7186954
   2300,   6.18462038,  -2.45401669
   2301,   6.39853239,  -8.27372551
   2302,   5.55288458,  -1.76738298
   2303,   5.82738209,   -1.8261615
   2304,    6.1568284,  -8.56996155
   2305,    5.9241519,  -7.95719385
   2306,   5.94036198,  -7.35903788
   2307,   5.94492579,  -3.82302928
   2308,   5.93887901,   -2.7145288
   2309,   5.94348764,   -4.4026742
   2310,   5.94070721,    -6.770895
   2311,   5.94113731,  -5.28973818
   2312,   5.93620253,  -7.65410566
   2313,   5.95072126,  -2.20391965
   2314,   5.94062185,  -6.47517967
   2315,   5.94050169,  -5.88297081
   2316,   5.94203186,  -4.99308681
   2317,   5.94065857,  -6.17923069
   2318,   5.94430685,  -4.11132002
   2319,   5.94111061,  -2.98411894
   2320,   6.38871002,  -8.57012367
   2321,   5.94112968,  -2.44906068
   2322,   5.98127842,  -2.00155234
   2323,   5.88881779,   -8.2919035
   2324,   5.94099283,  -7.06534386
   2325,   5.94352865,  -3.25828815
   2326,   5.94115496,  -5.58606291
   2327,   5.94300938,  -4.69713593
   2328,    6.1516881,  -8.27434731
   2329,   4.74658251,  -9.70377827
   2330,   7.15264225, -0.807303488
   2331,   5.70063925,  -8.97721004
   2332,   5.73301888,   -8.7879858
   2333,   6.33303547,  -1.59165072
   2334,   6.25497437,  -1.74843013
   2335,   5.79508543,  -8.61626244
   2336,    5.5958643,  -8.39484119
   2337,   5.69745398,   -8.5042963
   2338,   6.19015169,  -2.98634362
   2339,   6.17635202,  -2.20055676
   2340,   5.69781494,  -7.64068508
   2341,    5.9448247,  -3.53828359
   2342,   1.68140996,   2.49239802
   2343,   1.64250696,   4.50014687
   2344,   1.68154097,    4.8488059
   2345,   1.64930332,   5.12858677
   2346,   1.68068135,   5.38086176
   2347,   1.71203601,   5.73089981
   2348,   1.67842388,   5.99667692
   2349,   1.66654456,   6.24562931
   2350,   1.66455626,   6.53943062
   2351,   1.66417885,   6.83884192
   2352,   1.66414618,   7.13871622
   2353,   1.66420782,   7.43902922
   2354,   1.66455173,   7.73916292
   2355,   1.66628361,   8.18425751
   2356,   1.68427896,   8.45230293
   2357,    1.7631439,   8.67469406
   2358,   1.66519356,   9.85103226
   2359,   1.77245569,   9.85040379
   2360,    1.5940299,  0.656951249
   2361,   1.59429526,  0.803961694
   2362,   1.59448504,  0.951312423
   2363,   1.59476376,   1.09883606
   2364,   1.59539092,   1.39389622
   2365,   1.59609854,   1.68930697
   2366,   1.59770882,     1.987046
   2367,   1.59102654,   2.29614258
   2368,    1.5610956,   2.58478308
   2369,   1.58712959,   2.86895037
   2370,   1.59065974,   3.16650987
   2371,   1.59095216,   3.46255207
   2372,   1.59091997,   3.61145544
   2373,    1.5910635,   3.75981903
   2374,   1.59193349,   3.90820742
   2375,   1.59217036,   4.05736113
   2376,   1.58932018,   4.20687056
   2377,   1.57582283,   4.35057259
   2378,   1.55244017,   4.47948742
   2379,   1.56121695,   4.75796127
   2380,   1.59322858,   4.92513943
   2381,   1.53106415,   5.20417261
   2382,   1.58764517,   5.48126841
   2383,   1.57488894,   5.78155756
   2384,   1.56434155,   6.09797335
   2385,   1.55716527,   6.39354372
   2386,    1.5568918,    6.6915164
   2387,   1.55693638,   6.99066353
   2388,   1.55695963,   7.29024076
   2389,   1.55702221,    7.5900259
   2390,   1.55721343,   7.88991785
   2391,   1.55712891,   8.18758869
   2392,   1.56792212,    8.4807415
   2393,   1.55932307,   8.79800797
   2394,   1.72479773,   5.54662371
   2395,    1.7408973,   5.84340858
   2396,    1.7769618,    6.0983448
   2397,   1.77378607,   6.38819265
   2398,   1.77216792,   6.68728161
   2399,   1.77193236,   6.98769379
   2400,   1.77190018,   7.28839731
   2401,   1.77207637,   7.58907366
   2402,   1.77302682,   7.88951635
   2403,   1.79849303,   5.31763411
   2404,   1.74137759,   5.02838993
   2405,   1.77588344,   4.72973919
   2406,   1.72307253,    4.4183712
   2407,   1.73499417,   4.09207153
   2408,   1.73498118,   3.79150295
   2409,    1.7345835,   3.49220395
   2410,   1.73410189,   3.19316459
   2411,   1.72951043,   2.88784504
   2412,   1.77416873,   2.57522297
   2413,   1.73502064,   2.34485888
   2414,    1.7379241,   1.10577428
   2415,   1.73789608,   0.95664382
   2416,   1.73837936,    1.2549181
   2417,   1.73896134,   2.00328422
   2418,   1.73902714,   1.70243371
   2419,   1.73868203,   1.40397739
   2420,   1.73788857,  0.807642102
   2421,   1.77229452,   9.70009327
   2422,   1.66876292,   8.32388783
   2423,   1.72758961,    8.5650444
   2424,   1.77189183,   8.80686855
   2425,   1.76945698,   9.09655952
   2426,   1.77086556,   9.39860344
   2427,   1.77167547,   9.54928493
   2428,    1.7701534,   9.24731255
   2429,   1.55444086,    9.0953331
   2430,    1.5554353,     9.246912
   2431,   1.55675101,   9.39808273
   2432,   1.55701733,    9.5490284
   2433,   1.55721366,   9.69970894
   2434,   1.59517527,   1.24623561
   2435,   1.59569597,   1.54139352
   2436,   1.59664392,   1.83742094
   2437,   1.59796536,   2.13944435
   2438,   1.56972599,   2.44133115
   2439,   1.55204189,   4.61610985
   2440,   1.55236578,    5.0736413
   2441,   1.54308426,    5.3351655
   2442,   1.56656671,   5.64041567
   2443,   1.59635043,   5.93060684
   2444,   1.55864227,     6.245996
   2445,   1.55484498,   8.94594383
   2446,    1.7728703,   4.87374544
   2447,   1.77104867,   5.96312857
   2448,   1.77558506,   6.24092054
   2449,   1.77287126,   6.53755617
   2450,    1.7721653,   6.83767557
   2451,   1.77205336,   7.13824415
   2452,   1.77210891,   7.43899393
   2453,   1.77249277,   7.73962069
   2454,   1.77095687,   5.44082165
   2455,   1.78828633,   5.18746614
   2456,   1.73886406,   1.55307961
   2457,   1.77418363,   8.03902817
   2458,   1.77723515,    8.4225769
   2459,   1.77143383,   8.94869041
   2460,   1.55711675,   6.54240561
   2461,    1.7648083,   4.58558702
   2462,   1.73323846,   4.24703646
   2463,    1.5570612,   6.84127569
   2464,   1.73561752,   3.94138765
   2465,   1.57840335,   2.72068501
   2466,   1.73527217,    3.6421659
   2467,   1.55707991,   7.14061975
   2468,    1.7349894,   3.34293342
   2469,   1.55709159,   7.44035721
   2470,   1.73300672,   3.04240918
   2471,   1.59055078,   3.01791191
   2472,   1.55721772,    7.7402339
   2473,   1.72428131,    2.7147634
   2474,    1.8042047,   2.46544242
   2475,   1.55718625,   8.03947449
   2476,   1.59029794,   8.63751793
   2477,   1.73899984,   1.85200799
   2478,   1.59172058,   3.31474328
   2479,   1.55924702,   8.33446598
   2480,   1.73822236,   2.16053152
   2481,   1.55722439,   9.84986973
   2482,   1.73763657,  0.658753514
   2483,   1.77578413,   8.18563938
   2484,    1.7778393,   8.32178593
   2485,   1.64893293,   2.59163189
   2486,   1.66855013,    4.7372632
   2487,   1.66461134,    9.7002306
   2488,   1.66407645,   9.54946136
   2489,   1.66309798,     9.398489
   2490,   1.66178834,   9.24709129
   2491,   1.66115427,   9.09639835
   2492,   1.66188025,   8.94971371
   2493,   1.66421008,   8.81328297
   2494,   1.67337358,   8.70524311
   2495,   1.66553283,   8.03860569
   2496,   1.66508889,   7.88957405
   2497,   1.66450346,   7.58943129
   2498,   1.66435516,   7.28919077
   2499,    1.6643616,    6.9890542
   2500,   1.66451752,   6.68928146
   2501,   1.66552329,   6.39129591
   2502,   1.66943777,   6.10811043
   2503,   1.65878785,   4.60884476
   2504,   1.66813612,   5.64099598
   2505,   1.63037574,   5.28937817
   2506,   1.73293638,    5.3093462
   2507,   1.70386744,   5.22610712
   2508,   1.59831166,   5.20708704
   2509,   4.65026617, 0.0505306125
   2510,   4.61669731, -0.365003794
   2511,   4.64542055, -0.0967693031
   2512,   7.13067579, -0.302872747
   2513,    4.6888752,  0.188831717
   2514,   4.73690891,  0.336540848
   2515,   4.82721806, -0.120002121
   2516,   4.82395506, -0.294555306
   2517,   4.80030251, 0.00821211468
   2518,   5.05010223, -0.307034254
   2519,   7.13657665, -0.115214743
   2520,   6.63413286,  0.269504279
   2521,   6.33884573,  0.250809401
   2522,   6.03426981,  0.248992667
   2523,    5.7275219,  0.250486314
   2524,    5.4153142,   0.25148508
   2525,   6.81096315, -0.264706343
   2526,   6.49174166,  -0.25679788
   2527,   6.18336344, -0.257172018
   2528,   5.88300753, -0.261557311
   2529,   5.59065199, -0.271580994
   2530,   5.30875683, -0.290558487
   2531,   5.06887388,  0.239262968
   2532,   5.01125145, -0.0949364305
   2533,   6.78640938, -0.0102504464
   2534,   6.11349964, -0.00773439789
   2535,   5.50716496, -0.0134158954
   2536,   6.43097067, -0.0107550006
   2537,   5.80649519, -0.00736387912
   2538,   6.89190865,   0.30201292
   2539,   5.22438335, -0.0417365022
   2540,   7.17146683,  0.286485493
   2541,   4.64092445, -0.244954124
   2542,   7.17047977, 0.0651485473
   2543,   4.89881563, 0.0914481282
   2544,   6.93410826,  0.121382594
   2545,    2.3252728, -0.939984202
   2546,   2.61849523, -0.918260515
   2547,   3.03844476, -0.905240119
   2548,   3.31988144, -0.908149183
   2549,   3.74646068, -0.971662104
   2550,   3.98678946,  -1.03065526
   2551,   2.31792307,  -1.37382662
   2552,   2.66765451,  -1.33561397
   2553,    3.1465044,  -1.27528024
   2554,   3.39211774,  -1.39372742
   2555,   3.71312118,  -1.46339774
   2556,   3.98676109,  -1.36429596
   2557,   2.35455322,  -1.74976802
   2558,   2.78111076,  -1.79991603
   2559,   3.01591277,  -1.79143238
   2560,   3.41373229,  -1.69678783
   2561,   3.70486403,  -1.73224866
   2562,   4.11147738,  -1.72394645
   2563,   2.33704829,  -2.19661427
   2564,   2.65031385,  -2.15604401
   2565,    2.8926816,  -2.16433835
   2566,   3.41153765,  -2.23817945
   2567,   3.89241791,   -2.1095767
   2568,   4.16330576,   -2.0344522
   2569,   2.31261253,   -2.6099205
   2570,   2.59250379,  -2.58619308
   2571,   2.87558222,  -2.59843493
   2572,   3.22182655,  -2.45858812
   2573,   3.90425324,  -2.63350415
   2574,   4.17312717,  -2.61790419
   2575,   2.32802176,  -3.04479504
   2576,     2.642555,  -2.99948716
   2577,    3.0044682,  -2.93224144
   2578,   3.53436327,  -2.97098756
   2579,   3.85214925,  -2.93839455
   2580,   4.16591406,  -2.90938258
   2581,   2.33414674,  -3.34777832
   2582,   2.68022251,  -3.44081283
   2583,   3.13467097,   -3.3987267
   2584,   3.65101004,  -3.28640389
   2585,   3.90898252,  -3.22460055
   2586,   4.17889214,  -3.19498086
   2587,   2.34318113,  -3.81223464
   2588,    2.6579895,  -3.79840398
   2589,   2.96690702,  -3.81437898
   2590,   3.44454408,  -3.70726109
   2591,   3.91586566,  -3.74301171
   2592,   4.17609596,  -3.76480985
   2593,   2.35620308,  -4.30617523
   2594,   2.72238183,  -4.24689198
   2595,   3.08063126,  -4.15854502
   2596,   3.46516633,  -4.27938557
   2597,   3.79203486,  -4.22753668
   2598,   4.06356955,  -4.39282084
   2599,   2.31492877,  -4.61465406
   2600,   2.62029767,  -4.59278154
   2601,   3.04702568,  -4.60673428
   2602,    3.3459096,  -4.79793262
   2603,   3.54143858,  -4.71566916
   2604,    2.3130517,  -5.06423283
   2605,   2.63000154,   -5.1181488
   2606,   3.01862192,  -4.99016809
   2607,   3.38798165,  -4.96648073
   2608,   3.88822508,  -5.08659267
   2609,   4.16564798,  -5.01295471
   2610,   2.32057357,  -5.50203085
   2611,   2.63480067,   -5.4953537
   2612,    2.9804666,  -5.31572151
   2613,   3.36264968,  -5.36443806
   2614,   3.90873837,  -5.35476732
   2615,   4.18499041,  -5.29560137
   2616,   2.34480381,  -5.95860672
   2617,   2.64106631,  -5.80148602
   2618,   2.96043372,  -5.80111885
   2619,   3.74814343,  -5.88319874
   2620,   4.20249653,  -5.85899544
   2621,   2.34314919,   -6.2590971
   2622,   2.97048521,  -6.23885345
   2623,   3.44639778,  -6.23587561
   2624,   3.94673991,  -6.12695217
   2625,   4.19340658,   -6.1437211
   2626,   2.32337499,  -6.70924473
   2627,   2.63414216,  -6.75281096
   2628,   3.01851416,  -6.71039343
   2629,   3.49815583,  -6.73029661
   2630,   3.82211375,  -6.60845566
   2631,     4.103724,  -6.74731731
   2632,   2.30393028,   -7.1489048
   2633,   2.72441125,  -7.09141111
   2634,   2.96815991,  -7.11803722
   2635,   3.27996802,  -7.17361593
   2636,   3.88384485,  -7.10587168
   2637,   4.15781784,  -7.06536627
   2638,   2.27730989,  -7.53204012
   2639,   2.59791756,  -7.49084663
   2640,   2.97146964,  -7.52057457
   2641,   3.43649554,  -7.52547789
   2642,   3.84677887,  -7.40727329
   2643,   4.17354012,  -7.34691095
   2644,   2.37606549,  -7.94973278
   2645,   2.71213484,  -7.86465836
   2646,   3.00095439,  -7.98442316
   2647,   3.26517773,  -8.01387978
   2648,   3.68952751,  -7.93485117
   2649,   3.86825728,  -8.03056145
   2650,   2.33421707,   -8.3888588
   2651,    2.7193563,  -8.29012966
   2652,   3.03413653,  -8.44069767
   2653,   3.90663695,  -8.36550331
   2654,   4.12974358,  -8.19578362
   2655,   2.32002211,  -8.81941986
   2656,   2.74698663,  -8.82506657
   2657,    3.0907371,  -8.72097206
   2658,   3.38459492,   -8.6842556
   2659,   3.64793396,   -8.6999836
   2660,   4.20119667,   -8.5064888
   2661,   2.69021153,  -9.17902756
   2662,    3.0574398,  -9.20928764
   2663,   3.45019698,  -9.12197208
   2664,   3.64979482,  -9.02113342
   2665,   4.07793379,  -9.09432888
   2666,   2.32320929,  -9.53538227
   2667,   2.69534159,  -9.62119293
   2668,   3.10813046,  -9.59717083
   2669,   3.58113837,  -9.53725052
   2670,     3.847543,  -9.47995663
   2671,     4.135571,  -9.42177296
   2672,   2.03353381,  -2.16704822
   2673,   2.02510762,   -2.4678793
   2674,   2.02647638,  -2.76559114
   2675,   2.02823663,  -3.06518507
   2676,   2.02847362,  -3.36804962
   2677,   2.02772999,  -3.67254019
   2678,   2.02914691,  -3.97781205
   2679,   2.02977395,  -4.28207922
   2680,   2.02655745,  -4.58476973
   2681,   2.02449346,  -4.88815451
   2682,   2.02367449,  -5.18854523
   2683,   2.02380872,  -5.33880663
   2684,   2.02526736,  -5.63858461
   2685,   2.02836323,  -5.93996954
   2686,   2.02882123,  -6.23894739
   2687,    2.0247128,  -6.84070873
   2688,   2.02107406,  -7.13933039
   2689,   2.02273369,  -7.43562603
   2690,   2.04849482,  -7.74276638
   2691,   2.03795171,  -8.05505943
   2692,   2.02702141,   -8.3561945
   2693,   2.02567625,  -8.65459633
   2694,    2.0319171,  -8.95538139
   2695,   2.03129411,  -9.25421047
   2696,   2.02816057,  -9.55183411
   2697,   2.03238153,  -9.85028934
   2698,   2.02740169,  -6.54066563
   2699,   2.02778053,  -2.31800246
   2700,   2.02492046,  -2.61690521
   2701,   2.02724457,   -2.9149518
   2702,   2.02856874,  -3.21609521
   2703,    2.0288589,  -3.51968431
   2704,   2.02972937,  -3.82414818
   2705,   2.03139687,  -4.13067055
   2706,   2.02896667,  -4.43304253
   2707,    2.0252223,  -4.73699903
   2708,   2.02393293,  -5.03903341
   2709,   2.02460432,  -5.48879814
   2710,   2.02745676,  -5.78958797
   2711,   2.02945781,  -6.08989477
   2712,   2.02831554,  -6.38970184
   2713,    2.0262394,  -6.69108868
   2714,   2.02268338,    -6.990201
   2715,    2.0201292,   -7.2872014
   2716,   2.03311658,  -7.58854961
   2717,   2.04711819,  -7.89923286
   2718,   2.03187728,  -8.20675278
   2719,   2.02549195,  -8.50519371
   2720,   2.02843857,  -8.80559254
   2721,   2.03380394,  -9.10569477
   2722,   2.02655244,  -9.40186405
   2723,   2.03119016,  -9.70085239
   2724,   2.02617216, -0.954339445
   2725,   2.02293324,   -1.2506417
   2726,   2.02603984,  -1.54675174
   2727,   2.04904532,  -1.85777712
   2728,   2.02739024, -0.805877149
   2729,   2.02273703,  -1.39801455
   2730,     2.037395,  -1.70143938
   2731,   2.04321837,  -2.01315331
   2732,   2.02465057,  -1.10278761
   2733,    4.2841568, -0.783008814
   2734,   3.22130489, -0.640658736
   2735,   2.47879243, -0.647664249
   2736,    3.9730494,  -0.69843632
   2737,   3.67270947, -0.659329951
   2738,   3.07362652, -0.638711154
   2739,   2.62772632, -0.643591106
   2740,   2.17898512, -0.654886305
   2741,   4.12785006,  -0.73693943
   2742,    3.8226974,  -0.67492497
   2743,   3.52114344, -0.650287569
   2744,   2.77632594, -0.640422046
   2745,   3.36984158, -0.644338012
   2746,   2.92509651, -0.638755322
   2747,    2.3290019, -0.651556313
   2748,   2.19127631,  -9.84848881
   2749,   2.35900378,  -9.84159184
   2750,   2.53474283,  -9.82963753
   2751,   2.71990585,  -9.81627655
   2752,   2.91845632,  -9.80664539
   2753,   3.13361454,  -9.79762936
   2754,   3.36414552,  -9.78433514
   2755,   3.61339021,  -9.76289082
   2756,   3.87829757,  -9.73723221
   2757,   2.18598366,  -9.69769573
   2758,    2.1882267,  -1.67785621
   2759,    2.1721611,   -2.7607522
   2760,   2.17668343,  -3.05691981
   2761,   2.18168163,  -3.66627169
   2762,   2.16794086,  -5.19938707
   2763,   2.17412806,  -5.64559078
   2764,   2.17889881,  -5.79714012
   2765,   2.16984272,  -6.84662533
   2766,   2.15882993,  -7.42632771
   2767,   2.24061942,  -7.73176622
   2768,   2.18666983,  -8.96381378
   2769,   2.16778445,  -9.40757084
   2770,   2.18570566,  -3.97784519
   2771,   2.18757629,  -4.29122543
   2772,   2.18357825,  -5.94965696
   2773,   2.19626975,  -8.07468033
   2774,   2.16729736,  -1.38311768
   2775,   2.17377496,  -2.32251954
   2776,   2.16898966,  -2.61436033
   2777,   2.17453098,   -2.9079926
   2778,   2.17821193,  -3.20770359
   2779,    2.1812079,   -3.5127151
   2780,    2.1902597,   -4.1358366
   2781,   2.18108058,   -4.4432745
   2782,   2.16900063,  -4.74992943
   2783,    2.1855607,  -6.09896612
   2784,    2.1791029,  -6.39717865
   2785,   2.16535354,  -6.99514771
   2786,   2.15918255,  -7.28621721
   2787,   2.17442155,   -7.5710907
   2788,   2.21502161,  -7.91343784
   2789,   2.18595433,  -8.22439384
   2790,   2.17386532,  -8.51755524
   2791,   2.19327331,  -9.11754417
   2792,   2.16886854,  -2.46869302
   2793,   2.17340732,  -4.59761715
   2794,     2.168437,  -4.90135813
   2795,   2.16883683,  -5.34805107
   2796,   2.17695498,  -6.54868841
   2797,   2.17337584,  -8.66421509
   2798,   2.18366241,  -6.24739599
   2799,   2.18691301,   -9.2691431
   2800,    2.2080462,  -2.02279925
   2801,   2.17661715,  -0.80077374
   2802,   2.17472172, -0.947315872
   2803,   2.17286611,  -1.09427631
   2804,   2.17051649,  -1.24026883
   2805,   2.24474168,  -1.85051692
   2806,   2.16996741,   -1.5263207
   2807,    3.4946785, -0.786736786
   2808,   2.62146854, -0.779993594
   2809,   3.19969082, -0.773450494
   2810,   2.91237593, -0.769705057
   2811,   2.32619643, -0.794893742
   2812,   2.47465944, -0.787755668
   2813,   2.76687479, -0.773372769
   2814,   3.64275861, -0.803592741
   2815,   3.92629409, -0.863566935
   2816,   3.78646278, -0.828608274
   2817,   3.05686378, -0.770419061
   2818,    3.3449614, -0.777853727
   2819,    2.3482492,  -9.68347836
   2820,   3.33681965,  -9.57521915
   2821,   2.32372475,  -2.89712548
   2822,   2.32453561,  -1.23324561
   2823,    2.3582809,  -9.12789726
   2824,   2.30670929,  -1.50755799
   2825,   2.31071353,  -4.76689196
   2826,    2.3266964,   -5.6502285
   2827,   2.33459544,  -6.41129255
   2828,   2.34749031,  -3.97300553
   2829,   2.35753536,  -8.09864426
   2830,   2.31118679,  -2.47017789
   2831,   2.29205871,  -7.42181015
   2832,    2.3635447,   -7.5940361
   2833,   2.32879829,  -8.53235149
   2834,   2.33964491,  -3.49932146
   2835,   2.31135535,  -5.21042156
   2836,   2.31473804,  -6.85668898
   2837,   2.36519361,  -9.31439781
   2838,   2.42362547,  -1.92258489
   2839,   2.47313929,  -0.93018949
   2840,    2.4691124,  -9.48212242
   2841,   2.90045071, -0.900939882
   2842,   2.17434311,  -9.55102158
   2843,   2.51636267,  -9.65420437
   2844,   3.17692828, -0.911275923
   2845,   3.29892945,  -9.37455082
   2846,   3.87642694,  -1.00420749
   2847,   2.32608676,  -1.63981915
   2848,   2.32506418,  -1.08637261
   2849,   2.31745696,  -2.75236964
   2850,   2.35613942,  -6.11166573
   2851,   2.33581281,  -4.46232128
   2852,   2.46664095,  -1.61203802
   2853,   2.48253584,   -1.2263093
   2854,   2.47437167,  -2.87981153
   2855,   3.01440954,  -1.04334521
   2856,   2.43072295,  -7.44749546
   2857,    2.4146719,  -7.79870749
   2858,   2.42255878,  -1.50539219
   2859,   2.50733566,  -9.27791119
   2860,   2.18552017,  -3.81993508
   2861,    2.1617558,  -7.14262533
   2862,   2.17150903,  -5.49653196
   2863,   2.28590465,  -9.41894245
   2864,   2.17729259,  -8.81484985
   2865,   2.48216462,  -3.02506447
   2866,    2.1803689,  -3.35935402
   2867,   2.48855519,  -5.80148554
   2868,   2.44774914,  -4.78184128
   2869,    2.4916935,  -6.43372869
   2870,   3.30773473,  -1.02727079
   2871,   2.16791797,  -5.05106831
   2872,   2.45416665,  -2.60120678
   2873,   2.53675056,  -7.97799778
   2874,   2.51482654,  -1.77242327
   2875,   2.17379212,  -6.69852161
   2876,   2.17952466,  -8.37132359
   2877,   3.65316963,   -1.2465452
   2878,   2.47060585,  -8.69839191
   2879,   3.15962982,  -1.06483662
   2880,    2.5056076,  -3.47818303
   2881,   2.44001818,  -7.01236916
   2882,   4.01593876,  -1.15768445
   2883,   2.47526431,  -1.07539654
   2884,   2.46257377,  -5.35890341
   2885,   2.45036769,  -5.21890497
   2886,   2.64953399,  -9.39634037
   2887,   2.51434708,  -3.63384604
   2888,   2.46146321,   -6.8761034
   2889,   2.49482965,  -8.40560246
   2890,   3.52958131,  -9.32155228
   2891,    2.6347177,  -1.19920433
   2892,   2.46314573,  -2.73843026
   2893,   2.75804162,   -1.0376333
   2894,   2.48766708,  -7.65346241
   2895,   2.48728871,  -3.17465925
   2896,   2.33197451,  -3.19345117
   2897,   2.46131611,  -2.34563923
   2898,   2.51030827,  -5.95771313
   2899,   2.45808578,  -4.93052101
   2900,   3.44051552,  -1.03625715
   2901,   2.51744509,  -4.13411236
   2902,   2.55689478,  -4.33353949
   2903,   2.48624849,  -6.57899284
   2904,   2.31228423,  -4.91663456
   2905,   2.52624774,  -8.11916542
   2906,   2.32956123,   -6.5617671
   2907,   2.34715724,  -8.24253178
   2908,   2.34634519,  -8.96578121
   2909,   2.30080199,  -7.29011297
   2910,   2.47463059,  -5.50205135
   2911,   2.50698423,  -3.79875636
   2912,   3.57063365,  -1.06913292
   2913,   2.62067485,  -1.05751216
   2914,   2.87003493,   -9.4046793
   2915,   3.08853102,  -1.18405688
   2916,   3.24020553,  -1.17872691
   2917,   4.21645927,  -1.07946265
   2918,   2.50609016,  -6.28674078
   2919,   2.52412057,  -9.13160229
   2920,   2.44673157,   -4.6401391
   2921,   2.67120981,   -1.6749258
   2922,   2.48209786,  -5.65114784
   2923,   2.81742048,  -1.27964103
   2924,   2.65580344,  -3.95167136
   2925,   2.96405721,  -1.19767523
   2926,   2.80177045,  -1.59215415
   2927,   2.56429696,  -7.84050369
   2928,   2.49737954,  -1.39284778
   2929,   2.60834241,  -2.71589351
   2930,   2.45272684,  -2.47136283
   2931,   2.31903315,   -2.3318851
   2932,   3.46688151, -0.917210698
   2933,   2.59423304,  -1.54013395
   2934,    3.4541111,  -1.30015242
   2935,   2.89558578,  -9.60727024
   2936,    2.7077558,  -8.99272442
   2937,   2.63237643,  -6.33271217
   2938,   2.58279657,  -4.78316927
   2939,   2.64539027,  -3.14965224
   2940,   3.80420446,  -1.30906653
   2941,   2.56710005,  -5.22486496
   2942,   2.52045083,  -2.11150622
   2943,   2.68466282,  -2.27685738
   2944,   2.65115595,  -3.29920936
   2945,   2.63787746,  -5.65072346
   2946,   2.86068726,  -6.42864132
   2947,   2.66618371,  -4.10020971
   2948,   2.73278809,  -4.74401569
   2949,   2.59926176,  -2.46654058
   2950,   2.83044386,  -3.93997002
   2951,   2.80947208,  -3.13064671
   2952,   3.46227622,  -1.48448408
   2953,   3.88442516,  -1.57436824
   2954,    2.8768847,  -1.12969422
   2955,   2.89692998,  -1.70638752
   2956,   3.01854825,  -1.33987975
   2957,   2.49353886,   -2.2288959
   2958,   2.60647035,  -7.71191216
   2959,      2.87026,  -9.02729607
   2960,    2.6287396,   -2.8530519
   2961,   2.18691158,  -2.17604375
   2962,   2.78240824,  -5.28272724
   2963,   2.52990079,  -8.93563747
   2964,   2.87480998,  -1.40059412
   2965,   2.69001675,  -7.98825264
   2966,     2.749753,  -2.67339039
   2967,    2.7115407,  -3.61304164
   2968,   2.46048999,  -5.08152294
   2969,   2.49462605,  -3.32640672
   2970,   3.25104427,  -1.39594519
   2971,   2.47770572,  -6.72929144
   2972,   2.51911402,   -8.2605505
   2973,    2.4496398,  -7.30146837
   2974,   2.65913391,   -1.8851099
   2975,   2.81466699,   -7.9843092
   2976,   2.96728826,   -4.0454073
   2977,   2.69727468,  -8.12337971
   2978,   2.65312171,  -6.60106373
   2979,   2.76566958,  -1.97545826
   2980,    2.9370234,  -1.52028799
   2981,   2.60033488,  -4.93506575
   2982,   2.85872078,  -4.16006565
   2983,   2.85959101,  -3.70864844
   2984,   2.83034539,  -4.60865068
   2985,   2.81457019,  -6.17320967
   2986,    2.9315238,   -2.7532413
   2987,   2.79590201,  -5.48748064
   2988,   3.01251912,  -8.87066746
   2989,   2.86906815,  -9.20769501
   2990,   3.08739448,  -1.47415209
   2991,   2.61610317,  -7.30542135
   2992,   3.31671929,  -1.56078601
   2993,   2.88904476,   -3.3529954
   2994,   3.40467381,  -1.14762974
   2995,   2.79292369,  -5.82141972
   2996,   2.57777166,  -1.99529934
   2997,   2.62395191,  -6.92632294
   2998,   2.68136096,  -8.56749344
   2999,   2.87133288,  -3.51111603
   3000,   2.84914517,  -5.11332607
   3001,   2.56664276,  -6.12695408
   3002,    2.4871726,  -4.50129652
   3003,   2.83257198,  -6.62959814
   3004,   2.86974859,  -4.95768309
   3005,   3.00637078,  -5.14472342
   3006,   2.72464085,  -2.07233381
   3007,   3.08279777,  -9.39880466
   3008,   2.97306824,  -3.14952993
   3009,   2.77238131,  -2.44897842
   3010,   2.90848851,  -7.66226721
   3011,   2.79604483,  -7.47135448
   3012,   3.13553619,  -1.64567792
   3013,    2.9046638,  -5.66009617
   3014,   2.75134206,  -6.90055323
   3015,   2.83270907,  -8.43794823
   3016,   2.94265103,  -4.49608612
   3017,   3.03777933,  -6.00915527
   3018,   3.57535672,  -1.59836209
   3019,    2.7713089,  -6.01301241
   3020,   2.91870689,  -1.94512904
   3021,   3.07444859,   -2.6730814
   3022,    2.4449985,  -7.15543318
   3023,   3.21287441,  -4.03690243
   3024,    2.9871912,   -3.5801394
   3025,   2.89593673,  -8.75164413
   3026,   2.71078396,  -4.48153496
   3027,   2.82512045,  -7.27421379
   3028,   3.02656937,  -7.74865961
   3029,    3.2353673,  -3.56789231
   3030,   3.17897344,  -4.51365566
   3031,   3.24798322,  -6.13667107
   3032,   3.19680166,   -2.9750452
   3033,   3.51097536,  -1.84275854
   3034,   3.03226399,  -7.36164474
   3035,   2.97814536,  -8.33385372
   3036,   3.08595395,  -6.52708244
   3037,   3.03194499,   -4.7643075
   3038,   3.11002445,  -5.69247913
   3039,   3.32339811,  -4.16220045
   3040,   3.20890307,  -3.79775381
   3041,   3.16483235,  -3.17453361
   3042,   2.96536708,  -2.35223651
   3043,   3.38213468,  -3.15800786
   3044,   2.70516872,  -2.57401609
   3045,   3.36949944,  -2.07445955
   3046,   2.84751582,  -6.99800158
   3047,   3.13450909,  -4.71723413
   3048,   3.16587639,  -6.33344126
   3049,   3.22846508,  -7.41830826
   3050,   3.29178429,  -6.62927437
   3051,   3.02714157,  -4.85799837
   3052,   3.14424992,   -2.1274488
   3053,    3.1548264,  -8.26953888
   3054,   3.58919477,  -2.00086904
   3055,   3.16546774,  -5.32311964
   3056,   3.13612175,  -7.59908676
   3057,   3.38727427,  -3.90263081
   3058,   2.81362534,  -2.96775436
   3059,   3.39804792,    -5.159585
   3060,   3.17925644,  -4.84575129
   3061,   3.37272525,  -6.43015528
   3062,   3.18249011,  -2.29138899
   3063,   3.19155788,  -5.15536308
   3064,    3.1283555,  -1.97053087
   3065,   3.20677495,  -6.82261419
   3066,   3.16935396,  -8.43760109
   3067,   3.58342385,  -4.11994791
   3068,   3.60692096,  -3.09737802
   3069,   3.08833122,  -7.22092485
   3070,   3.10331607,  -6.98666286
   3071,   3.28733802,  -8.57964802
   3072,   3.40633821,  -6.94719934
   3073,   3.02914262,  -2.51883125
   3074,   3.43677258,  -2.42017698
   3075,   3.25185895,  -1.78049624
   3076,   3.59015036,  -6.51884937
   3077,   2.94509959,  -6.86641932
   3078,   3.60399795,  -4.91097927
   3079,   3.62636638,  -5.14732599
   3080,    2.9591527,  -8.57181168
   3081,   3.61758494,  -2.82385373
   3082,   3.55074644,  -7.29067564
   3083,   3.24509954,  -2.62867832
   3084,   3.63329744,  -7.04763174
   3085,   2.79055285,  -6.78392696
   3086,   3.15570021,  -8.61376286
   3087,   3.49253249,  -8.54841805
   3088,   3.71295547,  -6.81763983
   3089,   3.43954825,  -2.61167407
   3090,   3.26516819,  -8.77294064
   3091,   3.66476631,  -2.61526513
   3092,   3.66648245,  -6.31073475
   3093,   3.59749174,  -8.38016224
   3094,   3.73409843,  -8.21126938
   3095,   3.51419139,  -8.83529377
   3096,   3.38394237,  -8.22650051
   3097,   3.55732799,  -8.05544472
   3098,   3.66024065,  -7.70215654
   3099,   3.08993506,  -8.11743736
   3100,    3.2947495,   -7.7134037
   3101,    3.1488061,  -7.86485481
   3102,   4.15735292,  -9.71458817
   3103,   3.14567947,  -8.84125423
   3104,   3.43925452,  -3.52014661
   3105,   3.36223006,  -5.95645905
   3106,   3.32369423,  -4.40739536
   3107,    3.2539506,  -9.18074703
   3108,    4.0676198, -0.930374205
   3109,   4.18564653,  -3.48027062
   3110,   4.19786739,  -1.39972353
   3111,   4.19917154,  -5.57457209
   3112,   4.17589045,  -8.78521729
   3113,   4.13480473,  -4.71877766
   3114,   3.39100456,   -5.6608882
   3115,    3.6438899,  -2.18205833
   3116,   3.89568591,  -6.89347076
   3117,   3.78079081,  -9.23478603
   3118,   3.92703867,  -7.80942869
   3119,   4.02267647,  -8.52032948
   3120,   4.18732786,   -7.8918376
   3121,    3.6267314,  -4.41646719
   3122,   3.67530465,   -3.5002985
   3123,   3.36223602,  -8.93528557
   3124,   3.60446596,  -5.43410683
   3125,    3.2260797,  -5.83405924
   3126,   3.52524281,  -6.05151463
   3127,   3.44563365,   -4.5504837
   3128,   3.90396452,  -6.37513208
   3129,   4.14418602,  -4.05701208
   3130,   3.67104125,  -2.39139414
   3131,   3.94524956,  -5.60811329
   3132,   3.85317302,  -4.82119131
   3133,   3.82984257,  -8.87600136
   3134,   4.20504379,  -7.61357689
   3135,   4.17806005,  -2.32556272
   3136,   4.16622829,  -6.43065643
   3137,   3.92734981,  -3.48632789
   3138,   3.59100103,  -5.90438175
   3139,   3.70605946,  -5.66653872
   3140,   3.91698813,  -2.36199427
   3141,   3.77246261,  -4.59085417
   3142,   3.87925386,  -3.99362898
   3143,   2.02869987, -0.657474577
   3144,   3.94871473,  -8.68714142
   3145,   3.99487567,    -7.615376
   3146,   3.96574712,  -5.86927795
   3147,   3.82427406,  -1.89695346
   3148,   3.60860133, -0.940549314
   3149,   2.75977349, -0.906735957
   3150,   2.36992073,  -2.06078744
   3151,   2.34483838,  -3.65188217
   3152,   2.35600972,  -4.13964367
   3153,   2.31493926,  -5.35582304
   3154,   2.33510661,  -5.80247831
   3155,   2.30577087,  -7.00293493
   3156,   2.32150555,  -8.67490101
   3157,   3.63763952,  -3.93230653
   3158,   3.77235508,  -8.53546429
   3159,   3.72673512,  -6.10026503
   3160,   3.67171693,  -3.72239733
   3161,   3.20260286,  -8.99967575
   3162,   3.03640461,  -9.03008175
   3163,    3.8499608,  -1.14969432
   3164,   3.43880653,  -7.86964369
   3165,   3.70610046,  -1.11146533
   3166,   3.57572794,  -1.37415469
   3167,   3.27833128,  -4.64588356
   3168,   3.43014789,  -4.06056118
   3169,    3.1995132,  -4.27918386
   3170,   3.06971836,  -4.38991547
   3171,   3.32018256,  -1.92400372
   3172,   3.33275509,   -8.4462595
   3173,   2.87930441,  -8.87046719
   3174,   2.61166286,  -8.75742817
   3175,   3.50729394,  -5.78990126
   3176,   2.49357367,  -8.55263805
   3177,   2.43794227,  -8.81465912
   3178,   3.52065682,  -1.19130707
   3179,   2.88958812,  -1.02664876
   3180,   3.25433445,  -5.55485058
   3181,   3.41649485,  -2.79996276
   3182,   3.38096237,  -2.97769046
   3183,   2.95858121,  -4.27143431
   3184,   2.50614858,  -3.96336341
   3185,   3.29438233,   -3.6901474
   3186,   3.09102225,  -3.92347741
   3187,   2.73129296,  -1.46747458
   3188,   3.19650245,  -4.99153662
   3189,   2.82994318,  -4.37653637
   3190,   2.73355031,  -7.74413204
   3191,   3.33734107,  -1.25372148
   3192,   2.81663609,  -8.67674732
   3193,   3.12889838,  -1.85133731
   3194,   3.24274516,  -2.80298567
   3195,   3.40565157,  -3.33969116
   3196,   3.09521055,  -3.68569398
   3197,   3.13757682,  -5.46774912
   3198,   2.99020934,  -8.72622204
   3199,   2.98493028,  -5.52320814
   3200,   2.98532295,  -1.62161028
   3201,   2.88491106,  -7.87135172
   3202,   2.84296441,  -7.76107359
   3203,   2.77544212,  -7.61621475
   3204,   2.66048646,  -7.60436773
   3205,   2.94590497,  -4.69985676
   3206,   2.91377544,   -8.2058115
   3207,   2.86054897,  -8.07864952
   3208,   3.11205721,  -2.79777598
   3209,   2.55173945,  -4.66814423
   3210,   3.31763005,  -1.11546695
   3211,   2.63147378,  -8.42129421
   3212,   2.89095426,  -4.81462097
   3213,   2.58517075,  -2.36762547
   3214,   2.78579545,    -4.069417
   3215,   2.77183986,  -1.16475892
   3216,    2.6155901,  -5.34222841
   3217,   2.78344679,  -5.65373087
   3218,   2.63773274,   -5.9222436
   3219,    2.5895083,  -7.14575815
   3220,   2.55059814,  -7.02602673
   3221,   2.78074408,  -3.81552196
   3222,   2.71992946,  -6.26062489
   3223,   2.78784037,  -3.26171947
   3224,   2.78615284,  -2.81249833
   3225,   2.73182821,  -4.92462206
   3226,   2.73466468,  -5.05695248
   3227,   2.65749955,  -6.45483685
   3228,  -1.45987892,  0.666687608
   3229,  -1.61844468,  0.659920156
   3230,  -1.78366828,  0.659407794
   3231,  -1.03509557,  0.754696786
   3232,  -1.16203487,  0.723125994
   3233,  -1.31086099,  0.690664828
   3234,   1.02735794,  0.767677128
   3235,   1.08321941,   0.76643765
   3236,   1.14291346,  0.714973509
   3237,   1.31008947,  0.682147503
   3238,   1.01680279,  0.747044504
   3239,   1.59265935, -0.364131242
   3240,   1.73586452,  0.072752893
   3241,   1.73607206,  0.218578562
   3242,   1.59356797,  0.218624428
   3243,   1.59291673,  0.072747387
   3244,   1.59251082, -0.0729040504
   3245,   1.73592758, -0.072916396
   3246,   1.59307706,  0.363998443
   3247,   1.73572731,  -0.21839039
   3248,   1.59265125,   -0.2184432
   3249,   1.73623908, -0.364160568
   3250,   1.73643696,  0.364211291
   3251,  -1.26434362, -0.556078076
   3252,  -1.13777936, -0.588324368
   3253, -0.990250945, -0.623376191
   3254,   1.26472437, -0.555915117
   3255,   1.13788867, -0.588220358
   3256,  0.990269899, -0.623346388
   3257,  -1.56476521,  0.091826655
   3258,   -1.8284235, -0.232471868
   3259,  -1.83146787, -0.096080035
   3260,  -1.82285321, 0.0382195152
   3261,  -1.80822468,  0.176554069
   3262,  -1.76268291,  0.330749482
   3263,  -1.56868231,  0.225676119
   3264,  -1.57234347, -0.0426820479
   3265,  -1.58709788,  -0.18083024
   3266,  -1.72867727, -0.227554426
   3267,  -1.63539481, -0.335425943
   3268,  -1.69711864, -0.00270405994
   3269,  -1.68532455,  0.121807396
   3270,  -1.66706979,  0.221206784
   3271,   -1.8022455, -0.367344797
   3272,  -1.59760904,  0.364792705
   3273,  -1.70797586, -0.128258839
   3274,  0.750551939,  0.855043292
   3275,  0.770817995,  0.927055717
   3276,  0.636989057,  0.881701708
   3277,  0.511689126,  0.877345562
   3278,    0.7085464,  0.938897669
   3279,  0.486121386,  0.755487263
   3280,  0.398167044,  0.879999161
   3281,  0.611009657,   0.75800848
   3282,  0.369523048,  0.760322213
   3283,  0.278080255,   0.87764442
   3284,  0.173416197,  0.690883815
   3285,  0.456074506,  0.634708524
   3286,     0.590783,  0.635860801
   3287,  0.320980877,  0.644337773
   3288,  0.736234248,   0.76470226
   3289,  0.278575122,  0.780245006
   3290,  0.147054061,  0.855545521
   3291,  0.725373566,   0.63999337
   3292,  0.995157003,  0.203358188
   3293,    1.3257103, 0.0677974671
   3294,   1.30739892, -0.355070978
   3295,  0.971342444, -0.206500098
   3296,    1.3068248,  0.207359001
   3297,  0.971411884, 0.0607634224
   3298,   1.32564282, -0.0723835453
   3299,   1.32826209, -0.213531628
   3300,  0.955049992, -0.0726509392
   3301,   1.14991713,  0.351113617
   3302,   1.00161767,  0.356978118
   3303,   1.04078007, -0.0729897097
   3304,   1.08612978, 0.0209605452
   3305,   1.15144575, -0.318005353
   3306,   1.08590853, -0.167197511
   3307,   1.15090954,  0.169457525
   3308,   1.18840396, -0.0730139017
   3309,   1.22755992, 0.0567508265
   3310,   1.29906392,  0.357912719
   3311,  0.995204151, -0.351401836
   3312,   1.22865832, -0.203336135
   3313, -0.681470156, -0.803069413
   3314,  -0.53872484, -0.857217371
   3315, -0.314220846, -0.641377032
   3316, -0.576427221, -0.622887015
   3317, -0.445508927, -0.623738229
   3318, -0.409201533, -0.877419055
   3319, -0.275711924, -0.880798638
   3320, -0.368229926,  -0.75713855
   3321, -0.573855519, -0.716511965
   3322, -0.482391059, -0.740698636
   3323,   -0.1679167, -0.693391323
   3324, -0.142199352, -0.856843293
   3325, -0.709417522, -0.644973993
   3326, -0.275367469, -0.781285644
   3327, -0.138509288,  0.383881658
   3328, -0.148993522, -0.378639877
   3329, -0.279301584,  0.380275548
   3330,  0.706896126, -0.365764707
   3331,  0.565535605, -0.371184498
   3332,  0.425496668, -0.377682656
   3333,  0.281340092, -0.375913441
   3334,  0.566789389,  0.368046224
   3335,  0.425975621,  0.372495383
   3336,  0.284769326,  0.378220946
   3337, -0.421633542,   0.37440756
   3338, -0.564133346,  0.368900448
   3339, -0.286430568, -0.382067174
   3340, -0.425098628, -0.379638046
   3341, -0.00816855021, -0.374884546
   3342,  0.143730566,  0.383125991
   3343, 0.00183306786,  0.386116147
   3344,  0.135545537, -0.372784138
   3345,  0.699263453, 0.0719204769
   3346, -0.690265179, -0.0700894296
   3347,  0.704755843,  0.219384968
   3348, -0.698127329, -0.218394175
   3349,  0.693170309, -0.0739736333
   3350,  0.707640886,   0.36531356
   3351, -0.563762248, -0.371476173
   3352, -0.161625266, -0.248761222
   3353,  0.139834881,  0.266311765
   3354, -0.132018134,  0.264197975
   3355,  0.130535319, -0.234504178
   3356,  0.423783332, -0.254234612
   3357,  0.417300969,   0.23724933
   3358, -0.410935402,  0.241434082
   3359, -0.293491155, -0.256560624
   3360,  -0.26863271,  0.255003631
   3361,  0.276941031,  0.253723323
   3362,  0.282423824, -0.247426599
   3363, -0.423899829, -0.255316764
   3364, 0.00451558456,  0.270376325
   3365, -0.0213942528,  -0.23998487
   3366,  -0.69569999, 0.0745095834
   3367, -0.511873841, -0.0715011209
   3368,  0.544081807, 0.0790430754
   3369,  0.514704168, -0.0780479982
   3370,  0.558983684,  0.225062802
   3371, -0.553443074, -0.231197238
   3372,  0.555358469, -0.232509285
   3373, -0.555676699,  0.227925032
   3374, -0.389701903,   0.11041683
   3375,  0.132598311,  0.162209034
   3376, -0.114714473,  0.145870715
   3377, 0.0138603449,  0.159226581
   3378, -0.042442508, -0.108978108
   3379,  0.129080266, -0.0846100077
   3380,  0.257747978,  0.137335256
   3381, -0.183872014, -0.120369203
   3382,  0.298213184, -0.127473578
   3383, -0.247108206,  0.130111054
   3384, -0.539249778, 0.0839596614
   3385,  0.353149891, -0.0174606573
   3386,  0.700705469, -0.220414504
   3387,   -0.3552652, -0.015902631
   3388, -0.0809834599,  0.019232478
   3389, -0.215404823, 0.0036815377
   3390,  0.215765908, 0.0267669819
   3391,  0.128906131, 0.0788175687
   3392,  0.394521177,  0.107015043
   3393, -0.414544135, -0.155448839
   3394,  0.413461119, -0.157246232
   3395, -0.702260315,  0.220429897
   3396, -0.705384552, -0.365669459
   3397, -0.706523061,  0.365372747
   3398, -0.312956899,  -0.13363634
   3399, 0.0468603112, 0.0421559997
   3400,  0.437696338, -0.569411218
   3401,  0.354166687,  -0.50999999
   3402,  0.300661951, -0.576822758
   3403,  0.384191632, -0.636233985
   3404,  0.550508201, -0.931880713
   3405,  0.467895955, -0.871453166
   3406,  0.413221091, -0.939572453
   3407,  0.495833337,          -1.
   3408,  0.220821917, -0.736349285
   3409,  0.153569832,  -0.77305758
   3410,  0.203895926, -0.866878033
   3411,  0.271148026, -0.830169797
   3412,           0., -0.918333292
   3413, 0.0708333328,          -1.
   3414,  0.140064895, -0.927385926
   3415, 0.0692315698, -0.845719218
   3416,  0.709258735, -0.578516483
   3417,  0.637499988,  -0.50999999
   3418,  0.573940039, -0.569116235
   3419,  0.645698786, -0.637632728
   3420,  0.850000024, -0.727499962
   3421,   0.78009212, -0.651016474
   3422,  0.696365297, -0.727331281
   3423,   0.76627326, -0.803814769
   3424,  0.695439875, -0.903814793
   3425,  0.608448088, -0.835695505
   3426,  0.637499988,          -1.
   3427,  0.850000024, -0.899999976
   3428,  0.779166639,          -1.
   3429,  0.850000024, -0.582499981
   3430,  0.779166639,  -0.50999999
   3431,  0.515803099, -0.628527403
   3432,  0.495833337,  -0.50999999
   3433,  0.426513135,  -0.75426054
   3434,  0.385050118, -0.819980621
   3435,  0.509358943, -0.805733144
   3436,  0.155171603, -0.600671649
   3437,  0.243333548, -0.667494416
   3438,  0.212500006,  -0.50999999
   3439, 0.0843382627, -0.682338297
   3440, 0.0708333328,  -0.50999999
   3441,           0., -0.591666698
   3442,  0.531904995, -0.736793041
   3443,  0.630994141, -0.766755462
   3444,  0.335385442,  -0.87906456
   3445,  0.276331007, -0.939492106
   3446,  0.354166687,          -1.
   3447,  0.467380434, -0.688263655
   3448,   0.58032763, -0.677056909
   3449,  0.320812702, -0.771085799
   3450,  0.212500006,          -1.
   3451,  0.343324333,  -0.70223093
   3452,           0., -0.754999995
   3453,   1.30486155, -0.634587765
   3454,   1.37986159,  -0.67083776
   3455,   1.45000005, -0.582499981
   3456,        1.375, -0.546249986
   3457,  0.925000012, -0.763750017
   3458,  0.925000012, -0.800000012
   3459,    1.0176127, -0.777086496
   3460,    1.0176127, -0.740836501
   3461,   1.07500005, -0.800000012
   3462,   1.15604234, -0.760924697
   3463,   1.09865522, -0.738011122
   3464,   1.30486155,  -0.74333775
   3465,   1.23590398, -0.704262435
   3466,    1.2249999, -0.800000012
   3467,   1.15604234, -0.688424647
   3468,   1.22500002, -0.618750036
   3469,   1.45000005, -0.727499962
   3470,        1.375, -0.800000012
   3471,   1.07500005, -0.691250026
   3472,   1.20110488,  0.572239041
   3473,   1.14389491,  0.549180806
   3474,    1.2249999,   0.50999999
   3475,   1.28220987,  0.533058226
   3476,  0.925000012,  0.763750017
   3477,  0.850000024,  0.727499962
   3478,  0.920125127,  0.639194489
   3479,  0.995125055,  0.675444484
   3480,   1.07500005,  0.691250026
   3481,   1.06402004,  0.605875254
   3482,   1.14389491,  0.621680796
   3483,        1.375,   0.50999999
   3484,        1.375,  0.546249986
   3485,   1.28220987,  0.569308221
   3486,   1.07500005,   0.50999999
   3487,  0.995125055,  0.566694498
   3488,   1.22500002,  0.618750036
   3489,  0.850000024,  0.582499981
   3490,  0.925000012,   0.50999999
   3491, -0.301066637,  0.577658713
   3492, -0.212500006,   0.50999999
   3493, -0.155441195,  0.600738406
   3494, -0.244007811,  0.668397188
   3495, -0.221267521,  0.736753106
   3496, -0.153916508,  0.773126602
   3497, -0.204150647,  0.866985202
   3498,  -0.27150166,  0.830611706
   3499,           0.,  0.918333292
   3500, -0.0708333328,           1.
   3501, -0.140141979,  0.927388191
   3502, -0.069308646,  0.845721483
   3503, -0.335381329,  0.879793942
   3504,  -0.38485688,  0.821257472
   3505, -0.320977211,  0.772075176
   3506, -0.550067723,  0.932552218
   3507, -0.467273712,  0.872749209
   3508, -0.413039327,  0.940196931
   3509, -0.495833337,           1.
   3510,  -0.43783626,  0.570356488
   3511, -0.516431272,  0.630050659
   3512,  -0.57442832,  0.569694102
   3513, -0.495833337,   0.50999999
   3514,  -0.70949924,  0.578518629
   3515, -0.637499988,   0.50999999
   3516, -0.646427631,   0.63821274
   3517, -0.695600986,  0.903918386
   3518, -0.608168721,  0.836470664
   3519, -0.637499988,           1.
   3520, -0.850000024,  0.899999976
   3521, -0.766434312,  0.803918421
   3522, -0.779166639,           1.
   3523, -0.850000024,  0.582499981
   3524, -0.779166639,   0.50999999
   3525, -0.780332565,   0.65101862
   3526, -0.0846078545,  0.682405114
   3527, -0.0708333328,   0.50999999
   3528,           0.,  0.591666698
   3529,  -0.38473621,   0.63801527
   3530, -0.354166687,   0.50999999
   3531, -0.426860631,   0.75653553
   3532, -0.467879325,  0.690831542
   3533, -0.343717515,  0.703719258
   3534, -0.850000024,  0.727499962
   3535, -0.696766853,  0.727437019
   3536, -0.276508689,  0.939597011
   3537, -0.354166687,           1.
   3538, -0.581168532,  0.678079665
   3539, -0.631507754,  0.767303944
   3540, -0.532616556,  0.738860607
   3541, -0.509277463,  0.808027267
   3542, -0.212500006,           1.
   3543,           0.,  0.754999995
   3544,  -0.99513495,  0.675423205
   3545, -0.920134962,   0.63917315
   3546, -0.925000012,  0.763750017
   3547,  -1.28236222,  0.569207549
   3548,  -1.20130658,  0.572067738
   3549,  -1.14394426,  0.621610165
   3550,  -1.22500002,  0.618750036
   3551,       -1.375,  0.546249986
   3552,       -1.375,   0.50999999
   3553,  -1.28236222,  0.532957554
   3554,  -0.99513495,   0.56667316
   3555, -0.925000012,   0.50999999
   3556,  -1.22500002,   0.50999999
   3557,  -1.14394426,  0.549110174
   3558,  -1.07500005,   0.50999999
   3559,  -1.06407928,  0.605783343
   3560,  -1.07500005,  0.691250026
   3561,  -1.15010774,  0.430631161
   3562,  -1.07562041,  0.354626924
   3563,  -1.00051272,  0.433995783
   3564,  -1.22714603,  0.186572134
   3565,  -1.14974952,  0.260433763
   3566,  -1.22434831,  0.354169399
   3567,   -1.3017447,   0.28030777
   3568,  -1.11072588,  0.113282114
   3569,  -1.18169379,  0.095399484
   3570,  -1.16291678, -0.0257751942
   3571,  -1.09194875, -0.00789256766
   3572,  -1.09157324, -0.137945518
   3573,  -1.02156353, -0.208279267
   3574, -0.972858429, -0.142801568
   3575,  -1.04286814, -0.0724678114
   3576,  -1.39753652, -0.0726886839
   3577,  -1.33690357, -0.00580727682
   3578,   -1.3893671, 0.0668814108
   3579,  -1.45000005,           0.
   3580, -0.912003458, -0.0725243092
   3581, -0.910854995, -0.215991542
   3582, -0.850000024, -0.145714283
   3583,  -1.45000005, -0.437142849
   3584,       -1.375,  -0.50999999
   3585,  -1.30241537,  -0.43067199
   3586,  -1.37741542, -0.357814848
   3587, -0.925000012,  -0.50999999
   3588, -0.850000024, -0.437142849
   3589,   -0.9213413, -0.359629214
   3590, -0.996341348, -0.432486355
   3591,  -1.18146801, -0.242444441
   3592,   -1.1100409, -0.260507286
   3593,  -1.16300046, -0.119882673
   3594,  -1.31679249, -0.278864205
   3595,    -1.389377, -0.212477922
   3596,  -1.45000005, -0.291428566
   3597, -0.925512731,  0.361138642
   3598, -0.850000024,  0.437142849
   3599, -0.997219205,  0.282797724
   3600, -0.921706438,  0.213087678
   3601, -0.850000024,  0.291428566
   3602, -0.983086109,   0.13789548
   3603, -0.911379695, 0.0705220848
   3604, -0.850000024,  0.145714283
   3605, -0.973383129, -0.00200221688
   3606, -0.850000024,           0.
   3607,  -1.33691347, -0.139452323
   3608,  -1.27151275, -0.186702803
   3609,   -1.2368598, -0.119905353
   3610,  -1.30226052, -0.0726548731
   3611, -0.850000024, -0.291428566
   3612, -0.982196331, -0.284192204
   3613,  -1.37424064,  0.360681117
   3614,  -1.45000005,  0.291428566
   3615,  -1.37750423,  0.211055234
   3616,  -1.29924059,  0.433538258
   3617,  -1.45000005,  0.437142849
   3618,  -1.45000005,  0.145714283
   3619,  -1.31687117,  0.132222354
   3620,   -1.0706737, -0.336420208
   3621,  -1.14933228, -0.413933843
   3622,  -1.07500005,  -0.50999999
   3623,  -1.07134831,  0.188604563
   3624,  -1.23677611, -0.0257978737
   3625,  -1.27141905, 0.0410497226
   3626,  -1.45000005, -0.145714283
   3627,   -1.0224638, 0.0625730306
   3628,  -1.22674775, -0.334605843
   3629,  -1.22500002,  -0.50999999
   3630,  -1.15288973, -0.689064026
   3631,  -1.09284759,  -0.73861897
   3632,   -1.0149579,  -0.74080503
   3633,  -1.07500005, -0.691250026
   3634,  -1.53858733, -0.663453281
   3635,  -1.61751783, -0.729587197
   3636,   -1.5333333, -0.800000012
   3637,  -1.45440292, -0.733866096
   3638,  -1.61751783, -0.584587216
   3639,  -1.70000005,  -0.50999999
   3640,  -1.78347838, -0.583121181
   3641,  -1.70099616, -0.657708406
   3642,       -1.375, -0.546249986
   3643,  -1.45440292, -0.588866115
   3644,  -1.38234639, -0.679901481
   3645,  -1.30294347, -0.637285352
   3646,  -1.21274161, -0.800000012
   3647,  -1.14593172, -0.761564016
   3648,  -1.23083329, -0.707599401
   3649,   -1.2976433, -0.746035397
   3650,  -1.95000005, -0.582499981
   3651,  -1.86681175, -0.655621171
   3652,  -1.86666667,  -0.50999999
   3653,  -1.86666667, -0.800000012
   3654,  -1.78347838, -0.728121161
   3655,  -1.95000005, -0.727499962
   3656,  -1.36969972, -0.800000012
   3657,  -1.70000005, -0.800000012
   3658, -0.919861197, -0.800000012
   3659, -0.925000012, -0.763750017
   3660,  -1.00981915, -0.777055025
   3661,  -1.06290317, -0.800000012
   3662,   -1.5333333,  -0.50999999
   3663,  -1.22500002, -0.618750036
   3664,   2.19506645,   9.61273193
   3665,   2.11657667,   9.69209576
   3666,    2.0360961,   9.61932373
   3667,   2.11458564,   9.53996086
   3668,   2.03229189,   9.92318439
   3669,   2.11544943,   9.84515381
   3670,   2.19175863,   9.92196846
   3671,   2.10860109,          10.
   3672,   2.36073065,   9.91900826
   3673,   2.45452309,   9.83313274
   3674,   2.54031754,   9.91412544
   3675,    2.4465251,          10.
   3676,   2.73267269,    9.9079113
   3677,   2.84224749,   9.81213379
   3678,   2.93831539,   9.90422153
   3679,   2.82874012,          10.
   3680,   3.17560005,   9.73471642
   3681,   3.05441284,   9.81448174
   3682,   2.95371127,   9.70574093
   3683,   3.07489848,   9.62597466
   3684,    3.6152308,   9.91578865
   3685,   3.49801397,          10.
   3686,   3.38038492,   9.91528893
   3687,   3.49760199,   9.83107758
   3688,   3.72766829,   9.81834507
   3689,   3.86246443,   9.90255642
   3690,    3.7500267,          10.
   3691,   4.13120079,    9.8419075
   3692,   4.27810955,    9.6936264
   3693,   4.44999981,    9.8517189
   3694,   4.30309105,          10.
   3695,         1.88,   9.62341309
   3696,   1.95778704,   9.54588795
   3697,   1.95830894,   9.69684982
   3698,    2.1910224,    9.4603281
   3699,   2.03523612,   9.46761608
   3700,   2.11167288,   9.38798332
   3701,   2.46689391,   9.15800285
   3702,   2.50209332,   9.06238747
   3703,   2.58765411,   9.08921051
   3704,   2.55245495,    9.1848259
   3705,   2.75513124,   8.53764248
   3706,   2.85847902,   8.56152534
   3707,   2.81914425,    8.6641674
   3708,   2.71579647,   8.64028358
   3709,   2.97647858,    8.3783083
   3710,   3.05340886,   8.28746128
   3711,    3.1836338,   8.36146355
   3712,   3.10670376,   8.45231056
   3713,   3.40261936,   7.75369883
   3714,   3.48688078,   7.83956814
   3715,   3.39199352,   7.91920757
   3716,   3.30773187,   7.83333826
   3717,   4.44999981,   7.18265629
   3718,   4.29087877,   7.31998444
   3719,   4.13978481,   7.16652203
   3720,   4.29890585,   7.02919436
   3721,   4.10336065,   7.45640469
   3722,   4.44999981,   7.47921848
   3723,   4.26248169,   7.61563969
   3724,   4.10970974,   7.75976181
   3725,   4.44999981,   7.77578163
   3726,   4.29722786,   7.91990376
   3727,   3.87907434,   8.02840042
   3728,    3.7598877,   8.10132599
   3729,   3.66368103,    7.9799509
   3730,   3.78286743,   7.90702534
   3731,   3.50619698,   8.41439247
   3732,   3.49386454,   8.55160332
   3733,   3.30886006,   8.53405666
   3734,   3.32119226,   8.39684677
   3735,   3.10635138,    9.0793457
   3736,   3.02335262,   9.04271889
   3737,   3.09293842,   8.96389198
   3738,   3.17593718,   9.00051689
   3739,   3.01863575,    9.5411644
   3740,    3.1510458,   9.48418522
   3741,   3.20730829,   9.56899548
   3742,   2.33859539,   9.29987812
   3743,   2.26596069,   9.37861633
   3744,   2.18790436,   9.30765724
   3745,   2.26053882,   9.22891998
   3746,   2.51506424,   9.42598343
   3747,   2.58724618,     9.328022
   3748,   2.68556833,   9.38712502
   3749,   2.61338615,   9.48508644
   3750,         1.88,   9.17150784
   3751,   1.95965934,    9.0892086
   3752,   2.03740978,   9.16008759
   3753,   1.95775056,   9.24238682
   3754,         1.88,   9.02087307
   3755,   1.96057892,   8.93760586
   3756,   2.04023814,   9.00594139
   3757,   2.41164541,   8.54809189
   3758,   2.50978589,   8.58956146
   3759,   2.45157814,   8.69211388
   3760,   2.35343742,    8.6506443
   3761,    2.9015584,   8.05386353
   3762,   2.82507873,   8.17303658
   3763,   2.71327209,   8.11932564
   3764,   2.78975201,   8.00015259
   3765,   3.08380032,   7.79773712
   3766,    3.2047143,   7.70456791
   3767,   3.18681812,     7.926507
   3768,   3.58388782,   7.30446243
   3769,   3.45884514,   7.34958172
   3770,   3.41645384,   7.25130606
   3771,   3.54149675,   7.20618677
   3772,   3.85870123,   7.13834763
   3773,   4.00925493,   7.02173901
   3774,   3.98923111,   7.28313065
   3775,   4.44999981,   6.88609409
   3776,   4.13759422,   6.87708998
   3777,   4.28868818,   6.73398972
   3778,   2.11858177,   9.07668495
   3779,   2.19260287,   9.15102196
   3780,   2.11143088,   9.23442459
   3781,   2.12092781,    8.7690506
   3782,   2.03574967,   8.70368004
   3783,   2.10953951,   8.61692905
   3784,   2.19471788,   8.68229961
   3785,   2.10337901,   8.46306705
   3786,   2.02758265,    8.3996067
   3787,   2.10260868,   8.31291103
   3788,   2.17840505,   8.37637138
   3789,   2.02408171,   7.95166588
   3790,   1.95222116,   8.03417492
   3791,         1.88,   7.96642876
   3792,   1.95186043,   7.88391972
   3793,         1.88,   7.66515875
   3794,   1.95263481,   7.58199787
   3795,   2.02461624,   7.64964342
   3796,   1.95198131,    7.7328043
   3797,   2.09884763,   7.56585741
   3798,   2.17004395,   7.63251162
   3799,   2.09581256,   7.71629763
   3800,         1.88,   7.51452351
   3801,   1.95274043,   7.43138027
   3802,   2.02537513,   7.49885416
   3803,   2.09320045,   7.11077309
   3804,   2.16802692,   7.17571354
   3805,   2.09751749,   7.26167011
   3806,   2.02269101,   7.19672966
   3807,   2.37039948,   6.90842342
   3808,    2.2934835,   6.85705614
   3809,   2.35535169,   6.77186394
   3810,   2.43226767,    6.8232317
   3811,   2.56476974,   6.50321293
   3812,   2.67485619,   6.55438614
   3813,   2.62250948,   6.67037392
   3814,   2.51242304,   6.61920071
   3815,   3.01533937,   6.05709267
   3816,   3.04570031,   6.17095041
   3817,    2.9164598,   6.20696735
   3818,   2.88609886,   6.09310961
   3819,    3.4038775,   5.85812521
   3820,   3.54971647,   5.79623032
   3821,   3.62004042,   5.93727446
   3822,   3.47420168,   5.99916935
   3823,   4.44999981,   5.10671902
   3824,   4.37012625,   5.26443243
   3825,   4.22027254,   5.17892456
   3826,    4.3001461,   5.02121067
   3827,   4.44999981,   5.40328121
   3828,    4.3443017,   5.53076172
   3829,   4.26442814,   5.39191294
   3830,   4.21963024,   5.64923668
   3831,   4.08237934,   5.74382162
   3832,   3.99585009,   5.55904675
   3833,   4.13310099,    5.4644618
   3834,   4.10848141,   6.23370457
   3835,   3.92928529,   6.28264618
   3836,   3.84357476,   6.06363392
   3837,   4.02277088,   6.01469278
   3838,   3.33021164,   6.48375463
   3839,    3.4757638,   6.53233719
   3840,   3.41487503,   6.67811537
   3841,   3.26932263,   6.62953281
   3842,   3.03483319,   6.81917095
   3843,    2.9284668,    6.7728529
   3844,   2.98059368,    6.6687994
   3845,   3.08696008,   6.71511793
   3846,   2.92242694,   7.29301167
   3847,   3.04940987,   7.28356457
   3848,   3.03083992,   7.42319918
   3849,   2.90385723,   7.43264675
   3850,   2.44284844,   7.73792696
   3851,   2.38862276,   7.81336498
   3852,   2.31032562,   7.76297522
   3853,   2.36455154,   7.68753719
   3854,   2.25113869,   7.39545918
   3855,   2.32648325,   7.46484661
   3856,   2.24878073,   7.55079174
   3857,   2.17343616,    7.4814043
   3858,   2.39182901,   7.20906067
   3859,   2.47370863,    7.2769165
   3860,   2.40553164,   7.37329006
   3861,   2.32365203,   7.30543423
   3862,         1.88,   7.21325397
   3863,   1.95060253,   7.12975025
   3864,   1.95208836,   7.28023338
   3865,         1.88,   6.91198397
   3866,   1.94838548,   6.82982016
   3867,   2.01775265,   6.89757156
   3868,   1.94936705,   6.97973537
   3869,   2.74212456,   6.02366257
   3870,   2.66027641,   5.98310757
   3871,   2.72039747,   5.87413883
   3872,   2.80224538,   5.91469383
   3873,   3.09967256,   5.64679813
   3874,   3.03375268,   5.50372314
   3875,   3.19036889,    5.4313097
   3876,   3.25628877,   5.57438469
   3877,   3.46829295,   5.27693653
   3878,    3.5427928,   5.41586876
   3879,   3.40067577,   5.50106144
   3880,   3.32617617,   5.36212921
   3881,   3.74862909,     4.792346
   3882,   3.87450886,   4.91811752
   3883,   3.74431181,   5.05509472
   3884,   3.61843228,    4.9293232
   3885,   4.30000734,   4.69716787
   3886,   4.44999981,   4.81015587
   3887,   4.15015364,   4.90822268
   3888,   2.08876705,   6.96256638
   3889,    2.1619978,   7.02647305
   3890,    2.0199697,   7.04686689
   3891,   2.08500314,   6.81491804
   3892,   2.15601754,   6.87991333
   3893,    2.0950737,   6.22456837
   3894,   2.16543245,   6.29654312
   3895,   2.09126282,   6.37396431
   3896,   2.02090406,   6.30198956
   3897,   2.10035992,   5.92514133
   3898,   2.17301702,   5.99769163
   3899,   2.09781361,   6.07492447
   3900,    2.0251565,    6.0023737
   3901,         1.88,   5.70690489
   3902,   1.95407176,   5.62868977
   3903,   2.02788544,   5.70120335
   3904,   1.95381379,   5.77941847
   3905,         1.88,   5.55626965
   3906,   1.95406651,   5.47844601
   3907,   2.02813816,   5.55086565
   3908,         1.88,   5.40563488
   3909,   1.95319867,    5.3284235
   3910,   2.02726507,   5.40123463
   3911,   2.09720659,   5.17452335
   3912,    2.1733098,   5.24684334
   3913,   2.10138702,   5.32398748
   3914,   2.02528358,    5.2516675
   3915,   2.72345209,   4.33748484
   3916,   2.63673162,   4.37277555
   3917,   2.59574437,   4.30196762
   3918,    2.6824646,    4.2666769
   3919,   3.13976145,   3.96827602
   3920,   3.02181005,   4.01894999
   3921,   2.94057703,   3.88980484
   3922,   3.05852842,   3.83913088
   3923,   3.51220918,   3.56323528
   3924,   3.40653229,   3.51335526
   3925,   3.49112368,   3.39483881
   3926,   3.59680057,   3.44471884
   3927,   4.29945469,   2.89319372
   3928,   4.44999981,   3.03078127
   3929,   4.29446983,   3.18744373
   3930,   4.14392471,   3.04985619
   3931,   4.44999981,   3.32734394
   3932,   4.29671001,   3.48246908
   3933,   4.14118004,   3.34256887
   3934,   4.10630798,   3.95332479
   3935,   3.97362757,   4.06059551
   3936,   3.84822464,   3.89395833
   3937,   3.98090506,   3.78668737
   3938,   3.42048192,   4.42002869
   3939,   3.28165364,    4.3587513
   3940,   3.35490012,   4.23369026
   3941,    3.4937284,   4.29496765
   3942,   3.00763178,   4.87425995
   3943,   2.90692186,   4.75186443
   3944,   3.01659393,    4.6602869
   3945,   3.11730385,   4.78268242
   3946,   2.60641003,   5.20475769
   3947,   2.69321346,    5.1736145
   3948,   2.72215581,   5.27301598
   3949,   2.63535237,   5.30415916
   3950,   2.54835844,   5.76122379
   3951,   2.47869182,   5.69358206
   3952,   2.53887463,   5.63240099
   3953,   2.60854149,   5.70004272
   3954,    2.2531991,   5.31735516
   3955,    2.3358283,   5.38822269
   3956,   2.26115465,   5.46657848
   3957,   2.17852545,   5.39571095
   3958,   2.53569007,   5.28014946
   3959,   2.47320747,   5.22283649
   3960,   2.54392743,   5.14744473
   3961,         1.88,   5.25500011
   3962,   1.95208502,   5.17824364
   3963,         1.88,   4.80309534
   3964,   1.94937181,   4.72928286
   3965,   2.01935291,   4.80494595
   3966,   1.94998121,   4.87875843
   3967,   2.36653614,   4.60567379
   3968,   2.43505025,   4.67943573
   3969,   2.36414146,   4.74309635
   3970,   2.29562736,   4.66933489
   3971,   2.77499294,   4.20166969
   3972,   2.62570953,   4.18592262
   3973,   2.71823788,   4.12091589
   3974,   3.08842564,   3.67802858
   3975,   3.03148127,   3.61057162
   3976,   3.11392164,   3.52823877
   3977,   3.17086625,   3.59569597
   3978,   3.35379696,   3.27623606
   3979,   3.21317315,   3.28645134
   3980,   3.19954872,   3.13331699
   3981,   3.34017229,   3.12310123
   3982,   3.73757839,   2.64613748
   3983,   3.86014342,   2.77777243
   3984,   3.69238162,   2.90159559
   3985,   3.56981659,    2.7699604
   3986,   4.30135059,    2.6004343
   3987,   4.44999981,    2.7342186
   3988,   4.15080547,   2.75940943
   3989,   2.08987832,   4.87974977
   3990,   2.08793306,   4.73289394
   3991,   2.15845871,    4.8076973
   3992,   2.09009504,   4.43773937
   3993,   2.02127695,   4.35740376
   3994,   2.09364891,   4.28778458
   3995,     2.162467,   4.36812067
   3996,   2.09951448,   3.98677397
   3997,   2.02459383,   3.90662122
   3998,    2.0976398,   3.83611822
   3999,   2.17256045,   3.91627073
   4000,         1.88,   3.59801579
   4001,    1.9513402,   3.52671099
   4002,   2.02229023,   3.60565925
   4003,   1.95094991,   3.67696404
   4004,   2.09304762,   3.68452024
   4005,   2.09109521,   3.53705645
   4006,   2.16185284,   3.61591721
   4007,         1.88,   3.44738102
   4008,   1.95524573,   3.37428141
   4009,   2.02658582,   3.45361137
   4010,   2.13944936,   3.22985601
   4011,   2.04470015,   3.14494443
   4012,   2.12530279,    3.0616703
   4013,     2.220052,   3.14658213
   4014,   2.42225552,   2.86624551
   4015,   2.50540543,   2.92525721
   4016,   2.43667126,   3.00978041
   4017,   2.35352111,   2.95076847
   4018,   2.64539146,   2.62047935
   4019,   2.73186541,   2.52730274
   4020,   2.81799889,   2.59913564
   4021,   2.73152471,   2.69231224
   4022,   2.87575769,   1.90273261
   4023,   2.98924232,   1.90847373
   4024,    2.9791193,   2.00419211
   4025,   2.86563444,   1.99845099
   4026,   3.41044474,   1.54763937
   4027,   3.40118837,   1.46594918
   4028,   3.50112915,    1.4648248
   4029,   3.51038551,   1.54651499
   4030,   3.84779167,   1.18006015
   4031,   3.95558834,    1.2608031
   4032,   3.85983992,   1.38211882
   4033,   3.75204301,   1.30137587
   4034,   4.32537889,   1.39975893
   4035,   4.20365334,   1.26589823
   4036,   4.32827473,    1.1175456
   4037,   4.44999981,   1.25140619
   4038,    4.0820961,   1.39248157
   4039,   4.07714605,   1.13421988
   4040,   3.71928167,   1.76956987
   4041,   3.72866869,   1.91000748
   4042,    3.5597589,   1.91524386
   4043,   3.55037212,   1.77480626
   4044,   3.46300554,   2.30226231
   4045,   3.32380509,   2.27292728
   4046,   3.36478972,    2.1546483
   4047,   3.50399017,   2.18398333
   4048,   3.11163568,    2.5881803
   4049,   3.06106877,   2.67968559
   4050,   2.96575403,   2.63593197
   4051,   3.01632071,   2.54442644
   4052,   2.50605202,   3.50308609
   4053,   2.59754944,   3.58936548
   4054,   2.53057718,   3.69110703
   4055,   2.43907976,   3.60482788
   4056,   2.29473591,   3.30552244
   4057,   2.31560254,   3.20402718
   4058,   2.43759418,   3.24360704
   4059,   2.41672754,   3.34510255
   4060,   2.58721256,   2.98563194
   4061,   2.66608191,   3.03690815
   4062,   2.60290718,   3.11043549
   4063,   2.52403784,   3.05915928
   4064,         1.88,   2.99547625
   4065,   1.95877194,     2.915838
   4066,   2.04045153,   2.98921418
   4067,   1.96167946,   3.06885242
   4068,         1.88,   2.84484124
   4069,   1.95607519,   2.76419377
   4070,   2.03484726,   2.83519053
   4071,   2.47386837,   2.49711704
   4072,   2.40435314,   2.57396412
   4073,   2.32559347,   2.50817776
   4074,   2.39510846,   2.43133068
   4075,   2.79449081,   1.89199865
   4076,    2.7998209,   1.80201292
   4077,   2.88108778,   1.81274676
   4078,   3.04773569,   1.44953942
   4079,   3.17004919,   1.47758651
   4080,   3.14669919,   1.59330821
   4081,   3.02438593,   1.56526124
   4082,   3.54185772,  0.970126987
   4083,   3.59975529,    1.0442605
   4084,    3.5184269,   1.10444641
   4085,   3.46052933,    1.0303129
   4086,   3.82421708,  0.781695306
   4087,   3.91574621,  0.701530159
   4088,   3.99354219,  0.806714118
   4089,   3.90201306,  0.886879265
   4090,   4.07205868,   0.50999999
   4091,   4.15389299,  0.608635783
   4092,   4.07829189,  0.707687974
   4093,   3.99645758,  0.609052181
   4094,   4.29795361,  0.593761683
   4095,   4.37441158,   0.50999999
   4096,   4.44999981,  0.658281267
   4097,   4.37354183,  0.742042899
   4098,   4.17889643,  0.802668154
   4099,   4.09414673,  0.901694298
   4100,   2.11491466,    2.9043684
   4101,   2.10825157,   2.75195551
   4102,   2.18831921,   2.82113314
   4103,   2.10377979,   2.60152245
   4104,   2.02783823,   2.53258395
   4105,    2.1006403,   2.45152879
   4106,   2.17658186,   2.52046728
   4107,    2.0979147,   2.30234146
   4108,   2.02305794,   2.23409939
   4109,   2.09475422,   2.15695095
   4110,   2.16961098,   2.22519302
   4111,   2.02109861,   1.93977237
   4112,   1.95007539,   2.01497245
   4113,         1.88,   1.94103181
   4114,    1.9510231,   1.86583173
   4115,         1.88,   1.48912692
   4116,   1.96457314,   1.41528893
   4117,   2.04902411,   1.49186301
   4118,   1.96445107,   1.56570113
   4119,   2.23513246,   1.50142622
   4120,   2.14831328,   1.57724762
   4121,   2.13584328,   1.41604161
   4122,         1.88,   1.33849216
   4123,   1.96114993,   1.26247168
   4124,   2.04572296,   1.33926845
   4125,   2.03944397,   1.18497324
   4126,         1.88,   1.18785715
   4127,   1.95829391,   1.11035872
   4128,   2.62494302,  0.715996861
   4129,   2.54895186,  0.787437201
   4130,   2.47763872,  0.718752921
   4131,   2.55362988,  0.647312641
   4132,    2.7114706,   0.50999999
   4133,   2.78206444,  0.578318119
   4134,   2.70255327,   0.64654696
   4135,   2.63195944,  0.578228772
   4136,   2.91900349,  0.717877984
   4137,   3.00003791,  0.649711132
   4138,   3.06672955,  0.721568942
   4139,   2.98569489,  0.789735854
   4140,   2.93189883,  0.579125047
   4141,   3.01382351,   0.50999999
   4142,   3.08196259,  0.580586016
   4143,   3.13145566,  0.795450568
   4144,   3.19460249,   0.87005502
   4145,   3.11368561,   0.93695116
   4146,   3.05053902,  0.862346768
   4147,    3.0354197,   1.00038719
   4148,   2.96014404,   1.06185079
   4149,   2.89630294,  0.990037918
   4150,    2.9715786,  0.928574383
   4151,   3.27642322,   1.63103771
   4152,   3.28696346,    1.5252614
   4153,   3.39990449,   1.65341568
   4154,    2.6422832,    1.5859524
   4155,   2.58933592,   1.67269683
   4156,   2.46676278,   1.61119998
   4157,   2.51971006,   1.52445555
   4158,   2.82520294,    2.2028873
   4159,   2.84212756,   2.09628797
   4160,   2.96503401,   2.11475945
   4161,   2.94810915,   2.22135878
   4162,   2.29450893,   1.94092369
   4163,   2.34390974,   1.86230731
   4164,   2.42189312,   1.91580582
   4165,   2.37249207,    1.9944222
   4166,   2.09069157,     2.013134
   4167,    2.0900321,   1.87016892
   4168,   2.15962505,   1.94353056
   4169,   2.53338099,   1.87793171
   4170,   2.59247804,   1.82415557
   4171,   2.65956831,   1.91341698
   4172,   2.60047126,   1.96719313
   4173,   2.30135393,   1.65323114
   4174,   2.34211206,   1.56405735
   4175,   2.42600441,   1.70037365
   4176,   2.61231756,   1.34933245
   4177,   2.71347666,   1.39490509
   4178,   2.67491341,   1.48273611
   4179,   2.57375407,   1.43716335
   4180,   2.52503633,   1.29405069
   4181,   2.46668983,   1.37968683
   4182,   2.37376451,   1.31753933
   4183,   2.43211126,    1.2319032
   4184,   2.82505155,   1.05479395
   4185,   2.75979543,  0.987653732
   4186,   2.83104682,  0.922897756
   4187,   3.07942009,   1.21292031
   4188,   3.01996565,   1.13273835
   4189,   3.09842753,   1.07512891
   4190,   3.15788198,   1.15531087
   4191,         1.88,   1.03722215
   4192,   1.95619869,  0.959124923
   4193,   2.03449249,   1.03226149
   4194,         1.88,  0.735952377
   4195,   1.95493436,  0.659054518
   4196,   2.03010678,  0.731878161
   4197,    1.9551723,  0.808776081
   4198,   2.40457249,  0.649576068
   4199,   2.33172607,  0.580492258
   4200,    2.4091177,   0.50999999
   4201,   2.48196435,    0.5790838
   4202,   2.10676479,   0.50999999
   4203,   2.18117905,  0.582141399
   4204,   2.10493708,  0.655878425
   4205,   2.03052282,  0.583737016
   4206,    3.2979908,  0.657709837
   4207,   3.23193407,   0.58264637
   4208,   3.31617641,   0.50999999
   4209,   3.38223314,  0.585063457
   4210,   3.44795704,  0.663982511
   4211,   3.46735287,   0.50999999
   4212,     3.533077,  0.588919044
   4213,   3.44594169,   1.39279425
   4214,   3.51539755,   1.35328197
   4215,   3.57058477,   1.42531252
   4216,   3.61852932,   0.50999999
   4217,   3.68545532,  0.594764888
   4218,     3.600003,  0.673683882
   4219,   4.30734062,   1.68986988
   4220,   4.18271971,   1.54166007
   4221,   4.44999981,   1.54796875
   4222,   4.44999981,    1.8445313
   4223,   4.26278162,   1.99778652
   4224,   4.12012243,   1.84312522
   4225,   4.44999981,   2.14109373
   4226,   4.29323053,    2.3058784
   4227,   4.10601234,   2.16257119
   4228,   4.14458132,   2.46865654
   4229,   4.44999981,    2.4376564
   4230,   3.99540138,   2.35705495
   4231,   4.01146173,   2.62977076
   4232,    3.8622818,    2.5181694
   4233,   3.44753742,    2.8318162
   4234,    3.3579669,   2.68532944
   4235,   3.48024607,   2.62347364
   4236,   3.00302029,   2.92617273
   4237,   3.09578061,   2.83988953
   4238,   3.22572064,     2.934659
   4239,   3.13296032,   3.02094245
   4240,   3.40632915,   2.40106821
   4241,   3.58602977,   2.35372567
   4242,   3.52935338,   2.45253181
   4243,   3.81757307,   2.27911901
   4244,   3.73525095,   2.41800356
   4245,   3.66835165,   2.21484113
   4246,   3.94667864,   1.91679788
   4247,   3.92818403,   2.08463526
   4248,   3.71017408,   2.07784462
   4249,   4.29079342,   3.77992988
   4250,   4.13750362,   3.63849258
   4251,   4.44999981,   3.62390614
   4252,   4.44999981,   3.92046881
   4253,   4.26551437,   4.09386349
   4254,   4.44999981,   4.21703148
   4255,   4.29236269,   4.39633083
   4256,   4.10787678,   4.27316284
   4257,   4.44999981,   4.51359367
   4258,   4.14237022,   4.57990456
   4259,   3.99146438,   4.47137356
   4260,   3.81496716,   4.40512562
   4261,    3.9313798,    4.2069149
   4262,   4.01007795,    5.0724802
   4263,   4.01458454,      4.75386
   4264,   3.06028461,    5.0042491
   4265,   2.91740227,   5.07233334
   4266,   2.86474967,   4.94234419
   4267,   3.35495234,   4.74189186
   4268,   3.46190691,   4.61592627
   4269,   3.60098195,   4.69950294
   4270,   3.49402714,   4.82546854
   4271,   3.32491255,   4.54612875
   4272,   3.55747604,    4.4898262
   4273,    3.7710247,   4.05846691
   4274,   3.72877741,    4.2047863
   4275,   4.17688465,   5.93206882
   4276,   4.32532835,   5.81831837
   4277,   4.44999981,   5.99640656
   4278,   4.30155611,   6.11015701
   4279,   4.44999981,   6.29296875
   4280,   4.25692558,    6.4165163
   4281,   4.44999981,   6.58953094
   4282,   4.09561348,   6.56097507
   4283,   3.85738945,   6.89654636
   4284,   3.98572898,   6.75189686
   4285,   3.51752448,    7.0496397
   4286,   3.38476253,   6.99189425
   4287,   3.47415543,   6.87268782
   4288,   3.60691738,   6.93043327
   4289,   3.12323809,    6.9118948
   4290,   3.04740858,   7.00815582
   4291,   2.95900369,   6.91543245
   4292,   3.33090305,   6.81723356
   4293,    3.5581274,   6.73356962
   4294,   3.91721988,   6.46426582
   4295,   3.69936657,   6.43421173
   4296,   3.71143198,   6.25259209
   4297,   4.13830948,   8.05858898
   4298,   4.44999981,   8.07234383
   4299,   4.29108143,   8.21102905
   4300,   4.44999981,   8.36890602
   4301,   4.25226402,    8.5138588
   4302,   4.09334564,   8.35598183
   4303,   4.44999981,   8.66546822
   4304,   4.29098225,   8.81823921
   4305,   4.09324598,   8.66662979
   4306,   4.44999981,   8.96203136
   4307,   4.30640841,   9.10790062
   4308,   4.14739037,   8.96410847
   4309,    4.1610136,    9.2452507
   4310,   4.44999981,   9.25859356
   4311,   4.30460501,    9.3959446
   4312,   4.13271523,   9.53441429
   4313,   4.44999981,   9.55515671
   4314,   3.97690344,   9.60950089
   4315,   3.86839628,   9.43678665
   4316,   4.02420807,   9.36170006
   4317,   3.60558319,   9.74767208
   4318,   3.68545604,   9.66450882
   4319,   3.80754113,   9.73518181
   4320,   3.73657131,   9.51619911
   4321,   3.80882645,   9.60021877
   4322,   3.61320114,   9.58048916
   4323,   3.49361849,   8.98178291
   4324,   3.35520554,   8.93824196
   4325,   3.42424417,   8.82115078
   4326,   3.56265712,   8.86469173
   4327,   3.46005416,   8.69537354
   4328,   3.67517471,   8.58075714
   4329,    3.6413641,   8.72452736
   4330,   3.90665007,   8.59097958
   4331,   3.99066019,   8.85325623
   4332,   3.80406404,   8.77760506
   4333,   3.66813517,   8.27235985
   4334,   3.61089516,   8.13888741
   4335,    3.8171277,   8.23479843
   4336,   3.99873781,   8.16872501
   4337,    3.9117353,    8.4220562
   4338,   4.01804686,          10.
   4339,   3.97561836,   9.74446297
   4340,   3.15434027,   9.91026115
   4341,    3.2736733,   9.82554913
   4342,   3.26105213,          10.
   4343,   3.03824258,          10.
   4344,   2.63760042,   9.65071106
   4345,    2.7365222,   9.72746849
   4346,   2.64124012,   9.82203674
   4347,   2.54231834,   9.74527931
   4348,   2.27998447,   9.68402863
   4349,   2.36406565,   9.75842476
   4350,   2.28012705,   9.84097672
   4351,   2.19604588,   9.76658058
   4352,   2.79149199,   9.44428635
   4353,   2.75725269,   9.28186226
   4354,   2.86317658,   9.33902359
   4355,   3.29257536,   9.65355492
   4356,     3.321769,   9.49010372
   4357,   3.40703583,   9.57466316
   4358,   2.91699028,   9.08552742
   4359,   2.87704659,   9.00006771
   4360,   2.98340893,   8.95725918
   4361,   2.62247467,   8.97513199
   4362,   2.75675154,   9.00238514
   4363,   2.72193122,   9.11646271
   4364,   3.02134347,   9.16093159
   4365,    3.2069633,   9.13090324
   4366,   3.12195539,   9.21248913
   4367,   3.52827835,    9.1499157
   4368,   3.40160131,   9.08823395
   4369,   3.62029552,   9.04346466
   4370,   4.02742386,   9.11018467
   4371,   3.87069368,   8.99933243
   4372,   3.89061832,   9.22663403
   4373,   2.48070192,    8.9617157
   4374,   2.50651312,   8.84944916
   4375,   2.64828587,   8.86286545
   4376,   3.31300592,   8.67152786
   4377,   3.17126131,   8.67545891
   4378,   3.16711569,   8.53798771
   4379,   3.05530453,   8.58996296
   4380,    2.9948926,   8.50428581
   4381,   3.68025994,   8.41183281
   4382,   2.03078294,   8.55135727
   4383,   2.18213558,   8.52863884
   4384,   2.60781717,   8.61653996
   4385,    2.5517292,   8.47827244
   4386,   2.64976025,   8.50525093
   4387,   2.62914991,   8.24228859
   4388,   2.52053642,   8.18836021
   4389,    2.6046586,   8.06539726
   4390,   3.17414117,   7.40491724
   4391,   3.17695189,   7.26348972
   4392,    3.3086741,   7.24539089
   4393,   3.30586338,   7.38681889
   4394,    2.6986227,   8.39773369
   4395,    2.8039937,   8.43012619
   4396,   3.26499605,   8.13630486
   4397,   3.26022243,   8.00641346
   4398,   3.35687637,   8.01554489
   4399,   3.36164999,   8.14543533
   4400,   3.36214209,   8.26721382
   4401,   3.49357986,   8.15314293
   4402,   3.49407196,   8.27492046
   4403,   2.09605265,   7.86810827
   4404,   2.17106819,   7.93301773
   4405,   2.09909725,   8.01657486
   4406,   2.57499409,    7.9015646
   4407,   2.67640734,   7.95171356
   4408,   2.50324535,   8.01524734
   4409,   2.81330633,   7.30015278
   4410,   2.83365297,   7.18755341
   4411,   2.94277382,   7.18041277
   4412,   3.06312656,   7.12356186
   4413,   3.19066858,   7.10348701
   4414,   2.75250626,   7.82505608
   4415,   2.86585093,   7.87349415
   4416,   3.15732479,   8.08761692
   4417,   3.08392048,   8.00771046
   4418,   3.88605261,   7.83029556
   4419,   3.97711658,   7.67179298
   4420,   4.01864624,   7.91826439
   4421,    3.6610415,   7.78483391
   4422,   3.58148289,   7.89786816
   4423,   3.56643963,   7.72653389
   4424,   2.73265123,   7.54225588
   4425,   2.68913317,   7.66547108
   4426,   2.55638933,   7.63214684
   4427,   2.59990716,   7.50893164
   4428,    3.3363502,   7.51297617
   4429,   3.37566614,   7.64511871
   4430,   3.16539836,   7.57242537
   4431,   3.50045776,   7.96076441
   4432,   3.58265615,   8.04284668
   4433,    2.6630044,   6.82510471
   4434,   2.73147941,    6.8885746
   4435,   2.65389299,    6.9859705
   4436,   2.58541775,   6.92250061
   4437,   2.79436231,   6.83807278
   4438,   2.83914447,   6.92477226
   4439,   2.77626157,   6.97527409
   4440,    3.9259057,   7.53912735
   4441,   3.81177616,   7.36585331
   4442,   2.52106881,   7.01766777
   4443,   2.44681692,   6.96364784
   4444,    2.5111661,   6.86848068
   4445,    2.9119525,   6.53777885
   4446,    3.0216136,   6.56062222
   4447,   2.87093234,   6.64595604
   4448,   2.16002655,   6.44400787
   4449,   2.08723593,   6.52097034
   4450,   2.01847219,   6.45092678
   4451,   2.51572275,   6.36638594
   4452,    2.4626441,   6.29511213
   4453,   2.54526138,   6.22735119
   4454,   2.59834003,   6.29862499
   4455,   2.39324617,   6.21811104
   4456,   2.38307476,   6.37113476
   4457,   2.31367636,   6.29413414
   4458,   2.69705391,   5.72685575
   4459,   2.78565717,   5.77529716
   4460,   2.63179421,   5.82569742
   4461,   3.37584043,   5.14898539
   4462,   3.50536871,   5.04567719
   4463,   3.59782124,   5.17362881
   4464,   2.81632853,   6.53184843
   4465,   2.83527994,   6.42875481
   4466,   2.93090367,   6.43468523
   4467,   3.33678937,   6.08520412
   4468,   3.54302835,   6.11089993
   4469,   3.40561604,   6.19693518
   4470,   3.36528301,   6.31902027
   4471,   3.56728554,   6.25921822
   4472,   3.52695274,   6.38130331
   4473,   2.16968727,   6.14716816
   4474,   2.02320004,   6.15232372
   4475,   2.40559149,   6.06750154
   4476,   2.47853804,   6.14240885
   4477,   2.32029963,   6.14320374
   4478,    2.3309269,   5.69181871
   4479,   2.40816498,   5.61711216
   4480,   2.40145373,   5.76828861
   4481,   3.26214933,   5.22823238
   4482,   3.19560814,   5.12399673
   4483,   3.30929923,   5.04475021
   4484,   2.95325661,   5.93340254
   4485,    3.0711987,   5.86853027
   4486,   3.13328147,    5.9922204
   4487,   3.77644062,    5.8966341
   4488,   3.69750547,   5.72438955
   4489,    3.8493309,   5.65420055
   4490,   3.92826557,   5.82644558
   4491,   2.63884449,   5.60368204
   4492,   2.72735691,   5.63049507
   4493,    3.3294549,   5.71664619
   4494,   3.26793146,   5.92805099
   4495,    3.1935091,   5.78657198
   4496,   3.47384214,   5.64332247
   4497,   3.62163138,    5.5714817
   4498,   2.68068409,   4.89128447
   4499,   2.59610319,   4.92285919
   4500,   2.56329846,   4.81640244
   4501,   2.64787936,   4.78482819
   4502,   3.77200794,   5.47949886
   4503,   3.91852713,   5.38434553
   4504,    2.4342463,   4.81341505
   4505,   2.50451088,   4.75440264
   4506,   2.49303389,   4.87541485
   4507,   3.11173916,   4.56992435
   4508,   3.20845461,    4.4615078
   4509,    3.2281971,   4.65454578
   4510,   2.91086626,   4.54197645
   4511,   3.00601149,    4.4516139
   4512,    2.0883832,   4.58527279
   4513,   2.01969481,   4.50714588
   4514,   2.15878344,   4.51586676
   4515,   2.43845463,   4.54446602
   4516,    2.2978673,   4.52799654
   4517,   2.36978579,   4.46678877
   4518,   2.48902178,   4.10473251
   4519,   2.39353633,   4.17428732
   4520,   2.32567668,   4.08317995
   4521,   2.42116213,   4.01362514
   4522,   2.58934331,   3.76073313
   4523,   2.68057394,   3.76836133
   4524,   2.70484519,   3.89104319
   4525,   2.61361456,   3.88341522
   4526,    3.0541358,   3.19151902
   4527,   3.08896613,   3.30021238
   4528,   2.96780157,   3.33175993
   4529,   2.93297124,   3.22306681
   4530,    3.3493185,   3.93468857
   4531,   3.40962386,   3.81264806
   4532,   3.54264688,   3.85507965
   4533,   3.48234129,   3.97712016
   4534,   3.41587067,   4.10974979
   4535,   3.63256431,    4.0246582
   4536,   3.56609344,    4.1572876
   4537,         1.88,   4.04992056
   4538,   1.95248508,   3.97804689
   4539,   2.02463531,   4.05681849
   4540,   1.95215034,   4.12869167
   4541,   2.57614088,    4.0762949
   4542,   2.58481979,   3.98153853
   4543,   2.72691679,   4.02615929
   4544,   2.37942743,   3.68846273
   4545,   2.29983664,      3.61991
   4546,   2.35948896,   3.53627491
   4547,    2.6718502,   3.14426661
   4548,   2.63187671,   3.21901155
   4549,   2.56293368,   3.18518019
   4550,    3.3969202,   2.96494865
   4551,   3.55815172,   2.99404097
   4552,   3.50140381,   3.15219378
   4553,   4.00282478,   3.49402761
   4554,   3.84622598,    3.6422224
   4555,    3.7404232,   3.73920441
   4556,   3.63845348,   3.61309743
   4557,   3.74425626,   3.51611519
   4558,    2.8173666,   3.57245398
   4559,   2.78445625,   3.47660756
   4560,   2.88332343,   3.45016432
   4561,   2.91623354,   3.54601073
   4562,   3.15279579,   3.77562284
   4563,   3.22425222,    3.6991806
   4564,   3.30581331,   3.78009987
   4565,   3.23435688,   3.85654211
   4566,    2.8183279,    2.7661643
   4567,   2.89245033,   2.69255853
   4568,   2.98578215,   2.77203155
   4569,   2.91165972,   2.84563732
   4570,   2.65434504,   2.76929855
   4571,   2.74114847,   2.84315062
   4572,   3.99948692,    2.9074111
   4573,   3.97286272,    3.2031002
   4574,   3.82842541,   3.06065512
   4575,   2.41375518,   2.72018909
   4576,   2.49508381,   2.78384757
   4577,   2.34092665,   2.80258703
   4578,   3.29739046,   2.38847947
   4579,   3.17426205,   2.36836958
   4580,   3.20067692,   2.25281763
   4581,   3.07107162,   2.23786163
   4582,   3.04973173,    2.3469491
   4583,   2.92676926,   2.33044624
   4584,   2.56033516,    2.5560627
   4585,    2.5385952,   2.41958761
   4586,   2.62506199,   2.47853327
   4587,   2.78435421,    2.4320755
   4588,   2.67755055,   2.38330603
   4589,   3.54581213,   2.04698706
   4590,   3.38566875,    2.0303874
   4591,   3.39961553,   1.89864445
   4592,   2.96832371,   1.82420278
   4593,   3.08381462,   1.79406548
   4594,   3.10473299,   1.87833643
   4595,   3.73615551,   1.46578169
   4596,   3.94213057,   1.50275207
   4597,   3.81844616,   1.58641481
   4598,   3.66841745,   1.63038135
   4599,   3.86931062,   1.72560334
   4600,   2.88524652,   1.62978697
   4601,   2.90453458,   1.53846383
   4602,   3.00509787,   1.65658438
   4603,   2.55449224,   1.07020855
   4604,   2.63249111,   1.13112187
   4605,   2.57374001,   1.21036386
   4606,   2.49574113,   1.14945054
   4607,   3.85869789,   1.07836556
   4608,    3.7267189,   1.17139554
   4609,   3.73762512,   1.06970096
   4610,   2.03519964,   9.31475067
   4611,   2.12631273,   8.92120266
   4612,   2.20465636,   8.99194622
   4613,   1.95939684,   8.78712654
   4614,         1.88,   8.71960354
   4615,   1.95635271,   8.63615704
   4616,   2.17568827,   8.08047771
   4617,   2.10172033,   8.16491795
   4618,   2.02512932,   8.10101509
   4619,   2.02384186,    7.8009305
   4620,         1.88,   7.81579351
   4621,   2.09996367,   7.41440105
   4622,   2.08377266,    6.6666317
   4623,   2.01658106,   6.59914684
   4624,   2.15442777,    6.5884552
   4625,   1.94985986,   6.38074398
   4626,         1.88,   6.30944443
   4627,   1.95104408,      6.23069
   4628,   2.02078557,   4.95357895
   4629,   1.95080447,   5.02855062
   4630,         1.88,   4.95373011
   4631,   2.15734863,   4.66198158
   4632,   2.01896763,   4.65618515
   4633,   2.02305889,   3.75617313
   4634,   1.95210886,   3.82785988
   4635,         1.88,   3.74865079
   4636,   1.96302056,   3.22220325
   4637,         1.88,   3.14611101
   4638,   1.95455575,   2.61336589
   4639,         1.88,   2.54357147
   4640,   1.95328259,   2.46278954
   4641,   1.95212293,   2.31277704
   4642,         1.88,   2.24230146
   4643,   1.95093489,   2.16362381
   4644,    2.0210104,   2.08692956
   4645,         1.88,    2.0916667
   4646,   2.04084158,   1.64100158
   4647,   1.95639062,   1.71506238
   4648,         1.88,   1.63976192
   4649,   2.12302303,   1.25887012
   4650,   2.21314335,   1.33564341
   4651,         1.88,  0.585317492
   4652,   1.95558834,   0.50999999
   4653,   3.84017086,  0.602477968
   4654,   3.92088223,   0.50999999
   4655,   3.16499996,   0.50999999
   4656,   3.14889669,  0.653232336
   4657,   2.85131621,  0.647443235
   4658,   2.86264706,   0.50999999
   4659,   2.56029415,   0.50999999
   4660,   2.32943726,  0.722800136
   4661,   2.40250301,  0.791976988
   4662,         1.88,   9.92468262
   4663,    1.9576714,   9.84786701
   4664,   1.95462048,          10.
   4665,   2.27236223,          10.
   4666,   2.63175011,          10.
   4667,   2.16802335,    7.7834754
   4668,         1.88,   7.36388874
   4669,   2.02482891,   7.34772491
   4670,         1.88,   7.06261921
   4671,         1.88,    6.7613492
   4672,   1.94796848,   6.67959881
   4673,   2.01635408,   6.74806976
   4674,   2.15242171,   6.73348045
   4675,         1.88,   6.61071444
   4676,   1.94861245,   6.53026247
   4677,         1.88,   6.46007919
   4678,         1.88,   6.15880966
   4679,   1.95215583,   6.08044338
   4680,         1.88,    6.0081749
   4681,   1.95300078,   5.93010521
   4682,         1.88,   5.85753965
   4683,   2.02681446,   5.85198402
   4684,   2.10393763,   5.62265778
   4685,   2.10440397,   5.47295809
   4686,    2.1802032,   5.54475021
   4687,   2.10235786,   5.77418232
   4688,   2.17841005,   5.69563675
   4689,         1.88,   5.10436535
   4690,   2.02288938,   5.10242939
   4691,   2.09286284,   5.02713966
   4692,   2.16718006,   5.09923315
   4693,    2.1619556,   4.95331001
   4694,         1.88,    4.6524601
   4695,   1.94959569,   4.57936239
   4696,         1.88,   4.50182533
   4697,   1.95009899,   4.42960835
   4698,         1.88,   4.35119057
   4699,   1.95117784,   4.27898598
   4700,         1.88,    4.2005558
   4701,    2.0233283,   4.20712185
   4702,         1.88,   3.89928579
   4703,         1.88,   3.29674602
   4704,   2.03826618,   3.29973841
   4705,   2.10060859,    3.3864696
   4706,   2.16511798,   3.46991444
   4707,         1.88,   2.69420624
   4708,   2.03063083,   2.68335342
   4709,   2.18140054,   2.67012453
   4710,         1.88,   2.39293647
   4711,   2.02540541,   2.38262987
   4712,   2.09757996,   4.13763905
   4713,   2.17245913,   4.06759453
   4714,   2.17265224,   7.32834625
   4715,   2.17590332,   5.84733963
   4716,   2.16790056,   4.21830177
   4717,   2.16762877,   3.76446509
   4718,   2.20179176,   3.31658697
   4719,   2.19976592,   2.97682476
   4720,   2.17314935,   2.37124014
   4721,   2.16443539,   2.08315539
   4722,         1.88,  0.886587262
   4723,   2.03137112,  0.881313741
   4724,   2.11348248,   1.10433412
   4725,   2.10800409,  0.952902675
   4726,   2.18699384,    1.0249753
   4727,         1.88,   1.79039681
   4728,   2.02741361,    1.7904973
   4729,   2.10434198,   1.72460461
   4730,   2.16696024,   1.80427647
   4731,   2.21181345,   1.66085076
   4732,    2.1800971,  0.727405548
   4733,   2.10526681,  0.803405285
   4734,    2.1970613,   1.17823124
   4735,   2.18190002,  0.874994218
   4736,         1.88,   9.47277832
   4737,   1.95744896,   9.39450645
   4738,   2.03598022,   9.77066803
   4739,         1.88,    9.3221426
   4740,         1.88,    8.8702383
   4741,   2.03997564,   8.85449409
   4742,    2.2072649,   8.83575916
   4743,         1.88,   8.56896782
   4744,    1.9544301,   8.48416901
   4745,         1.88,   8.41833305
   4746,   1.95315242,   8.33377075
   4747,         1.88,   8.26769829
   4748,   1.95290804,   8.18390465
   4749,   2.02606058,   8.24997711
   4750,   2.17826843,   8.22785187
   4751,         1.88,   8.11706352
   4752,         1.88,   9.77404785
   4753,   4.22861195,  0.692397475
   4754,   4.22323513,   0.50999999
   4755,   4.32382679,  0.852313578
   4756,   3.75592041,  0.687242866
   4757,   3.76970577,   0.50999999
   4758,   3.51006126,  0.743047595
   4759,   3.66316223,  0.758156538
   4760,   3.57322073,  0.827520251
   4761,   3.21362305,  0.727113962
   4762,   3.36152267,  0.733370662
   4763,   3.27715468,  0.802774787
   4764,   2.69475126,  0.785124063
   4765,    2.7643609,  0.853043079
   4766,   2.68964195,  0.923268437
   4767,   2.62003231,  0.855349422
   4768,   2.25496387,  0.652633667
   4769,   2.25457048,  0.797572017
   4770,   2.84004879,  0.786108851
   4771,   2.77236176,  0.715674043
   4772,   2.25794125,   0.50999999
   4773,    3.4236269,  0.812435746
   4774,   3.96919131,    1.0208987
   4775,   4.20210171,   1.01501536
   4776,   3.48363209,  0.889796793
   4777,   3.39824581,  0.956228495
   4778,   3.33824039,  0.878867388
   4779,    2.4518609,   9.67057037
   4780,   2.84798574,   9.62107658
   4781,   3.39064837,   9.74438763
   4782,   3.49862981,   9.66098213
   4783,   2.35866976,   9.60130501
   4784,   2.27375174,   9.53000927
   4785,   2.25758314,  0.944995046
   4786,    2.3302536,  0.867572904
   4787,    2.3148818,     7.148839
   4788,   2.24516559,    7.2383213
   4789,    2.2377429,   7.08623123
   4790,   2.22977638,    6.5158186
   4791,   2.23672295,   6.37077284
   4792,   2.30647278,   6.44258404
   4793,   2.22614574,   4.73755932
   4794,   2.29711938,   4.81086063
   4795,   2.22943234,   4.88099861
   4796,   2.23642731,   5.02363491
   4797,   2.30390406,   4.95132351
   4798,   2.22982025,   4.45010567
   4799,   2.22683048,   4.59375763
   4800,   2.23702526,   7.69904613
   4801,   2.31576204,   7.61732626
   4802,   2.22925591,   6.93969154
   4803,   2.22024512,   6.79727793
   4804,   2.30500102,   6.99944973
   4805,   2.24760103,   6.07046843
   4806,    2.2501328,   5.92136669
   4807,   2.32471681,   5.99414349
   4808,   2.24238586,   6.21990395
   4809,   2.25132275,   7.99323797
   4810,   2.24132347,   7.84740448
   4811,   2.32157803,   7.90762424
   4812,   2.25241899,   5.77029181
   4813,   2.25691795,   5.61716366
   4814,   2.32664824,   5.84431934
   4815,    2.2443912,   5.16797733
   4816,    2.3242805,   5.23848915
   4817,   2.30344772,   4.38399601
   4818,   2.23609424,   4.30201054
   4819,   2.25266504,   3.99916697
   4820,   2.24541426,   3.84315658
   4821,   2.32551885,   3.92605281
   4822,   2.24547052,   4.15160751
   4823,   2.23597002,   3.68994856
   4824,   2.22571921,   3.54587841
   4825,   2.31375551,   3.76864004
   4826,   2.28439379,   3.04071999
   4827,   2.37994432,   3.09816504
   4828,   2.22275162,   3.41636181
   4829,   2.31569576,   3.40529704
   4830,   2.26889324,   2.88687325
   4831,   2.26035261,   2.73684716
   4832,   2.25340796,    2.5882473
   4833,   2.33236003,   2.65496969
   4834,   2.23266196,    2.0096302
   4835,   2.22147202,   1.87482381
   4836,   2.24540377,   2.14796495
   4837,   2.31363058,      2.07444
   4838,   2.24684143,   2.29146385
   4839,   2.32263422,   2.21423554
   4840,    2.2487669,   2.44039774
   4841,   2.32245898,   2.36062145
   4842,   2.30566597,   1.40434778
   4843,   2.41264582,   1.46697891
   4844,   2.26571751,   1.09518981
   4845,   2.33630657,   1.01520956
   4846,   2.28124189,   1.24883497
   4847,   2.34989786,   1.16579366
   4848,   2.22420812,   1.75413775
   4849,   2.31374836,   1.74651814
   4850,   2.40585566,   9.21975708
   4851,   2.49138832,     9.281147
   4852,   2.42412806,   9.36126804
   4853,   2.33954501,   9.15118408
   4854,   2.27160907,   9.07328606
   4855,   2.26194763,   8.59038067
   4856,   2.25024247,    8.4393034
   4857,   2.33005428,   8.50104523
   4858,   2.28620791,   8.74256325
   4859,   2.25868726,   8.14170647
   4860,    2.3343215,    8.0544672
   4861,   2.21758819,     6.654706
   4862,    2.2929368,    6.5820694
   4863,   2.34869003,    9.4482975
   4864,   2.25747871,   8.29115486
   4865,   2.32931614,   8.35408688
   4866,   2.33789778,   8.20500946
   4867,   2.31366444,   4.23531628
   4868,   2.33786964,   5.53899193
   4869,   2.31223917,    8.9074192
   4870,   2.39118218,   8.81422234
   4871,    2.9067347,  0.855963469
   4872,   2.47656059,  0.860744655
   4873,   2.40431118,   0.93634057
   4874,   3.25568819,  0.946147561
   4875,   3.63144612,  0.907850444
   4876,   2.54764128,  0.928656816
   4877,    3.7314589,  0.852609038
   4878,   3.79151964,   0.94434613
   4879,   3.69150686,  0.999587536
   4880,   2.43962622,   9.51301193
   4881,   2.53281736,    9.5822773
   4882,   2.71816921,   9.55351925
   4883,   2.92130852,   9.51184368
   4884,   2.96456385,   9.39289284
   4885,   3.06189108,   9.42221451
   4886,   2.37919188,   8.98875904
   4887,   2.67488861,   8.75108528
   4888,   2.56690884,    8.7273407
   4889,   2.93522453,   9.24202824
   4890,   3.03661156,   9.29589748
   4891,   2.43655872,   5.46005058
   4892,   2.50685406,   5.53817177
   4893,   2.36722422,   4.88117933
   4894,   2.53270245,    7.1722374
   4895,   2.45836592,    7.1148963
   4896,   2.59540534,   7.07500887
   4897,   2.49581528,   7.45665169
   4898,   2.41676688,   7.54820824
   4899,   2.46555614,   7.61841917
   4900,   2.40058327,   9.08942986
   4901,   2.39070272,   3.84443569
   4902,   2.48634577,   3.93200779
   4903,   2.39462042,    2.2854681
   4904,   2.41594076,    2.1345787
   4905,   2.48792696,    2.2058115
   4906,   2.39317274,   5.15652275
   4907,   2.40431547,   5.30480385
   4908,   2.41072989,   7.95731163
   4909,   2.42683697,   8.11240387
   4910,   2.38277078,   8.42146492
   4911,   2.46436167,   8.46851158
   4912,   2.46473742,   6.45593548
   4913,   2.38813543,   6.52738476
   4914,   2.47480249,   2.05456114
   4915,   2.41352797,     1.083341
   4916,   3.17669344,   1.01169288
   4917,   3.37896109,   1.09612572
   4918,   3.44613981,   1.16457987
   4919,   3.36888552,   1.23058915
   4920,   3.30170679,     1.162135
   4921,   3.22785378,   9.41377163
   4922,   3.32884407,   9.33270741
   4923,   3.42275929,    9.4090395
   4924,   2.48153257,   1.00447202
   4925,   2.48574829,   2.63918328
   4926,   2.57862425,   2.84954596
   4927,    2.5708046,   2.70359993
   4928,   3.64587355,   1.11437392
   4929,   2.45687389,   4.26200056
   4930,   2.37700224,   4.32302952
   4931,   4.44999981,   0.95484376
   4932,   2.47883272,   5.84138107
   4933,   2.40402746,    5.9174118
   4934,   2.66102099,    1.2656455
   4935,   2.66043139,   2.90992069
   4936,   2.88859344,   1.11393356
   4937,   2.82678699,   1.17472017
   4938,   2.76324511,   1.11558056
   4939,   2.88420057,   1.21559811
   4940,   2.84047365,   1.27696979
   4941,   2.78306007,   1.23609185
   4942,   2.53368139,   7.75165462
   4943,   2.64831281,    9.2317009
   4944,    2.2787199,    1.8246851
   4945,   2.28335285,   3.49232578
   4946,   2.31363845,   5.09237862
   4947,    2.2854116,   6.71850395
   4948,   2.79057217,   1.51585162
   4949,    2.7579422,   1.61906791
   4950,   2.46731091,   3.14754391
   4951,    2.5622685,    5.9058547
   4952,   2.53859019,   4.21436024
   4953,   2.83087111,   9.16662407
   4954,   2.47777462,   7.86305237
   4955,   3.31667757,   1.02204132
   4956,   2.94841504,   1.18482113
   4957,   3.67153263,   1.36995637
   4958,   3.58826542,   1.29773593
   4959,   3.66877556,   1.22915542
   4960,   3.22190571,   1.22985935
   4961,   3.23768282,   1.08758664
   4962,    3.5879302,   1.17213368
   4963,   3.51564312,   1.23226726
   4964,   2.58484077,   2.06293535
   4965,   2.49043298,   1.95881915
   4966,   2.62060094,  0.994393408
   4967,   2.69075441,   1.05877876
   4968,   2.53321695,   3.28124332
   4969,   2.55930376,   7.33491755
   4970,   2.61829758,   7.23023796
   4971,   2.38141847,   7.05467415
   4972,   3.22404289,   9.26839256
   4973,   3.13869905,   9.35180092
   4974,   2.44741917,   4.94586229
   4975,   2.38409901,   5.01600647
   4976,   2.50504589,   5.37663174
   4977,   2.43271065,    6.5956831
   4978,   2.33751202,   6.65036821
   4979,   2.45637441,   3.76425838
   4980,    2.4672699,   2.35617733
   4981,   2.43159699,   8.28096581
   4982,    2.6309011,   7.79016685
   4983,   2.81073856,   7.70035982
   4984,    2.7049818,   1.18792367
   4985,   2.73909926,   1.31381369
   4986,   2.37893867,   1.78414023
   4987,    2.5119071,   1.75115204
   4988,   2.46484113,    1.8349185
   4989,   2.39183211,   3.44924641
   4990,   2.53094745,   3.39894247
   4991,   2.55048847,   4.99330616
   4992,    2.6307826,   5.06060123
   4993,    2.4636333,   5.08015013
   4994,   2.58166933,   4.42860794
   4995,   2.51098132,   4.48482227
   4996,    2.4433403,   4.40582275
   4997,   2.51402807,   4.34960842
   4998,   2.51081944,   4.62135553
   4999,    2.5802803,   4.69632244
   5000,   2.60682368,   5.50945282
   5001,   2.51514053,   3.83388448
   5002,   2.48490214,   5.99076986
   5003,    2.4871645,   6.72724628
   5004,   2.40745211,    6.7037282
   5005,   2.57241893,   8.35810661
   5006,   2.48505163,    8.3483448
   5007,   2.99011016,   1.25640094
   5008,   2.92589569,   1.28717792
   5009,   3.13412809,    1.3125633
   5010,   3.04481816,   1.35604393
   5011,   2.58291006,   6.06802273
   5012,   2.66339564,   7.38719749
   5013,   2.83619237,   1.34546208
   5014,   2.81056976,   1.42655349
   5015,   2.70444345,   6.38484955
   5016,   2.61575532,   6.41366291
   5017,   2.68702841,   6.26981163
   5018,   2.77141047,   7.41387558
   5019,   2.86509776,   7.56102657
   5020,   2.74335885,   2.97952747
   5021,   2.81693745,   3.04702091
   5022,   2.73966026,   3.10440159
   5023,   2.73732567,   4.56954384
   5024,   2.66397357,   4.63761139
   5025,   2.58334637,   4.56171131
   5026,   2.65669847,   4.49364376
   5027,   2.64963365,   6.15296459
   5028,     2.759758,   6.11659813
   5029,   2.79715252,   6.23344517
   5030,   2.78878927,   3.17335701
   5031,   2.72097898,   3.21322203
   5032,    2.8240757,   2.91275716
   5033,   2.76793718,   8.87627506
   5034,   2.79453993,    8.7644949
   5035,   2.66318607,     7.131598
   5036,   2.75017977,   7.17483425
   5037,   2.70529127,   7.27347469
   5038,   2.92161465,   1.35567021
   5039,   2.83032751,   3.90234089
   5040,   2.85239911,   4.03745699
   5041,   2.81161976,   2.31158066
   5042,   2.89950371,   2.45094085
   5043,   2.74743867,   5.50679493
   5044,   2.89606452,   5.53243065
   5045,   2.87598276,   5.65613127
   5046,   2.89130259,   2.54250908
   5047,   2.79939079,   5.11819649
   5048,   2.73695993,   5.00518322
   5049,   2.60470819,   5.40064144
   5050,   2.71945095,   6.72298336
   5051,   2.56606293,   6.77249527
   5052,   2.74532318,   5.39798355
   5053,    2.5803895,   2.17665339
   5054,   2.61460805,   2.26638603
   5055,   2.52214527,   2.29554415
   5056,   2.69868803,   2.29073763
   5057,   2.59347057,   2.35895443
   5058,    2.8327117,   3.26355076
   5059,   2.88904881,   3.13287306
   5060,   2.85786748,   3.35383654
   5061,   2.75466323,    3.3820343
   5062,   2.72950745,   3.29174829
   5063,   2.80847359,   4.82844543
   5064,   2.73157263,   4.72611618
   5065,   3.02452183,   2.45285845
   5066,   2.76753187,    6.6132164
   5067,   2.72365284,   6.47301817
   5068,   2.89120531,   4.17317295
   5069,   2.94607425,   4.33316088
   5070,   2.82986188,   4.36165762
   5071,   2.97736216,    5.7287569
   5072,   2.88703656,    5.8479228
   5073,   2.82285166,     6.755723
   5074,   3.02209711,    7.5907073
   5075,   2.96773791,   7.73004055
   5076,   2.88320255,   1.72350585
   5077,     2.755898,   1.71278679
   5078,   2.66990709,   1.74570048
   5079,   2.71227121,   2.18204403
   5080,   3.00600934,   8.87573242
   5081,    3.1155386,   8.88236427
   5082,   2.88823223,   8.87395763
   5083,   2.91543603,   2.99329257
   5084,    2.9875474,   3.07914448
   5085,   2.92453218,    1.4491657
   5086,   2.96075964,   5.20118141
   5087,   2.84274817,   5.24704456
   5088,   2.89997768,   6.85520267
   5089,   2.92705584,   7.06500721
   5090,   2.94323635,    8.5909586
   5091,   2.91013527,   8.47485352
   5092,   2.86846542,   6.00017357
   5093,   3.17106724,   2.74754357
   5094,   2.81817079,   4.46198463
   5095,     2.711761,   4.43781185
   5096,   3.24819756,   1.75341749
   5097,   3.11847353,   1.71568799
   5098,   2.99739313,   3.51886225
   5099,   2.99325752,   3.42808795
   5100,   3.10978627,   3.43746471
   5101,   2.71672225,     2.068326
   5102,   2.89817047,   6.98500252
   5103,   2.85486603,   7.10685158
   5104,   2.82598066,   7.02684736
   5105,   3.63520765,   1.52113771
   5106,   2.93464375,   8.67479706
   5107,   3.04671192,   8.67380142
   5108,   2.78968978,   3.78665709
   5109,   2.66735721,   3.67530107
   5110,   2.77647305,   3.69359684
   5111,   2.89993906,   3.77412105
   5112,    2.8659153,   5.37201214
   5113,   3.00360346,   5.34330463
   5114,   3.00356579,   8.12038231
   5115,   2.98191333,   7.94119072
   5116,   3.05727053,   6.43086815
   5117,   3.18311167,   6.45344925
   5118,   3.14745498,   6.58320379
   5119,   2.74022913,   1.97048903
   5120,   2.87033701,   8.33358097
   5121,   2.75535369,   8.28191662
   5122,   2.71382976,   1.83492661
   5123,   2.85610294,   3.67030478
   5124,   2.95032191,   3.63772011
   5125,   2.99415827,   3.74153662
   5126,   3.54359531,   1.65575874
   5127,   3.29077411,   9.03764629
   5128,   3.24036837,   8.90111351
   5129,   3.27633762,   2.80152655
   5130,   3.25269628,   2.63134646
   5131,   3.15236616,   8.77855682
   5132,   3.27719593,   8.79730606
   5133,    2.8300209,   4.64953566
   5134,   2.63813567,   3.41523695
   5135,    2.6679287,   3.50981045
   5136,   2.91003942,   8.77512455
   5137,    2.7377367,   3.59574604
   5138,   2.97043848,   1.73496175
   5139,   3.05209947,   4.28103828
   5140,   3.11203671,   4.39949131
   5141,     3.083498,   5.15528965
   5142,   3.12634182,   5.29741287
   5143,   3.31779051,   9.18148994
   5144,   3.11691236,   8.18314362
   5145,   2.94006205,   8.22470093
   5146,   3.14905214,   2.47427893
   5147,   3.29011297,   2.51744509
   5148,    3.3301177,   7.12769985
   5149,   3.43789744,   7.13361454
   5150,   3.20882773,   6.76144695
   5151,   3.24531317,   6.96768141
   5152,   3.06061649,   4.15466642
   5153,    3.4066813,   1.77246308
   5154,   3.24352431,   2.01336098
   5155,   3.10712528,   2.01209879
   5156,   3.24113178,   1.87959886
   5157,   3.39905167,   2.53003407
   5158,   3.61054802,   2.54597163
   5159,   3.62112379,   7.12221193
   5160,   3.48933172,   7.47573948
   5161,   3.69419527,   3.15310049
   5162,   3.23399329,   3.42370367
   5163,   3.20213938,   6.14937305
   5164,   3.21818328,   6.28871489
   5165,   3.06174421,   6.31029224
   5166,    3.1852355,   4.29673481
   5167,   3.22458363,    8.2318306
   5168,   3.09303999,   2.12266612
   5169,   3.22264528,   2.13762188
   5170,   3.25472307,   4.04642296
   5171,   3.19375229,   4.17036295
   5172,   3.76563215,    9.1250267
   5173,   3.72535706,   8.91777039
   5174,   3.76683855,   9.32949448
   5175,   3.64185238,   9.22788811
   5176,   3.24405909,   4.87002897
   5177,   3.17239428,   4.97295666
   5178,    3.3809638,   4.94182253
   5179,   3.42259169,   9.24580574
   5180,   3.52160716,   9.49416924
   5181,   3.53616571,   9.32377815
   5182,   3.63501358,   9.40890694
   5183,   3.34325099,   3.65172482
   5184,   3.28986502,   3.54823995
   5185,   3.74702215,   7.02346802
   5186,   3.71728468,   6.80351162
   5187,   3.73280263,   7.23709106
   5188,   4.04275417,   1.65193057
   5189,   3.68705177,   3.28316259
   5190,   3.49425983,   3.28225565
   5191,   3.66286135,   7.43322468
   5192,   3.71301579,    7.5754385
   5193,   3.53948641,    7.6179533
   5194,   3.35066056,   3.38881898
   5195,    2.9353776,   6.31410885
   5196,   3.64817762,   6.58524609
   5197,   3.80733514,   6.65518761
   5198,   3.44706154,     3.684273
   5199,   3.46534061,    8.0571022
   5200,   3.76422668,   7.70810413
   5201,   3.83450747,   3.35455894
   5202,   3.57330608,   3.73413515
   5203,    3.6871748,    6.1042738
   5204,     3.709764,   3.86014915
   5205,   3.65641212,   4.34246635
   5206,   3.71603131,   4.55248547
   5207,   3.86367846,   4.64532852
   5208,   3.83965969,   5.20535278
   5209,   4.08894539,   5.25147343
   5210,   3.69316912,   5.32388592
   5211,   4.44999981,   5.69984341
   5212,   3.02781677,   8.77689934
   5213,   2.81607056,   6.34058666
   5214,   2.64040518,    3.2975378
   5215,   3.37271023,   1.35486639
   5216,   3.32795691,   1.42802131
   5217,   3.44277525,   1.28781331
   5218,   3.29882026,   1.29764223
   5219,    3.2110424,    1.3803463
   5220,   2.77139282,   7.09413242
   5221,   2.72167349,   7.04255962
   5222,   2.78665924,  0.442124069
   5223,   2.86046767,  0.367387384
   5224,   2.93645573,  0.435263276
   5225,   3.61816788, -0.365985155
   5226,   3.54167843, -0.439180195
   5227,   3.61852932,  -0.50999999
   5228,   3.69501877,  -0.43680492
   5229,   2.64003396,  0.287223995
   5230,    2.5606966,  0.369858176
   5231,   2.48122978,  0.313238502
   5232,    2.5605669,  0.230604321
   5233,   3.84689713, -0.442216575
   5234,   3.92088223,  -0.50999999
   5235,   3.99879456, -0.443446636
   5236,   3.92480946, -0.375663221
   5237,   1.96075606, 0.0751051605
   5238,   2.03734303,  0.150359303
   5239,   1.95658708,  0.220968425
   5240,         1.88,  0.145714283
   5241,   2.41859722, -0.384376287
   5242,   2.33868647, -0.444554806
   5243,    2.4091177,  -0.50999999
   5244,   2.48902845, -0.449821472
   5245,   1.95845389, -0.363537431
   5246,         1.88, -0.437142849
   5247,   1.95558834,  -0.50999999
   5248,   2.03404212, -0.436394572
   5249,   4.37441158,  -0.50999999
   5250,   4.44999981, -0.437142849
   5251,   4.37498522, -0.365908146
   5252,   4.29939699, -0.438765287
   5253,   4.04663277,  0.237047836
   5254,   4.13155365,  0.295713395
   5255,   4.06429529,  0.374085546
   5256,   3.97937441,  0.315420002
   5257,   3.84276772,  0.449959993
   5258,   3.91446972,  0.384795785
   5259,   3.99258423,  0.444835782
   5260,   4.36832523,  0.217119306
   5261,   4.44999981,  0.291428566
   5262,   4.37189198,  0.363877833
   5263,    4.2902174,  0.289568543
   5264,   3.95218039,  0.191916496
   5265,   4.01198721, 0.0967117548
   5266,   4.10643959,  0.141843095
   5267,   4.07205868,  -0.50999999
   5268,   4.14902401, -0.441353977
   5269,   4.07575989, -0.374800622
   5270,   3.45025539, 0.0719463453
   5271,   3.51162767, 0.0197555777
   5272,   3.58705878, 0.0776824355
   5273,   3.52568626,  0.129873201
   5274,   3.85424829, -0.313123703
   5275,   4.00232983, -0.313949466
   5276,   3.93176889, -0.251409948
   5277,   3.46735287,  -0.50999999
   5278,   3.46292019, -0.372483253
   5279,   3.38859463, -0.443303049
   5280,   3.09245896,    0.4371517
   5281,   3.17459679,  0.369190335
   5282,   3.24713778,  0.442038596
   5283,   3.22851396, -0.320690036
   5284,   3.14886999, -0.263902128
   5285,   3.07924414, -0.327092648
   5286,   3.15888786, -0.383880556
   5287,   2.63627815,  0.438110173
   5288,    2.4847126,  0.441747963
   5289,   2.25558901,  0.374153614
   5290,   2.18292713,  0.303439468
   5291,   2.25806737,  0.242613822
   5292,   2.33072948,  0.313327938
   5293,    2.0474937, -0.141491055
   5294,   2.12749147, -0.218499929
   5295,   2.22870994,  -0.14143154
   5296,   2.14871216, -0.0644226894
   5297,   2.10676479,  -0.50999999
   5298,   2.18716002, -0.438804477
   5299,   2.11443758, -0.365199029
   5300,   4.29630375,  0.436734974
   5301,   4.44999981,  0.437142849
   5302,    4.2840929,  0.142029613
   5303,   4.36576748, 0.0706246048
   5304,   4.44999981,  0.145714283
   5305,   4.28558636, -0.00456209108
   5306,   4.36981869, -0.0751866996
   5307,   4.44999981,           0.
   5308,   4.29334068,  -0.15070948
   5309,    4.3735218, -0.221237063
   5310,   4.44999981, -0.145714283
   5311,   4.44999981, -0.291428566
   5312,   4.29850674, -0.295716643
   5313,   3.77221012, -0.369021505
   5314,   3.76970577,  -0.50999999
   5315,   3.96853781, -0.0834187567
   5316,   4.06197929, -0.113804325
   5317,   4.11080647, -0.0168101862
   5318,    4.0173645, 0.0135753807
   5319,   3.26339269,  0.309299767
   5320,   3.34885836,   0.24991399
   5321,   3.41482067,  0.318981946
   5322,   3.32935524,  0.378367722
   5323,   3.37839413, -0.313331068
   5324,   3.53379846, -0.300906003
   5325,   3.44927263, -0.241753817
   5326,   3.01509094,  0.362415016
   5327,   3.01382351,  -0.50999999
   5328,   3.08646774, -0.448065162
   5329,   3.00868177, -0.387426674
   5330,   2.93603754, -0.449361503
   5331,   2.86264706,  -0.50999999
   5332,   2.85988903, -0.390422106
   5333,   2.78649855, -0.451060593
   5334,   2.56701279, -0.392183989
   5335,   2.56029415,  -0.50999999
   5336,   2.63827872, -0.452362508
   5337,   2.53894424, -0.033148095
   5338,   2.57283115, 0.0336357392
   5339,   2.46434665, 0.0626155958
   5340,    2.4304595, -0.00416823663
   5341,   2.40766811,   0.37483412
   5342,   2.33207297,  0.443086147
   5343,   2.28881168, -0.236428469
   5344,   2.20138001,  -0.29481554
   5345,   2.26790547, -0.373359263
   5346,   2.35533714, -0.314972222
   5347,   2.18145752,  0.441067457
   5348,   1.95526505,  0.365879804
   5349,         1.88,  0.291428566
   5350,   2.03185225,  0.295419663
   5351,   2.03085327,  0.438736945
   5352,     2.105546,  0.369804412
   5353,         1.88,  0.437142849
   5354,   1.96539879, -0.0704307631
   5355,   2.04615474, 0.00467439368
   5356,         1.88,           0.
   5357,   1.96209502, -0.216774583
   5358,         1.88, -0.291428566
   5359,    2.0405488, -0.288883448
   5360,   4.14377022,  0.439249754
   5361,   4.21683884,  0.365984738
   5362,         1.88, -0.145714283
   5363,   4.21079254, -0.0859477818
   5364,   4.13967228, -0.165010095
   5365,   4.22221994, -0.229771793
   5366,   4.22518635, -0.370119274
   5367,   4.22323513,  -0.50999999
   5368,   2.50242329, -0.331661016
   5369,   2.43916297,  -0.26225695
   5370,   4.14889908, -0.304174423
   5371,   4.07546902, -0.243323267
   5372,   3.16499996,  -0.50999999
   5373,   3.23742032, -0.445815384
   5374,   3.31617641,  -0.50999999
   5375,   3.30983853, -0.379118443
   5376,   3.54702401,  0.449920088
   5377,   3.62271833,  0.392403096
   5378,   3.69422388,  0.452482998
   5379,   4.18560028, 0.0645755082
   5380,   3.76728582,  0.392443001
   5381,   2.71146679,  0.370234281
   5382,   2.40429115,   0.25173232
   5383,   3.39839363,  0.446329117
   5384,   3.55924344,  0.328194439
   5385,    3.6314187,  0.275133252
   5386,   3.69489384,  0.339341879
   5387,   3.47806501,  0.386249185
   5388,    3.1266489,  0.166829154
   5389,     3.011343,  0.214005977
   5390,    2.9512949,  0.134096459
   5391,    3.0666008, 0.0869196206
   5392,    2.7114706,  -0.50999999
   5393,   2.71330667,  -0.39342311
   5394,   2.71287823,  0.236846477
   5395,   2.78431106,  0.319856763
   5396,   2.32215142, -0.0137749873
   5397,   2.32794952, -0.0967027545
   5398,    2.4362576, -0.0870960057
   5399,   2.68652964, 0.0341504812
   5400,    2.6880672, -0.0756318644
   5401,    2.8102951, -0.0651322454
   5402,   2.80875754, 0.0446501002
   5403,   3.85166788,   -0.1258775
   5404,   3.76037693, -0.146875501
   5405,   3.78140187, -0.227181122
   5406,   3.87269306, -0.206183121
   5407,   3.69936371, -0.283078939
   5408,   3.61499453, -0.217999801
   5409,   2.92383623,  0.279604673
   5410,   3.10259771,  0.296816289
   5411,   2.25794125,  -0.50999999
   5412,   3.49599934,    0.2609272
   5413,    2.9302392, -0.329254746
   5414,   2.85399222, -0.270294905
   5415,   2.78364205, -0.331462294
   5416,   2.22477341, 0.0164078306
   5417,   2.12221575, 0.0855049118
   5418,   2.10923338,  0.229054734
   5419,    2.1941061,  0.164200336
   5420,   2.57898235, -0.279086977
   5421,   2.64357233, -0.339609951
   5422,   4.20493221,    0.2192972
   5423,   3.83437753,  0.331556171
   5424,   3.89928222,  0.262180388
   5425,   2.77141762, -0.198699206
   5426,   2.70503449, -0.159183308
   5427,   2.64752436, -0.238133222
   5428,   2.71390772, -0.277649134
   5429,   3.24937344, -0.0111022014
   5430,   3.19174409, -0.080167897
   5431,   3.27674508, -0.134061247
   5432,   3.33437443, -0.0649955571
   5433,   3.29706955, -0.254902661
   5434,   2.38805103, -0.191699669
   5435,    2.4014535,   0.14754352
   5436,   2.37220144, 0.0831001252
   5437,   2.49359846,  0.127058983
   5438,   3.99777651, -0.192117482
   5439,   3.93870068,  -0.14689067
   5440,   3.19139361,  0.236925721
   5441,   3.00080156,  -0.26892072
   5442,   2.84767962,  0.232074067
   5443,    3.7619853,  0.278455079
   5444,   3.13457823, -0.148133114
   5445,   3.11058474, -0.0312741213
   5446,   3.05341911, -0.0992393419
   5447,   3.06954145,  -0.21171239
   5448,   3.21390724, -0.200322837
   5449,   3.21984196,  0.112579115
   5450,   3.28458691,  0.182675689
   5451,   3.37021446,  0.126057237
   5452,   3.43448591,  0.193295538
   5453,   2.58720589,  0.150083899
   5454,   2.46695995,  0.207579419
   5455,   3.58719969,  0.197504863
   5456,   3.69817829,  0.237449467
   5457,   3.65395927,  0.159821093
   5458,   2.83570552,  0.145826221
   5459,   2.70090437,   0.15059863
   5460,   2.84242392,  -0.14303644
   5461,   2.92499828, -0.214632154
   5462,   3.81671762, 0.0353930853
   5463,   3.78362751, -0.031211447
   5464,   3.88150501, -0.0624055788
   5465,   3.91459513, 0.00419895351
   5466,   3.30818653, 0.0590320304
   5467,   3.16102886, 0.0424448848
   5468,   2.27482319,  0.113282949
   5469,   3.67816401,  0.078620553
   5470,   3.77556181, 0.0927670971
   5471,   3.75135708,   0.17396763
   5472,    2.5300405, -0.214647233
   5473,   2.59858227, -0.173693478
   5474,   3.90921783, 0.0873353258
   5475,   3.81516409,  0.214973241
   5476,   3.35990763, -0.188641071
   5477,   3.01615667, 0.0132006202
   5478,   2.99373794, -0.157423824
   5479,   3.42012835, -0.117629893
   5480,   3.50949335, -0.170742646
   5481,    3.5990386, -0.0191465784
   5482,   3.69014382, -0.018208459
   5483,   3.66689301, -0.133872509
   5484,   3.56139207, -0.0866153538
   5485,   3.38822722, 0.00492113503
   5486,   3.47398138, -0.0477131978
   5487,   2.92434692, 0.0329203345
   5488,   2.58161497, -0.090142034
   5489,   2.93097734,  -0.11554718
   5490,   2.99065828, -0.057362698
   5491,   2.89884853, -0.0376429856
   5492,   3.86806202,  0.144709349
   5493,   2.33878469,   0.19169642
   5494,   2.47892857, -0.144089937
   5495,   1.73505092,  -9.92552757
   5496,   1.66439104,  -9.85168457
   5497,   1.59160805,    -9.926157
   5498,   1.66226792,         -10.
   5499,   1.52196777,  -9.55952454
   5500,   1.59393549,  -9.48331833
   5501,   1.52196789,  -9.41268349
   5502,   1.45000005,  -9.48888874
   5503,   1.59429574,  -8.89282608
   5504,   1.52208829,  -8.82535744
   5505,   1.45000005,  -8.90476227
   5506,   1.52220762,  -8.97222996
   5507,   1.45000005,  -8.61269855
   5508,   1.52222621,  -8.67858696
   5509,   1.59435248,  -8.59761429
   5510,   1.52212632,  -8.53172588
   5511,   1.45000005,  -8.32063484
   5512,   1.52227342,  -8.38495445
   5513,   1.59446394,  -8.30243587
   5514,   1.52219057,  -8.23811722
   5515,   1.45000005,  -8.02857113
   5516,    1.5223031,  -8.09138489
   5517,   1.59447479,  -8.00746346
   5518,   1.52217185,   -7.9446497
   5519,   1.45000005,  -7.73650789
   5520,   1.52220368,  -7.79789591
   5521,   1.59415555,  -7.71259928
   5522,   1.52195191,  -7.65121126
   5523,   1.52161515,   -7.3575592
   5524,   1.59279394,  -7.26978493
   5525,   1.52117872,    -7.210639
   5526,   1.45000005,  -7.29841232
   5527,   1.52120614,    -7.063869
   5528,   1.59197569,  -6.97482967
   5529,   1.52076972,  -6.91730976
   5530,   1.45000005,  -7.00634956
   5531,   1.52118611,  -6.77058887
   5532,   1.59221923,  -6.68003988
   5533,   1.52103317,  -6.62373686
   5534,   1.45000005,  -6.71428585
   5535,    1.5203712,  -6.47584295
   5536,    1.5855298,  -6.38266325
   5537,   1.51515865,  -6.32904243
   5538,   1.45000005,  -6.42222214
   5539,   1.56727457,  -6.24080849
   5540,   1.50211596,  -6.18795633
   5541,   1.45000005,  -6.27619076
   5542,   1.53946209,  -5.83077049
   5543,   1.49665308,  -5.76408958
   5544,   1.45000005,  -5.83809519
   5545,   1.49280918,  -5.90477657
   5546,   1.45000005,  -5.54603195
   5547,   1.50053465,  -5.62007523
   5548,   1.55257618,  -5.54868984
   5549,   1.50204158,  -5.47464657
   5550,   1.45000005,  -5.25396824
   5551,     1.502334,  -5.32981634
   5552,   1.55505025,  -5.26362896
   5553,    1.5027163,  -5.18778038
   5554,   1.52886784,   -4.9233532
   5555,   1.45000005,  -4.96190453
   5556,   1.50860429,  -5.05011845
   5557,    1.5874722,  -5.01156616
   5558,   1.45000005,  -4.66984129
   5559,   1.50223231,  -4.71723938
   5560,    1.5451653,  -4.63333511
   5561,   1.49293303,   -4.5859375
   5562,   1.45000005,  -4.37777805
   5563,   1.49885583,  -4.45078707
   5564,   1.55766892,   -4.3854332
   5565,   1.50881314,  -4.31242371
   5566,   1.45000005,  -4.08571434
   5567,   1.51570511,  -4.17267704
   5568,   1.58570123,  -4.11640787
   5569,   1.51999617,  -4.02944565
   5570,   1.45000005,  -3.79365063
   5571,   1.52232838,  -3.88383603
   5572,   1.59560847,  -3.82739854
   5573,   1.52328014,  -3.73721313
   5574,   1.45000005,  -3.50158739
   5575,   1.52402747,   -3.5887804
   5576,   1.60103774,  -3.51997995
   5577,   1.52701044,  -3.43278694
   5578,   1.45000005,  -3.20952368
   5579,   1.50080538,  -3.28062463
   5580,   1.54379416,   -3.2123518
   5581,   1.49298882,  -3.14125109
   5582,    1.5665853,  -2.94778299
   5583,   1.51527309,   -2.8618722
   5584,   1.45000005,  -2.91746044
   5585,   1.50131226,    -3.003371
   5586,   1.59347343,   -2.6515038
   5587,   1.52218652,  -2.56421471
   5588,   1.45000005,  -2.62539673
   5589,   1.52128696,  -2.71268582
   5590,   1.52254963,  -2.26994538
   5591,   1.59518766,  -2.20583558
   5592,   1.52263808,  -2.12319183
   5593,   1.45000005,  -2.18730164
   5594,   1.52264392,   -1.9763546
   5595,   1.59524381,  -1.91071427
   5596,   1.52259994,  -1.82959771
   5597,   1.45000005,  -1.89523816
   5598,   1.52245951,  -1.68278885
   5599,   1.59485698,  -1.61563349
   5600,   1.52239752,  -1.53601921
   5601,   1.45000005,  -1.60317469
   5602,   1.52214074,  -1.38924408
   5603,   1.59436607,   -1.3205266
   5604,   1.52222538,  -1.24239373
   5605,   1.45000005,  -1.31111121
   5606,   1.59399033,  -1.02541077
   5607,   1.52192473,  -0.94884491
   5608,   1.45000005,  -1.01904762
   5609,   1.52206564,  -1.09561348
   5610,   1.66561973, -0.657954216
   5611,   1.59392047, -0.730570376
   5612,    1.6655575, -0.805949688
   5613,   1.73725677, -0.733333468
   5614,   1.45000005, -0.873015881
   5615,   1.59381509, -0.877883375
   5616,   1.52189052, -0.802054405
   5617,   1.52130318,  -9.85314178
   5618,   1.45000005,  -9.92698479
   5619,   1.52030492,         -10.
   5620,   1.80860913,  -9.55036163
   5621,   1.73712647,    -9.627244
   5622,   1.80851734,  -9.70029545
   5623,         1.88,  -9.62341309
   5624,   1.80869293,  -9.25052834
   5625,   1.73746991,    -9.328825
   5626,   1.80877709,  -9.40043831
   5627,         1.88,   -9.3221426
   5628,         1.88,  -9.02087307
   5629,   1.80873442,  -8.95072937
   5630,    1.7375778,  -9.03051376
   5631,   1.80884337,  -9.10065746
   5632,         1.88,  -8.71960354
   5633,    1.8089844,  -8.65100288
   5634,   1.73784983,  -8.73226452
   5635,   1.80886543,  -8.80086517
   5636,         1.88,  -8.41833305
   5637,   1.80903387,  -8.35123444
   5638,   1.73793769,  -8.43400002
   5639,   1.80890393,  -8.50109768
   5640,         1.88,  -8.11706352
   5641,   1.80907464,  -8.05149269
   5642,   1.73805428,   -8.1357708
   5643,   1.80897963,  -8.20134163
   5644,         1.88,  -7.81579351
   5645,    1.8089838,  -7.75179958
   5646,   1.73796272,  -7.83765602
   5647,    1.8089788,  -7.90165043
   5648,         1.88,  -7.51452351
   5649,   1.80871749,  -7.45210743
   5650,   1.73746061,  -7.53959227
   5651,     1.808743,  -7.60200834
   5652,         1.88,  -7.21325397
   5653,   1.80834126,  -7.15230322
   5654,   1.73666835,  -7.24130249
   5655,   1.80832708,  -7.30225372
   5656,         1.88,  -6.91198397
   5657,   1.80817389,   -6.8526969
   5658,   1.73619795,  -6.94321966
   5659,   1.80802417,  -7.00250673
   5660,   1.59140444,  -6.53132582
   5661,   1.66403079,  -6.58785677
   5662,   1.73546958,  -6.49234295
   5663,   1.66284323,    -6.435812
   5664,   1.65466595,  -6.27593136
   5665,   1.69063115,  -6.18454742
   5666,   1.60323977,  -6.14942455
   5667,   1.75157833,  -5.96525955
   5668,   1.71566081,  -6.02337408
   5669,   1.75402546,  -6.07744694
   5670,   1.78994298,  -6.01933193
   5671,   1.71305609,     -5.63097
   5672,   1.65101886,  -5.69851208
   5673,   1.70241022,  -5.78756952
   5674,   1.76444757,  -5.72002792
   5675,   1.71773565,  -5.33499813
   5676,   1.66279781,  -5.40805912
   5677,   1.71667171,  -5.48092365
   5678,   1.77160954,  -5.40786266
   5679,   1.75580943,  -5.10943079
   5680,   1.69957924,  -5.06421375
   5681,   1.65964305,  -5.15011215
   5682,   1.71587324,  -5.19532919
   5683,   1.69510484,  -4.80322742
   5684,   1.72362924,  -4.86357403
   5685,   1.78411067,  -4.81469822
   5686,   1.75558639,  -4.75435257
   5687,   1.66530681,  -4.65986252
   5688,   1.60089111,  -4.65785122
   5689,   1.57355833,  -4.73597527
   5690,   1.63797379,  -4.73798704
   5691,    1.6361419,  -4.33813572
   5692,    1.7145977,  -4.29281044
   5693,   1.65297389,  -4.20802975
   5694,    1.5745182,  -4.25335503
   5695,   1.66188276,  -4.06617641
   5696,   1.73563075,  -4.01226234
   5697,   1.66607237,  -3.91968513
   5698,    1.5923245,  -3.97359896
   5699,    1.6681931,  -3.77172112
   5700,    1.7411077,  -3.71511531
   5701,   1.67022204,  -3.62176871
   5702,   1.59730744,  -3.67837453
   5703,   1.64027643,  -3.39344144
   5704,   1.67816854,  -3.46618176
   5705,   1.76028204,  -3.42670155
   5706,   1.72238994,  -3.35396123
   5707,   1.83694983,  -3.06994295
   5708,   1.77290905,  -3.13020945
   5709,   1.81595922,  -3.20637751
   5710,         1.88,  -3.14611101
   5711,   1.65298688,  -2.90877581
   5712,   1.72993934,   -2.8470335
   5713,   1.66351247,  -2.74138737
   5714,   1.58656001,  -2.80312967
   5715,   1.66547847,  -2.58757067
   5716,   1.73718333,  -2.52374554
   5717,   1.66637564,  -2.43798018
   5718,   1.59467077,  -2.50180554
   5719,   1.66667783,  -2.28921652
   5720,    1.7384007,  -2.22430563
   5721,   1.66691053,  -2.14092469
   5722,    1.6669451,  -1.99250245
   5723,   1.73854852,  -1.92594481
   5724,   1.66684723,   -1.8441565
   5725,   1.66595793,    -1.399248
   5726,   1.73761177,  -1.32960176
   5727,    1.6660198,  -1.25088048
   5728,   1.66594398,  -1.10254669
   5729,   1.59429097,  -1.17292786
   5730,   1.73767281,   -1.1804992
   5731,         1.88, -0.735952377
   5732,    1.8085897, -0.659755647
   5733,   1.80866694, -0.809530199
   5734,    1.7369231, -0.584438205
   5735,         1.88, -0.585317492
   5736,    1.8083334,  -0.50999999
   5737,   1.45000005,  -1.16507936
   5738,   1.45000005,  -1.45714283
   5739,   1.59453821,  -1.46812034
   5740,   1.45000005,   -1.7492063
   5741,   1.59505939,  -1.76318026
   5742,   1.45000005,  -2.04126978
   5743,   1.59528208,  -2.05827665
   5744,    1.5224843,  -2.41695595
   5745,   1.45000005,  -2.47936511
   5746,   1.45000005,  -2.77142859
   5747,   1.45000005,  -3.06349206
   5748,   1.54430115,  -3.08113003
   5749,   1.57781577,  -3.35785604
   5750,   1.45000005,  -3.35555553
   5751,   1.45000005,  -3.64761901
   5752,   1.45000005,  -3.93968248
   5753,   1.45000005,  -4.23174572
   5754,   1.45000005,  -4.52380943
   5755,   1.54178882,  -4.51291466
   5756,   1.45000005,  -4.81587315
   5757,   1.52132607,  -4.83460903
   5758,   1.45000005,  -5.10793686
   5759,   1.56132054,  -5.12996197
   5760,   1.45000005,  -5.39999962
   5761,   1.55437553,  -5.40446329
   5762,   1.45000005,  -6.13015842
   5763,   1.54636526,  -6.10409641
   5764,   1.49424934,   -6.0462985
   5765,   1.52195597,  -7.50435543
   5766,   1.45000005,  -7.59047604
   5767,   1.59390771,  -7.56509066
   5768,   1.45000005,  -7.88253975
   5769,   1.59437561,  -7.86000633
   5770,   1.45000005,  -8.17460251
   5771,   1.59449363,   -8.1548996
   5772,   1.45000005,  -8.46666718
   5773,   1.59439969,  -8.45001316
   5774,   1.52208042,  -9.11903095
   5775,   1.45000005,  -9.19682503
   5776,   1.52189648,  -9.26581669
   5777,   1.59397686,  -9.18802261
   5778,    1.5217402,    -9.706357
   5779,   1.45000005,  -9.78095245
   5780,   1.59304333,  -9.77854538
   5781,   1.73738623,  -9.47802258
   5782,    1.6657449,  -9.40645599
   5783,   1.66557693,  -9.55488586
   5784,   1.73753619,  -9.17967796
   5785,   1.66592371,  -9.10968781
   5786,   1.66558933,  -9.25801182
   5787,   1.66595364,   -8.8128891
   5788,   1.66594207,  -8.96129227
   5789,   1.73759985,  -8.88135719
   5790,   1.66621065,  -8.66458893
   5791,   1.73788834,  -8.58313179
   5792,   1.66603017,  -8.51615715
   5793,   1.66630721,  -8.36785507
   5794,   1.73801351,  -8.28487778
   5795,   1.66617012,  -8.21945858
   5796,   1.66637766,  -8.07121086
   5797,   1.73805344,  -7.98671436
   5798,   1.66615057,  -7.92296696
   5799,   1.66618752,   -7.7746954
   5800,   1.73772693,  -7.68864918
   5801,   1.66569495,  -7.62655258
   5802,   1.80792332,  -6.70301628
   5803,    1.7360971,  -6.79436398
   5804,         1.88,   -6.7613492
   5805,   1.73197937,   -6.3290801
   5806,   1.68671751,  -6.09693813
   5807,   1.75793922,  -6.16505623
   5808,   1.63282704,  -5.82962704
   5809,   1.65705144,  -5.89082623
   5810,   1.72663474,  -5.84876823
   5811,   1.61176729,  -5.08148384
   5812,   1.60919642,  -5.19859028
   5813,   1.67528415,  -4.99429607
   5814,         1.88,   -4.6524601
   5815,    1.8279345,  -4.60307598
   5816,   1.78420806,  -4.68921947
   5817,   1.83627355,  -4.73860455
   5818,   1.79232883,  -4.39134693
   5819,         1.88,  -4.35119057
   5820,   1.80226886,  -4.25265455
   5821,   1.80688667,  -4.10569906
   5822,         1.88,  -4.04992056
   5823,   1.80874407,  -3.95648384
   5824,   1.80991316,  -3.80680943
   5825,         1.88,  -3.74865079
   5826,   1.81119454,  -3.65695667
   5827,   1.81615806,  -3.50902963
   5828,         1.88,  -3.44738102
   5829,   1.82412386,   -3.3650527
   5830,   1.80271387,  -2.92920494
   5831,         1.88,  -2.84484124
   5832,   1.80722547,   -2.7626698
   5833,   1.80829191,  -2.60899067
   5834,         1.88,  -2.54357147
   5835,   1.80889142,  -2.45832586
   5836,   1.80912828,  -2.30823946
   5837,         1.88,  -2.24230146
   5838,   1.80927241,  -2.15836763
   5839,   1.80930114,  -2.00844955
   5840,         1.88,  -1.94103181
   5841,   1.80924737,  -1.85852695
   5842,   1.80914807,  -1.70868671
   5843,         1.88,  -1.63976192
   5844,   1.80904794,  -1.55883646
   5845,   1.73819602,  -1.62776136
   5846,   1.80881715,  -1.40897226
   5847,         1.88,  -1.33849216
   5848,    1.8087945,  -1.25912166
   5849,    1.8088783,  -1.10923481
   5850,         1.88,  -1.03722215
   5851,   1.80874979, -0.959371328
   5852,    1.7376281,  -1.03138387
   5853,   1.73741674, -0.882314205
   5854,         1.88, -0.886587262
   5855,         1.88,  -1.18785715
   5856,   1.73786521,   -1.4786818
   5857,         1.88,  -1.48912692
   5858,   1.73839545,  -1.77681684
   5859,         1.88,  -1.79039681
   5860,         1.88,   -2.0916667
   5861,   1.73857355,  -2.07515049
   5862,         1.88,  -2.39293647
   5863,    1.7380197,  -2.37362885
   5864,         1.88,  -2.69420624
   5865,    1.7355175,  -2.67745423
   5866,         1.88,  -2.99547625
   5867,    1.7596637,  -3.00367188
   5868,         1.88,  -3.29674602
   5869,   1.76008308,  -3.27468443
   5870,         1.88,  -3.59801579
   5871,    1.7473526,  -3.56797028
   5872,         1.88,  -3.89928579
   5873,   1.73865724,  -3.86400771
   5874,         1.88,   -4.2005558
   5875,   1.72915554,  -4.15779781
   5876,         1.88,  -4.50182533
   5877,   1.80828333,  -4.48246956
   5878,   1.75621784,  -4.58372021
   5879,         1.88,  -4.80309534
   5880,   1.82783711,  -4.87918949
   5881,   1.60897779,  -5.33443642
   5882,   1.60819554,  -5.47808599
   5883,    1.8204478,  -5.79379272
   5884,         1.88,  -5.70690489
   5885,   1.82399976,  -5.63313961
   5886,   1.83343184,  -6.08531046
   5887,         1.88,   -6.0081749
   5888,   1.83651114,  -5.94219589
   5889,   1.80747199,   -6.3999691
   5890,         1.88,  -6.30944443
   5891,   1.80450737,  -6.23855543
   5892,   1.73592091,  -6.64475536
   5893,         1.88,  -6.61071444
   5894,    1.8079977,  -6.55245304
   5895,   1.66499996,  -0.50999999
   5896,   1.59369659, -0.583516002
   5897,      1.52203, -0.656015992
   5898,   1.52166665,  -0.50999999
   5899,   1.45000005,  -2.33333349
   5900,   1.59503376,  -2.35356784
   5901,   1.45000005,  -5.69206333
   5902,   1.54718757,  -5.69210052
   5903,   1.45000005,  -5.98412704
   5904,   1.53705835,  -5.96694851
   5905,   1.45000005,  -6.56825399
   5906,   1.59195578,  -6.82758141
   5907,   1.45000005,  -6.86031723
   5908,   1.59238482,  -7.12212658
   5909,   1.45000005,  -7.15238094
   5910,   1.59357095,  -7.41746998
   5911,   1.45000005,  -7.44444466
   5912,   1.45000005,  -8.75872993
   5913,   1.59431434,  -8.74521351
   5914,   1.45000005,  -9.05079365
   5915,   1.59428799,  -9.04046726
   5916,   1.45000005,  -9.34285736
   5917,    1.5938642,  -9.33564281
   5918,   1.59370804,  -9.63096046
   5919,   1.45000005,  -9.63492012
   5920,   1.73660529,  -9.77645874
   5921,   1.66525757,  -9.70331955
   5922,         1.88,  -9.92468262
   5923,   1.80808794,  -9.85021019
   5924,   1.80696297,         -10.
   5925,   1.66567445, -0.954247952
   5926,   1.63395405,  -3.11250639
   5927,   1.62833643,  -3.19778442
   5928,   1.69920349,  -3.21763372
   5929,   1.70482087,  -3.13235569
   5930,   1.60021162,  -4.46261168
   5931,   1.67868459,   -4.4153142
   5932,   1.72958231,  -4.66232681
   5933,   1.69194221,  -4.58125591
   5934,   1.62866426,  -4.59331989
   5935,   1.57293832,  -4.56880474
   5936,   1.66644549,  -1.54755414
   5937,    1.6666075,   -1.6958406
   5938,   1.76951742,  -5.55832291
   5939,   1.66021037,  -5.55357122
   5940,   1.60517406,  -3.04482532
   5941,   1.57308102,  -3.14881086
   5942,   1.66151035,  -3.29691076
   5943,   1.59904957,  -3.26132536
   5944,   1.77695894,  -5.87844944
   5945,   1.70125413,  -5.93557835
   5946,   1.60459089,  -5.62417507
   5947,   1.59361553,  -5.76643753
   5948,   1.58180737,  -6.02218819
   5949,   1.62342262,  -5.94920015
   5950,    1.5786736,     -5.89396
   5951,   1.66410935,  -6.73693848
   5952,   1.66423023,  -7.03304243
   5953,   1.66394353,   -6.8850069
   5954,   1.66494226,  -7.32981253
   5955,   1.66452003,  -7.18127537
   5956,   1.73636556,  -7.09219074
   5957,    1.7592535,   -4.9553709
   5958,   1.63965988,   -4.9024992
   5959,   1.63211811,  -4.81375504
   5960,   1.77048492,  -5.26092911
   5961,   1.66312385,  -5.26939821
   5962,   1.73704457,  -7.39047241
   5963,   1.66567349,  -7.47813034
   5964,         1.88,  -9.47277832
   5965,         1.88,  -9.17150784
   5966,         1.88,   -8.8702383
   5967,         1.88,  -4.95373011
   5968,   1.81141639,  -5.02991152
   5969,   1.70096064,  -4.72745991
   5970,   1.69463921,   -4.5064373
   5971,   1.69157553,  -3.00581789
   5972,         1.88,  -5.25500011
   5973,   1.82439303,  -5.18388462
   5974,   1.82609189,   -5.3320446
   5975,         1.88,  -5.10436535
   5976,         1.88,  -5.55626965
   5977,   1.82551765,  -5.48145294
   5978,         1.88,  -5.40563488
   5979,         1.88,  -5.85753965
   5980,         1.88,  -6.15880966
   5981,   1.63868189,  -6.06751633
   5982,   1.66762531,  -5.99395275
   5983,         1.88,  -6.46007919
   5984,         1.88,  -7.06261921
   5985,         1.88,  -7.36388874
   5986,         1.88,  -7.66515875
   5987,         1.88,  -7.96642876
   5988,         1.88,  -8.26769829
   5989,         1.88,  -8.56896782
   5990,         1.88,  -9.77404785
   5991,   1.63136113,  -4.51850128
   5992,    4.5810051,   7.91823101
   5993,   4.71490002,   8.06196499
   5994,   4.58389473,    8.2160778
   5995,   4.58064651,   4.65499783
   5996,   4.58157635,   4.35909367
   5997,   4.71222305,   4.50049829
   5998,   7.30000019,   0.50999999
   5999,   7.44999981,  0.658281267
   6000,   7.30241203,   0.80490315
   6001,   7.15241241,  0.656621933
   6002,   7.44999981,   0.95484376
   6003,   7.30461836,   1.10104513
   6004,   7.15703106,  0.951104641
   6005,   7.16162014,   1.24763656
   6006,   7.02063465,   1.39959693
   6007,   6.87176418,   1.25245583
   6008,   7.01274967,   1.10049534
   6009,   6.42687511,   1.11847925
   6010,   6.27222013,   0.96973598
   6011,   6.41202545,  0.810985446
   6012,   6.56668043,  0.959728718
   6013,   6.89923382,   1.86307526
   6014,   7.03017998,   1.70206404
   6015,   7.17301846,    1.8467201
   6016,    7.0420723,   2.00773144
   6017,   4.58120346,   2.28666735
   6018,   4.58395195,   1.99045837
   6019,    4.7151556,    2.1360321
   6020,   4.58060026,   2.87734628
   6021,   4.58088684,   2.58215737
   6022,   4.71148729,   2.72528505
   6023,   4.58094978,   3.46892571
   6024,   4.71220446,   3.61013651
   6025,   4.58125448,   3.76511717
   6026,   7.32099533,   4.37024403
   6027,   7.44999981,   4.51359367
   6028,   7.32140064,   4.66767693
   6029,   7.19239664,    4.5243268
   6030,   7.30000019,          10.
   6031,   7.15249205,   9.85240364
   6032,   7.30249214,   9.70412254
   6033,   7.44999981,    9.8517189
   6034,   7.15776443,   9.55758286
   6035,    7.3052721,   9.40861607
   6036,   7.44999981,   9.55515671
   6037,   6.39829683,    9.6812439
   6038,   6.55196047,   9.84457016
   6039,    6.4000001,          10.
   6040,   6.24633646,   9.83667374
   6041,   7.30808544,   9.11284733
   6042,   7.44999981,   9.25859356
   6043,   7.16335773,   9.26286983
   6044,   7.31090546,   8.81607151
   6045,   7.44999981,   8.96203136
   6046,   7.16899109,   8.96688747
   6047,   4.59052086,   8.81449509
   6048,   4.58742619,   8.51534557
   6049,   4.72794724,   8.66437149
   6050,   4.73379135,   8.96440029
   6051,    4.5932703,   9.11193657
   6052,   4.73884821,   9.26231194
   6053,   4.59557724,   9.40896797
   6054,   4.88747501,   9.40987301
   6055,   5.03776217,   9.55802345
   6056,   4.89354897,   9.70696068
   6057,   4.74326181,   9.55881023
   6058,   5.10348606,   8.16262245
   6059,   5.24302006,   8.29784012
   6060,   5.12525272,   8.47472572
   6061,   4.98571873,   8.33950806
   6062,   7.17673254,   8.66979218
   6063,   7.31582737,   8.51918888
   6064,   7.44999981,   8.66546822
   6065,   7.03455067,   8.81958294
   6066,   6.91049528,   8.67182541
   6067,   7.05267715,   8.52203465
   6068,    7.3196125,   7.63242769
   6069,   7.18878412,   7.48970509
   6070,   7.31917095,   7.33649588
   6071,   7.44999981,   7.47921848
   6072,   4.72132111,    8.3625164
   6073,   7.32051468,    7.9289093
   6074,   7.44999981,   8.07234383
   6075,   7.31941032,    8.2236824
   6076,   7.18992519,   8.08024883
   6077,   6.93750143,   8.09378433
   6078,   6.81599379,   8.24486351
   6079,   6.69229555,   8.11688614
   6080,    6.8138032,   7.96580601
   6081,   7.18836927,   7.19529009
   6082,   7.31919765,    7.0414505
   6083,   7.44999981,   7.18265629
   6084,   4.58014631,   6.13982773
   6085,   4.70892811,   6.28072643
   6086,   4.57878208,   6.43386793
   6087,   4.57991982,   5.24813461
   6088,   4.70956469,   5.38822079
   6089,   4.57964516,   5.54336739
   6090,   7.18861246,   6.00802326
   6091,   7.06012726,     6.172575
   6092,    6.9322834,   6.03700829
   6093,    7.0607686,   5.87245607
   6094,   4.58053398,    4.9524374
   6095,   4.71045351,     5.093853
   6096,   7.19216156,   4.82077837
   6097,   7.06494761,   4.98059893
   6098,   6.93915176,   4.84584618
   6099,    7.0663662,   4.68602562
   6100,    4.5812645,   4.06060123
   6101,   4.71284103,    4.2026639
   6102,   4.71196222,   3.02029657
   6103,   4.83919477,   2.86178637
   6104,   4.96792555,   2.99697924
   6105,     4.840693,   3.15548921
   6106,   4.58136177,   3.17373133
   6107,   7.32215595,   2.88895369
   6108,   7.19261742,   2.74749589
   6109,   7.32046175,   2.59276104
   6110,   7.44999981,    2.7342186
   6111,   7.31319904,   1.99540305
   6112,   7.30981922,   1.69584835
   6113,   7.44999981,    1.8445313
   6114,   7.16682053,   1.54587722
   6115,   7.30700111,   1.39799762
   6116,   7.44999981,   1.54796875
   6117,   7.44999981,   1.25140619
   6118,    4.5999999,          10.
   6119,   4.59768391,   9.70499802
   6120,   4.74768448,   9.85327911
   6121,   5.04586506,   9.85368156
   6122,    4.9000001,          10.
   6123,     4.870471,   8.80900955
   6124,   5.01678181,   8.95471573
   6125,   4.88010216,   9.11010647
   6126,   5.18022346,   9.40405273
   6127,   5.33291101,   9.55116272
   6128,   5.19044971,   9.70513344
   6129,    5.0018096,   8.64849854
   6130,   4.85928583,   8.50386047
   6131,   6.08009338,   9.34585667
   6132,    6.2436533,   9.49984169
   6133,    6.0899353,   9.67814159
   6134,   5.92637539,   9.52415657
   6135,    6.0999999,          10.
   6136,   5.94359875,   9.84146881
   6137,           7.,          10.
   6138,   6.85402346,   9.85054398
   6139,    7.0065155,   9.70294762
   6140,   4.57791185,   7.32239819
   6141,     4.707057,    7.4633708
   6142,   4.57914543,   7.62019157
   6143,   6.93004274,   6.63086414
   6144,    7.0593605,   6.46807957
   6145,    7.1882515,   6.60351944
   6146,   7.05893421,   6.76630402
   6147,   7.31914806,   6.44777393
   6148,   7.18828583,   6.30553102
   6149,   7.31913805,   6.15072536
   6150,   7.44999981,   6.29296875
   6151,   5.20880651,   6.20439148
   6152,   5.08335209,    6.3733325
   6153,   4.96148109,   6.25200462
   6154,   5.08693552,    6.0830636
   6155,   4.70758057,   6.57571888
   6156,   4.57879829,   6.73138237
   6157,   7.31947422,    5.8537035
   6158,   7.44999981,   5.99640656
   6159,   4.70994568,   5.68537378
   6160,   4.58030033,   5.84185028
   6161,   4.84124947,   4.03690147
   6162,   4.96990776,   4.17151022
   6163,   4.84149885,   4.33727264
   6164,   7.32039833,   5.25991821
   6165,   7.19115925,   5.11645699
   6166,   7.32076073,   4.96325779
   6167,   7.44999981,   5.10671902
   6168,   6.69604588,   4.29380322
   6169,   6.82030153,   4.12294674
   6170,   6.94226599,    4.2521944
   6171,   6.81801033,   4.42305088
   6172,   4.71251869,    3.9052496
   6173,   7.32209301,   3.77756834
   6174,    7.1949501,   3.63594699
   6175,   7.32285643,   3.48228502
   6176,   7.44999981,   3.62390614
   6177,   4.71231174,   3.31531334
   6178,   7.32309628,   3.18605161
   6179,   7.19525242,   3.04422402
   6180,   7.44999981,   3.03078127
   6181,   7.18754053,    2.4490726
   6182,   7.31707859,   2.29396796
   6183,   7.44999981,    2.4376564
   6184,    4.5884428,   1.69357657
   6185,   4.72239494,   1.83950377
   6186,   7.18027782,   2.14827728
   6187,   7.44999981,   2.14109373
   6188,   6.57153416,   2.70791101
   6189,   6.44013405,   2.58706093
   6190,   6.55146217,   2.40230274
   6191,   6.68286228,   2.52315283
   6192,   4.71209049,   2.43116856
   6193,   4.73577785,   1.24716592
   6194,   4.88332462,   1.10039139
   6195,   5.01987123,   1.24578619
   6196,   4.87232399,   1.39256072
   6197,    6.8839941,   1.55578375
   6198,   4.59453583,   1.10156012
   6199,   4.59750128,  0.806012094
   6200,    4.7420373,   0.95272851
   6201,    4.9000001,   0.50999999
   6202,    5.0461874,  0.659724236
   6203,   4.89368868,  0.807455122
   6204,   4.74750137,  0.657730818
   6205,    4.5999999,   0.50999999
   6206,   7.44999981,   7.77578163
   6207,   7.19012785,   7.78555584
   6208,   7.18523788,   8.37396622
   6209,   7.44999981,   8.36890602
   6210,   7.44999981,   6.58953094
   6211,   7.31910372,   6.74527645
   6212,   7.44999981,   6.88609409
   6213,   7.18830204,   6.90063334
   6214,   4.57838345,   7.02759027
   6215,   4.70629501,    7.1673317
   6216,   7.07026386,   3.79676008
   6217,   6.94735098,   3.66401434
   6218,   7.07203674,   3.50320148
   6219,   6.08993816,   4.02011967
   6220,    5.9692049,   3.91054964
   6221,   6.09497738,   3.72767496
   6222,   6.21571064,   3.83724499
   6223,   6.62842941,   1.89840186
   6224,     6.751544,   1.72410655
   6225,   6.77611923,   2.03737068
   6226,   5.33252716,   2.51314592
   6227,   5.45582104,   2.62932968
   6228,   5.33707714,   2.78943896
   6229,   5.21378326,   2.67325544
   6230,   5.50277424,  0.829365849
   6231,   5.34868145,   0.66578424
   6232,          5.5,   0.50999999
   6233,   5.65409327,    0.6735816
   6234,   4.59124184,     1.397012
   6235,   4.72968483,   1.54261994
   6236,   6.11370516,  0.820901453
   6237,    5.9569416,  0.668676019
   6238,    6.0999999,   0.50999999
   6239,   6.25676346,  0.662225485
   6240,   5.81103468,  0.832257628
   6241,   5.80000019,   0.50999999
   6242,   7.44999981,   4.81015587
   6243,   4.71118069,   4.79727936
   6244,   7.44999981,   3.92046881
   6245,   7.32188177,   4.07409477
   6246,   7.19397545,   3.93119431
   6247,   7.44999981,   4.21703148
   6248,   7.19287777,   4.22730732
   6249,   5.78667784,   9.68955326
   6250,   5.80000019,          10.
   6251,   5.64307928,    9.8480854
   6252,   7.01679468,   9.41003418
   6253,   6.88055038,   9.26457787
   6254,   7.02711391,   9.11741447
   6255,   5.34458447,   9.85145187
   6256,   5.19999981,          10.
   6257,    5.3190937,   9.24337864
   6258,   5.45436764,   9.07387161
   6259,   5.60771608,   9.22373199
   6260,   5.47244215,   9.39323902
   6261,   4.71015072,   7.76264143
   6262,   6.56896782,   7.99966145
   6263,   6.56498814,    8.2793293
   6264,    6.4416604,   8.16210461
   6265,   6.80764484,   8.51798058
   6266,   6.75262356,   8.81741333
   6267,   6.64977264,   8.66356754
   6268,   6.93026209,   8.37959099
   6269,   7.06282234,   8.23152161
   6270,   4.83071899,   7.29821253
   6271,   4.95705795,   7.43240547
   6272,   4.83339643,   7.59756374
   6273,   4.95754004,   6.84272242
   6274,    5.0815258,   6.67204285
   6275,   5.20254898,   6.79357624
   6276,   5.07856274,   6.96425629
   6277,   4.70718193,   6.87287903
   6278,   4.71044731,   5.98527145
   6279,   7.44999981,   5.40328121
   6280,    7.3204155,   5.55750275
   6281,   7.19081402,   5.41413975
   6282,   7.44999981,   5.69984341
   6283,   7.18988991,   5.71136284
   6284,   5.22105885,   4.42012548
   6285,   5.09403133,   4.59350443
   6286,   4.96895885,   4.47071171
   6287,   5.09598637,   4.29733276
   6288,   5.34902143,   3.94054031
   6289,   5.47410107,   4.05784035
   6290,   5.34749222,   4.23969078
   6291,   5.22241259,   4.12239075
   6292,   4.96976519,   3.87372589
   6293,   4.84103489,   3.74207401
   6294,   7.19595337,   3.34099293
   6295,   7.44999981,   3.32734394
   6296,   4.83892727,   2.27986169
   6297,   4.96454048,   2.41823387
   6298,    4.8377037,    2.5695405
   6299,   4.97058868,   2.13098669
   6300,   4.84681749,   1.98715711
   6301,   6.71955013,    1.1069814
   6302,   6.70921612,   0.80574584
   6303,   6.86208582,  0.952998519
   6304,    6.4000001,   0.50999999
   6305,   6.55526161,  0.658760011
   6306,   7.00636721,  0.803607702
   6307,   6.85395479,   0.65698576
   6308,           7.,   0.50999999
   6309,   6.93320942,    7.5134325
   6310,   7.06045246,   7.35533667
   6311,   7.06154156,   7.64780045
   6312,    6.6817646,    7.5525713
   6313,   6.80653954,   7.38979435
   6314,   6.80843449,   7.67620945
   6315,   4.83154392,   7.00483942
   6316,   4.83317804,   6.71076202
   6317,   6.93178844,   7.22302151
   6318,   7.05970526,   7.06297493
   6319,   4.83681679,   6.12112761
   6320,   4.83359241,   6.41160345
   6321,   4.96352768,   5.95645142
   6322,   4.83715773,   5.82059526
   6323,   4.96357822,    5.6543417
   6324,   5.08843613,   5.47890806
   6325,    5.2124176,   5.60586166
   6326,   5.08755922,   5.78129482
   6327,   6.93120193,   6.33512402
   6328,    6.5487318,   6.56072807
   6329,     6.423913,   6.44306183
   6330,   6.55208492,    6.2646575
   6331,   6.67690372,   6.38232422
   6332,   6.93408012,   5.73695278
   6333,    7.0632019,   5.57586002
   6334,   5.81490469,   6.17852592
   6335,   5.93429756,    6.2912693
   6336,   5.81002426,   6.47716618
   6337,   5.69063091,   6.36442232
   6338,    4.8387785,    4.9301281
   6339,   4.96596146,    5.0620079
   6340,   4.83763695,    5.2257328
   6341,   6.06419754,   5.80723619
   6342,   5.94324636,   5.69477272
   6343,   6.06748962,   5.50736904
   6344,   6.18844128,   5.61983204
   6345,   6.56557178,   5.06992769
   6346,   6.68836308,   5.18891048
   6347,   6.56241798,   5.36836815
   6348,   6.43962669,   5.24938583
   6349,   4.97013044,   3.58132219
   6350,   4.84130001,   3.44938469
   6351,   6.94464016,   3.95628929
   6352,   7.06835175,   4.09072351
   6353,   6.94695568,   3.07258868
   6354,   6.82692385,   3.24286604
   6355,   6.70401525,   3.11997843
   6356,   6.82404709,   2.94970107
   6357,    6.7037096,   3.70771551
   6358,   6.82671261,   3.53868866
   6359,   6.82434845,   3.83304095
   6360,   5.09207106,   1.99140143
   6361,   5.20805645,   2.12778378
   6362,    5.0865736,   2.26736927
   6363,   5.82157278,   1.16402793
   6364,   5.65727139,   1.01058185
   6365,   5.97533607,  0.985703707
   6366,   6.89267302,   8.97010994
   6367,   5.43019152,    8.7454567
   6368,   5.27272797,   8.61315918
   6369,   5.38546085,   8.42461395
   6370,   5.54292488,   8.55691338
   6371,   5.48766422,   9.69953728
   6372,          5.5,          10.
   6373,   6.72645664,   9.40323257
   6374,   6.86554623,   9.55539894
   6375,   6.70598412,   9.69511414
   6376,   6.56689453,   9.54294777
   6377,   6.41225052,   9.36154556
   6378,   6.69999981,          10.
   6379,   5.17493629,   1.10720909
   6380,   5.03497601,  0.955117941
   6381,   5.19486856,  0.815508485
   6382,   5.33482838,   0.96759963
   6383,   5.48932552,   1.14881563
   6384,   5.19999981,   0.50999999
   6385,   5.02872944,   9.25766754
   6386,   7.06460476,    7.9425106
   6387,   6.93601799,   7.80475521
   6388,   4.96968174,   3.28956079
   6389,   4.96541119,   2.70604229
   6390,   7.07008266,   2.91054249
   6391,   7.07212591,   3.20627022
   6392,   5.00731945,   1.53974068
   6393,   4.86467981,   1.68979979
   6394,   6.93158722,   2.47725415
   6395,   6.81523514,   2.65224218
   6396,   6.79921436,   2.34816456
   6397,   4.98910236,   1.83745313
   6398,   7.05451775,   2.31229925
   6399,   6.91631222,   2.17175341
   6400,   4.97160816,   8.03442574
   6401,     4.847754,   8.19816399
   6402,   4.83875465,   7.89822578
   6403,   4.96199989,    7.7331481
   6404,   4.96443796,   5.35663176
   6405,    4.8363657,   5.51912022
   6406,   7.06446362,   5.27911282
   6407,    6.9382515,   5.14325476
   6408,   4.96728086,   4.76678658
   6409,   4.83968258,   4.63393736
   6410,   6.94820976,   3.36847878
   6411,   5.62719536,   9.54161263
   6412,    5.0884304,   7.85942364
   6413,    5.2203083,   7.98762083
   6414,   6.93033743,   6.92864609
   6415,   5.20090818,   7.38573742
   6416,   5.08033943,   7.55813122
   6417,   5.07762623,   7.26001167
   6418,   4.95919037,   6.54664612
   6419,   7.06679153,   4.38877869
   6420,   6.94207478,   2.77707434
   6421,      7.06461,    2.6140275
   6422,   5.21019888,   2.39570808
   6423,   5.08816528,   2.54657269
   6424,   5.21843433,   2.95868492
   6425,   5.09533024,   3.12293935
   6426,   5.09102917,   2.83272457
   6427,   5.14928436,   8.78693199
   6428,    5.3515501,   8.10827351
   6429,    5.4939909,   8.23504829
   6430,   5.20676994,   7.68440723
   6431,   6.55972576,   7.71899319
   6432,    6.4329443,   7.60500622
   6433,   6.55498314,    7.4385848
   6434,   5.21745968,   5.01080704
   6435,   5.09116173,   5.18563271
   6436,   5.09225988,   4.88718224
   6437,   5.09763575,   3.41406322
   6438,   5.22453642,   3.53602386
   6439,   5.09703112,   3.70328283
   6440,   5.22359943,   3.82612514
   6441,    5.0963335,    3.9965682
   6442,   4.95596695,   7.13572025
   6443,   5.20568752,   6.49872923
   6444,    6.6785326,   7.26597309
   6445,   6.80378151,   7.09920025
   6446,   6.80289745,   6.50566387
   6447,   6.80520725,   6.21178389
   6448,   6.67481136,   6.67673254
   6449,   6.80195618,   6.80193281
   6450,   6.56845045,   4.77309418
   6451,   6.44713497,    4.6531229
   6452,   6.57176733,   4.47310495
   6453,   6.69308281,   4.59307671
   6454,   6.93685102,   5.44083309
   6455,    6.6796813,   6.08441782
   6456,   6.80675697,   5.90964222
   6457,   5.21901035,   4.71390009
   6458,   6.68231773,   5.78237438
   6459,   6.80964088,   5.60968494
   6460,   6.94076109,   4.55047703
   6461,   6.68545341,   5.48418474
   6462,   6.81266308,   5.31533241
   6463,   5.22328472,   3.24744177
   6464,    5.3506918,   3.36092329
   6465,   5.47753859,   3.47450638
   6466,   5.35138321,   3.64960718
   6467,   6.70542622,   3.41307592
   6468,   6.69720745,   2.82486916
   6469,   5.28401566,   1.54063225
   6470,   5.14767265,   1.69225478
   6471,   5.14366245,   1.38811827
   6472,   6.69999981,   0.50999999
   6473,   5.76689243,   9.37621689
   6474,   5.89304447,   9.20145226
   6475,   5.99711418,   9.02701759
   6476,   6.18416309,     9.171422
   6477,   6.13385105,   1.13453817
   6478,   6.65902138,   2.21378183
   6479,   5.29872704,   1.24954116
   6480,   6.44247341,   7.88139439
   6481,   6.68622017,   7.83726025
   6482,   6.50862455,   8.73231697
   6483,   6.46383667,   8.57009125
   6484,   6.60498524,   8.50134277
   6485,   5.43683815,   1.94032156
   6486,   5.57061338,   1.92190671
   6487,   5.55896568,   2.09550667
   6488,   5.42518997,   2.11392164
   6489,   5.69396496,    1.7444222
   6490,   5.58023834,   1.64667785
   6491,   5.66562939,   1.52951491
   6492,     5.779356,   1.62725925
   6493,    5.1675992,   9.09699345
   6494,   6.60303688,   9.26083374
   6495,    6.7571311,   9.12217903
   6496,   6.58065367,   1.26788211
   6497,   6.73286819,   1.41335654
   6498,   6.67540073,   6.97248697
   6499,   5.20022202,   7.08854771
   6500,   5.21096706,   5.90790653
   6501,   6.70000935,   3.99969816
   6502,   6.58518887,   3.29658866
   6503,   6.58381224,   3.59109831
   6504,   6.46357489,   3.47461104
   6505,   6.81583405,   4.72050238
   6506,   5.34629631,   3.07420874
   6507,   5.47370338,   3.18769002
   6508,   6.44338894,   4.95153332
   6509,   6.69063377,   4.89148903
   6510,   6.81395149,   5.01683235
   6511,    5.8401103,    4.3880291
   6512,   5.71893311,   4.27786303
   6513,   5.84369373,   4.09372091
   6514,   5.96487093,   4.20388699
   6515,   5.80545044,   6.77467823
   6516,   5.92730331,   6.88525105
   6517,   5.80475426,   7.06821918
   6518,   5.68290138,   6.95764637
   6519,   5.34236145,   4.82795191
   6520,   5.46521711,   4.94449806
   6521,   5.34031582,   5.12735271
   6522,   5.57870579,   5.65617466
   6523,   5.69903374,   5.76973152
   6524,   5.57599926,   5.95614624
   6525,   5.45567131,    5.8425889
   6526,   6.32215309,   4.83860111
   6527,   6.31813717,   5.13589764
   6528,   6.19690132,   5.02296543
   6529,   5.21516037,   5.30790901
   6530,   5.47680569,   3.76402211
   6531,   5.60351086,   3.58296776
   6532,   5.72671604,   3.69220972
   6533,   5.60001087,   3.87326384
   6534,   6.55890369,   5.66275644
   6535,   6.43586826,   5.54693985
   6536,   6.30089664,   6.33021069
   6537,   6.17917538,   6.21760178
   6538,   6.30662012,   6.03324604
   6539,   6.42834139,   6.14585447
   6540,   5.33677006,   5.42424583
   6541,   5.45845413,   5.54324532
   6542,   5.33410168,   5.72486115
   6543,    5.4713974,   4.35321331
   6544,    5.3449645,   4.53364754
   6545,   6.57556152,   4.17371416
   6546,   6.45604992,   4.05855417
   6547,   6.58049774,   3.88453817
   6548,   6.05028963,   6.99624205
   6549,    6.1735754,   7.10610533
   6550,   6.05012608,    7.2890377
   6551,   5.92684031,   7.17917442
   6552,   6.07129097,   7.85461426
   6553,    5.9414444,   7.75722408
   6554,   6.05474281,   7.57620049
   6555,   6.18458939,   7.67359114
   6556,   5.79366398,   2.39404774
   6557,   5.92701721,    2.4764266
   6558,   5.82843161,    2.6556406
   6559,   5.69507885,   2.57326174
   6560,   5.33774281,   2.23304176
   6561,   5.46007156,    2.3504796
   6562,   5.32559586,   6.61680365
   6563,   5.32878017,   6.31788445
   6564,   5.44868755,   6.43595886
   6565,   5.92954063,   6.58922005
   6566,   5.68593407,   6.66262436
   6567,   5.44459677,   6.73297071
   6568,   5.32154989,   6.90974331
   6569,   5.57083797,   7.73328495
   6570,   5.44768047,    7.6207428
   6571,   5.56272697,   7.43546581
   6572,   5.68588448,   7.54800797
   6573,   5.83090925,   7.94702244
   6574,   5.97485495,   8.03503609
   6575,   5.87889957,   8.23724937
   6576,   5.73495388,   8.14923477
   6577,   6.69337654,    8.3832531
   6578,   5.55667162,   2.23267508
   6579,   5.66429234,   2.35278344
   6580,    5.5676918,   2.47058773
   6581,   5.72552395,   2.18437767
   6582,   5.85489559,   2.22564197
   6583,   5.63703489,   8.34843254
   6584,   5.81615162,   8.47495461
   6585,   5.72204113,   8.68343544
   6586,   5.59190941,   8.03585052
   6587,   6.61708164,   8.96948242
   6588,   6.34576797,   8.27936554
   6589,   6.34296417,   8.41613197
   6590,   6.17371798,   8.46383095
   6591,    6.1765213,   8.32706451
   6592,   6.47196388,   1.76403284
   6593,   6.51504135,   2.08914256
   6594,   6.35857582,   1.95477355
   6595,   5.71487045,   1.87313318
   6596,   5.54970837,   1.79319572
   6597,   5.25064135,   1.84620285
   6598,   5.39197588,   1.77786112
   6599,   5.29550362,   2.00866342
   6600,   6.29155827,   1.28843045
   6601,   6.16619492,   1.46271706
   6602,    6.0084877,   1.30882478
   6603,   6.60041809,   1.58167934
   6604,   5.71773624,    1.3380785
   6605,   5.90465117,   1.48287523
   6606,   5.30010176,   8.92920876
   6607,    5.5844574,   8.89011955
   6608,   5.73386765,   9.04896736
   6609,   6.40748167,   2.27766323
   6610,   6.51774979,   9.12481308
   6611,   6.38016224,   9.03350639
   6612,   6.47949409,   8.87817574
   6613,   6.32696342,    9.2255249
   6614,   5.38404751,   1.38538992
   6615,   5.52253819,   1.47610092
   6616,   5.42250633,   1.63134325
   6617,     5.574646,   1.28466439
   6618,   6.44533682,   1.43783343
   6619,   6.02291822,   2.27548528
   6620,   5.91753006,   1.98686051
   6621,   6.08555222,   2.03670382
   6622,   5.95838833,   2.75387144
   6623,   5.84347057,   2.93502212
   6624,   5.71351337,   2.83679152
   6625,   5.32261944,   7.50250006
   6626,   5.33183098,    7.8026495
   6627,   6.47659683,   8.39741707
   6628,   5.46307278,   7.92330265
   6629,   6.58142567,   3.00564003
   6630,   6.45575237,   2.88868189
   6631,   6.46259975,    3.1822505
   6632,   6.33142567,   2.77719975
   6633,   6.20168877,   2.66557884
   6634,   6.31039715,   2.47544003
   6635,   6.33020496,   8.58880615
   6636,   6.10883141,   8.11830711
   6637,   6.20526743,   7.93788528
   6638,   5.32028866,   7.20546532
   6639,   5.44199944,   7.32222795
   6640,   5.69967461,   7.84583282
   6641,   5.44161606,   7.02666092
   6642,   5.33253717,   6.02563429
   6643,   5.45251083,   6.13912678
   6644,   6.42757559,    7.3238163
   6645,   6.55112457,   7.15120411
   6646,   5.80442858,   7.36295986
   6647,   5.68234253,   7.25200462
   6648,   6.16647816,   2.36338377
   6649,   6.26356268,   2.16560698
   6650,   6.46060038,   3.76792097
   6651,   5.59524536,   3.00975084
   6652,   5.72275257,   3.11635041
   6653,   5.60121059,   3.29428959
   6654,   6.45128345,    4.3530159
   6655,   6.55593777,    5.9656148
   6656,   6.43252373,   5.84599686
   6657,    5.4683156,   4.64769936
   6658,   5.96064234,   4.49904966
   6659,   5.83579159,   4.68442345
   6660,   5.71525955,    4.5734024
   6661,   5.95626307,   4.79720926
   6662,     5.831563,   4.98440552
   6663,   5.71109104,   4.87161922
   6664,   5.94703674,   5.39549923
   6665,   6.07197857,   5.20926857
   6666,   6.19243145,   5.32113791
   6667,   5.72718287,   3.40275097
   6668,   5.58635998,    5.0576272
   6669,   5.70674992,   5.17068577
   6670,   5.58231544,   5.35674763
   6671,   5.46192551,   5.24368954
   6672,   6.54821062,   6.85583401
   6673,   6.42213154,   6.73982954
   6674,   5.58994818,   4.75849009
   6675,   5.97313499,   3.61872149
   6676,   6.09794712,   3.43611097
   6677,   6.21978951,   3.54506469
   6678,   6.29754925,   6.62815857
   6679,   6.29776621,   6.92388725
   6680,   6.17318439,   6.81221628
   6681,   5.69517899,    6.0673461
   6682,   5.81958532,   5.88223076
   6683,   5.93931103,   5.99341059
   6684,   5.46493912,   2.90496302
   6685,   6.09673595,   3.14554596
   6686,    6.2205267,    3.2534585
   6687,   5.97415638,   3.32819843
   6688,   5.58320761,   2.73200321
   6689,   6.42393494,   7.03455114
   6690,   5.56762886,   6.55005407
   6691,   5.56290245,     6.845541
   6692,   6.31358719,   7.77729845
   6693,    6.3039465,    7.5012989
   6694,   6.17611504,   7.39425182
   6695,   6.29974365,   7.21676922
   6696,   6.32069826,   8.86375618
   6697,   6.34982872,   8.71789742
   6698,   6.20661545,   8.76612854
   6699,   6.18699074,   8.63703728
   6700,   6.23736191,   8.97940254
   6701,   6.31688213,   1.62018704
   6702,   6.12327909,    8.8817749
   6703,   5.87145185,   8.84228325
   6704,   5.99761677,   8.69704056
   6705,   6.02987766,   1.66840053
   6706,   5.90458202,   1.81278443
   6707,   6.18056488,   1.82587051
   6708,   5.98434353,   8.52383423
   6709,   6.04709148,     8.286129
   6710,   6.33415413,   8.04198074
   6711,    6.2382617,   8.15924263
   6712,   6.34023237,   3.07274675
   6713,   6.21590567,   2.96126437
   6714,   5.56161499,   7.13876677
   6715,   5.72781801,   2.04720926
   6716,   6.07057667,   2.56432509
   6717,   5.81021023,   7.65603447
   6718,    6.3428936,   3.36296225
   6719,   6.08950043,   2.85512495
   6720,   6.34047079,   3.65671349
   6721,   5.97033119,   3.03940654
   6722,   6.33584023,   3.94845247
   6723,   5.84961319,   3.22073483
   6724,   5.85172653,   3.51021433
   6725,   5.57169056,   6.25032711
   6726,   6.17453289,   6.51530743
   6727,   5.92875385,   7.47098637
   6728,   6.05019808,   6.70122528
   6729,   6.05387497,   6.40330219
   6730,    5.7025671,   5.46967697
   6731,   5.82269478,   5.58227348
   6732,   6.33072853,   4.24027824
   6733,   6.21051884,   4.13017702
   6734,   6.32634735,    4.5374341
   6735,   6.20579243,   4.42469645
   6736,    6.0854516,   4.31394386
   6737,   5.59362698,   4.46261215
   6738,   6.31392097,    5.4346261
   6739,   5.59670353,   4.16846418
   6740,   6.20136499,   4.72291231
   6741,   6.18448448,   5.91939449
   6742,   6.05959797,   6.10556889
   6743,   5.95172262,   5.09662247
   6744,    6.0766449,   4.91031933
   6745,   6.31038809,   5.73214626
   6746,   5.72261333,   3.98388767
   6747,    5.8481245,    3.8007164
   6748,   6.08098316,   4.60980225
   6749,   5.82690907,   5.28290272
   6750,   7.03254366,  -2.03293824
   6751,   7.16429758,  -1.86318612
   6752,   7.01776505,  -1.71876061
   6753,   6.88601112,  -1.88851285
   6754,   5.78541279, -0.818575859
   6755,   5.94269466, -0.667520165
   6756,   5.80000019,  -0.50999999
   6757,   5.64271832, -0.661055684
   6758,   6.08764219, -0.831004739
   6759,   6.24494743, -0.673484504
   6760,    6.0999999,  -0.50999999
   6761,   7.30542898,   -1.7030673
   6762,   7.44999981,  -1.54796875
   6763,   7.30463266,  -1.40190887
   6764,   7.16006184,  -1.55700731
   6765,   7.31266785,  -2.30529594
   6766,   7.17885637,  -2.47112417
   6767,   7.31618881,  -2.60348415
   6768,   7.44999981,   -2.4376564
   6769,   7.18465424,  -2.76925611
   6770,   7.05441332,  -2.63723516
   6771,    6.9286294,  -2.80076385
   6772,   7.05887032,  -2.93278456
   6773,   4.71020031,  -3.91950178
   6774,   4.83656359,  -4.06989861
   6775,   4.96237469,  -3.92481136
   6776,   4.83601141,   -3.7744143
   6777,   7.31850624,  -3.49302864
   6778,   7.18771887,  -3.65733242
   6779,   7.31921196,  -3.78820992
   6780,   7.44999981,  -3.62390614
   6781,    5.2103529,  -4.22720814
   6782,   5.08579636,  -4.07648182
   6783,   4.96374702,  -4.21940899
   6784,   5.08830404,  -4.37013531
   6785,   4.58111095,  -5.25279284
   6786,   4.71161938,  -5.10327053
   6787,   4.58050823,  -4.95719624
   6788,   4.44999981,  -5.10671902
   6789,   4.83917999,  -5.25238085
   6790,   4.96565151,  -5.10663176
   6791,   4.83809137,  -4.95752144
   6792,   7.18639183,  -5.73258495
   6793,   7.05852127,  -5.59318829
   6794,   6.92976284,  -5.75196457
   6795,    7.0576334,  -5.89136076
   6796,   7.31795406,  -5.86489105
   6797,   7.44999981,  -5.69984341
   6798,   7.31843758,  -5.56753731
   6799,   4.58152866,  -7.03256512
   6800,   4.71227932,  -6.88340282
   6801,   4.58075047,   -6.7369318
   6802,   4.44999981,  -6.88609409
   6803,   7.31702375,  -7.34836197
   6804,    7.1832819,  -7.51395607
   6805,   7.31625795,  -7.64481258
   6806,   7.44999981,  -7.47921848
   6807,   4.96685219,  -7.47646332
   6808,   4.83908367,  -7.32909584
   6809,   4.71303177,  -7.47557449
   6810,   4.84080029,  -7.62294197
   6811,   4.58128262,  -7.32944584
   6812,   4.71281099,  -7.17935419
   6813,   4.44999981,  -7.18265629
   6814,   7.18218803,  -7.80928946
   6815,   7.31593037,  -7.94025803
   6816,   7.44999981,  -7.77578163
   6817,   4.71554947,  -8.06728554
   6818,    4.8430624,  -8.21141529
   6819,   4.96864891,  -8.06149387
   6820,   4.84113693,  -7.91736412
   6821,   6.92406654,  -7.53370571
   6822,   7.05268049,  -7.67141533
   6823,   7.05466795,  -7.37624598
   6824,   7.31467819,  -8.23578548
   6825,   7.44999981,  -8.07234383
   6826,   7.18060875,  -8.10369968
   6827,   5.33698654,  -7.62835979
   6828,   5.45840168,   -7.4857893
   6829,    5.3357029,  -7.33779764
   6830,   5.21428823,  -7.48036814
   6831,   6.92050076,  -7.82804203
   6832,   7.05000877,  -7.96591663
   6833,    6.9145503,  -8.12259865
   6834,   7.04515076,   -8.2603817
   6835,   6.85498428,  -9.85723305
   6836,   6.71143627,  -9.71547222
   6837,   6.55645227,  -9.85824013
   6838,   6.69999981,         -10.
   6839,   6.79573631,  -7.68219805
   6840,   6.66456604,   -7.8315134
   6841,   6.78933048,  -7.97735786
   6842,   4.58321095,  -8.21816254
   6843,   4.58233833,   -7.9214673
   6844,   4.44999981,  -8.07234383
   6845,   4.73816299,  -9.26089668
   6846,   4.88746214,  -9.40620613
   6847,   5.02436876,  -9.25473022
   6848,   4.87506962,  -9.10942078
   6849,          5.5,         -10.
   6850,   5.65270805,  -9.84238434
   6851,   5.50175285,  -9.68822861
   6852,    5.3490448,  -9.84584427
   6853,    4.9000001,         -10.
   6854,   5.04758644,  -9.84992409
   6855,   4.89587736,  -9.70181274
   6856,   4.74829102,  -9.85188866
   6857,    4.5982914,  -9.70360756
   6858,   4.44999981,   -9.8517189
   6859,    4.5999999,         -10.
   6860,   4.59563208,  -9.40802765
   6861,   4.44999981,  -9.55515671
   6862,   4.74392319,  -9.55648041
   6863,    4.5853219,  -8.51537037
   6864,   4.71853352,  -8.36462593
   6865,   4.44999981,  -8.36890602
   6866,   6.27740097,  -9.57372093
   6867,   6.14379501,  -9.42222977
   6868,   5.97977209,   -9.5559454
   6869,   6.11337852,  -9.70743752
   6870,   7.31274223,   -8.5309248
   6871,   7.44999981,  -8.36890602
   6872,   7.17742062,  -8.39780426
   6873,    7.3106432,  -8.82528687
   6874,   7.44999981,  -8.66546822
   6875,   7.17338562,  -8.69074249
   6876,    7.3056736,  -9.41321945
   6877,   7.44999981,  -9.25859356
   6878,   7.30857992,  -9.11945343
   6879,   7.16425323,  -9.27408028
   6880,   7.30340862,  -9.70689774
   6881,   7.44999981,  -9.55515671
   6882,   7.15908241,  -9.56496239
   6883,     7.153409,  -9.85517883
   6884,   7.00839329,  -9.71241188
   6885,           7.,         -10.
   6886,   7.30000019,         -10.
   6887,   7.44999981,   -9.8517189
   6888,   7.44999981,  -7.18265629
   6889,   7.31752348,  -7.05157089
   6890,   7.18454742,  -7.21727657
   6891,   7.44999981,  -6.88609409
   6892,   7.31795979,  -6.75411797
   6893,   7.18548298,  -6.91959476
   6894,   7.05736828,  -6.78030396
   6895,   6.92819023,     -6.93961
   6896,   7.05630589,  -7.07890129
   6897,   4.96600342,  -7.18219137
   6898,   4.83973026,  -7.03244972
   6899,   7.44999981,  -6.58953094
   6900,   7.31770277,   -6.4578023
   6901,   7.18566227,  -6.62238884
   6902,   7.31795502,  -6.16164017
   6903,   7.44999981,  -5.99640656
   6904,   7.18590927,  -6.03012514
   6905,   6.80513716,  -5.60484934
   6906,   6.67984581,  -5.75628376
   6907,   6.80447102,  -5.90339851
   6908,   4.58109999,  -6.14282608
   6909,   4.71161938,  -5.99341345
   6910,   4.58051872,  -5.84699345
   6911,   4.44999981,  -5.99640656
   6912,   7.31794262,  -5.27205086
   6913,   7.18638039,  -5.43630695
   6914,   7.44999981,  -5.40328121
   6915,   4.71065521,  -4.80827904
   6916,   4.96442461,  -4.81168556
   6917,   4.83698845,  -4.66244316
   6918,   7.31827784,  -4.97497368
   6919,   7.18622017,    -5.140306
   6920,   7.44999981,  -5.10671902
   6921,   7.31828928,  -4.38166428
   6922,   7.18693924,  -4.54586315
   6923,   7.31864977,  -4.67779255
   6924,   7.44999981,  -4.51359367
   6925,   7.06036186,  -3.52245522
   6926,   6.93438148,   -3.6798439
   6927,   7.06173849,  -3.81472111
   6928,   4.58099556,  -4.36371136
   6929,   4.71132374,  -4.21471405
   6930,   4.58032799,  -4.06803417
   6931,   4.44999981,  -4.21703148
   6932,   7.31857109,  -4.08549881
   6933,   7.18686104,  -4.25013161
   6934,   7.44999981,  -4.21703148
   6935,   4.96060467,  -3.33723712
   6936,   4.83388615,  -3.18682957
   6937,   4.70978069,  -3.32740164
   6938,   4.83649921,  -3.47780895
   6939,   4.57935715,  -3.17999458
   6940,   4.44999981,  -3.32734394
   6941,   4.58042336,  -3.47475076
   6942,   4.96289635,   -2.7538414
   6943,   4.83838558,   -2.5987277
   6944,   4.71025372,  -2.73768568
   6945,     4.834764,  -2.89279914
   6946,   4.58098221,  -2.58758092
   6947,   4.71407509,  -2.44042468
   6948,   4.58309221,  -2.29050016
   6949,   4.44999981,   -2.4376564
   6950,   7.30886841,  -2.00465012
   6951,   7.44999981,   -1.8445313
   6952,   6.87516451,  -1.56792939
   6953,   7.01746178,  -1.40617609
   6954,   7.17153645,  -2.16885233
   6955,   7.44999981,  -2.14109373
   6956,   7.30331898,  -1.10352266
   6957,   7.15795231,  -1.25402522
   6958,   7.44999981,  -1.25140619
   6959,   7.30132103, -0.806932986
   6960,   7.44999981, -0.658281267
   6961,   7.30000019,  -0.50999999
   6962,   7.15132141,  -0.65865171
   6963,   4.97025919,  -2.45853233
   6964,   4.84594822,  -2.30022907
   6965,   4.58627129,  -1.99300992
   6966,   4.44999981,  -2.14109373
   6967,   4.71936321,  -2.14241624
   6968,    6.6585865,  -2.24365044
   6969,   6.79276657,  -2.37490559
   6970,   6.90657616,  -2.20258117
   6971,   6.77239513,  -2.07132578
   6972,   4.58986092,  -1.69459736
   6973,   4.44999981,   -1.8445313
   6974,   4.72613239,  -1.84307599
   6975,   5.60038376,  -1.27707577
   6976,   5.72123337,  -1.44974518
   6977,   5.88298035,  -1.30244327
   6978,   5.76213074,  -1.12977397
   6979,    4.5928278,  -1.39712179
   6980,   4.73805714,  -1.24607968
   6981,   4.59522915,  -1.10036421
   6982,   4.44999981,  -1.25140619
   6983,   4.59744263, -0.804661572
   6984,   4.44999981,   -0.9548437
   6985,   4.74267197, -0.950181961
   6986,   4.74744225, -0.656380296
   6987,   4.89304161, -0.802088499
   6988,   5.04559898, -0.655708194
   6989,    4.9000001,  -0.50999999
   6990,    4.5999999,  -0.50999999
   6991,   4.44999981, -0.658281267
   6992,   4.58174944,  -7.62534809
   6993,   4.44999981,  -7.77578163
   6994,   4.71408796,  -7.77103376
   6995,   4.71125221,  -6.58790159
   6996,   4.83816433,  -6.73786354
   6997,   4.96509504,  -6.59135437
   6998,    4.8381834,   -6.4413929
   6999,   7.44999981,  -6.29296875
   7000,   7.18565798,  -6.32647419
   7001,   4.44999981,   -2.7342186
   7002,   4.57927132,  -2.88432336
   7003,   4.44999981,  -3.03078127
   7004,   4.70862865,  -3.03353691
   7005,   4.44999981,  -3.62390614
   7006,   4.57987213,  -3.77193642
   7007,   4.71029568,  -3.62278104
   7008,   4.44999981,  -3.92046881
   7009,   7.31846523,  -2.89999056
   7010,   7.18741608,  -3.06546545
   7011,   7.31895065,  -3.19625616
   7012,   7.44999981,  -3.03078127
   7013,   7.18745708,  -3.36194086
   7014,   7.44999981,  -3.32734394
   7015,   5.10043287,  -2.32590866
   7016,   5.23806572,  -2.19170141
   7017,   5.12090015,  -2.02446365
   7018,   4.98326731,  -2.15867114
   7019,   5.48684025, -0.808674216
   7020,          5.5,  -0.50999999
   7021,   5.34412241, -0.657618523
   7022,   4.85668278,  -2.00085807
   7023,    4.7326889,  -1.54375041
   7024,   4.44999981,  -1.54796875
   7025,   5.18972111, -0.803326726
   7026,   5.19999981,  -0.50999999
   7027,   4.88637447,  -1.09797096
   7028,   5.03674412, -0.949877441
   7029,   7.44999981,   -2.7342186
   7030,   7.44999981,  -3.92046881
   7031,   7.18778372,  -3.95324016
   7032,   4.44999981,  -4.51359367
   7033,   4.58014679,  -4.66123867
   7034,   4.71114254,  -4.51135635
   7035,   4.44999981,  -4.81015587
   7036,   7.44999981,  -4.81015587
   7037,    7.1869278,  -4.84261036
   7038,   4.44999981,  -5.40328121
   7039,   4.58039379,  -5.55047989
   7040,   4.71150494,  -5.39999151
   7041,   4.44999981,  -5.69984341
   7042,    4.7109127,  -5.69762993
   7043,   4.96512032,  -5.99721336
   7044,   4.83765984,  -5.84773922
   7045,   4.83907986,  -6.14288759
   7046,   4.44999981,  -6.29296875
   7047,   4.58050156,  -6.44050074
   7048,   4.71160221,  -6.29035854
   7049,   4.44999981,  -6.58953094
   7050,   4.96561575,  -6.88690948
   7051,   4.44999981,  -7.47921848
   7052,    5.0896163,  -7.33248997
   7053,   5.21310377,  -7.18767834
   7054,   5.08949089,  -7.03737974
   7055,   4.44999981,  -8.66546822
   7056,   4.58851242,  -8.81322479
   7057,   4.72383451,  -8.66312599
   7058,   4.96784878,  -7.76927185
   7059,    6.4000001,         -10.
   7060,   6.41358185,  -9.71521187
   7061,   6.25712967,  -9.85697174
   7062,   4.44999981,  -8.96203136
   7063,   4.59253073,  -9.11146164
   7064,   4.73104334,  -8.96265602
   7065,   6.90635395,  -8.41635323
   7066,   7.03862429,  -8.55377579
   7067,   5.34106541,  -9.53921509
   7068,   5.66278839,  -9.51226711
   7069,   5.50210094,  -9.36325455
   7070,   5.95624876,  -9.85046577
   7071,    6.0999999,         -10.
   7072,   4.44999981,  -9.25859356
   7073,    5.8089571,  -9.69285011
   7074,   5.80000019,         -10.
   7075,   6.28692818,  -7.97112274
   7076,    6.1578474,  -8.12104225
   7077,   6.27511024,  -8.27403641
   7078,   6.40419102,   -8.1241169
   7079,   7.16922379,  -8.98270893
   7080,   7.44999981,  -8.96203136
   7081,     5.212708,  -6.89309025
   7082,   5.08883286,  -6.74262047
   7083,   4.96566105,  -6.29392242
   7084,   6.92934036,  -6.34543371
   7085,   7.05767727,  -6.48273945
   7086,   7.05732155,  -6.18916845
   7087,   4.96456385,  -5.70102501
   7088,   4.83781719,  -5.55091572
   7089,   6.93023777,  -5.45557165
   7090,   7.05809736,  -5.29869032
   7091,    6.6799283,  -5.46043682
   7092,   6.80502892,  -5.31115913
   7093,   5.33418322,  -5.26622152
   7094,   5.21206856,  -5.41052818
   7095,   5.33377123,  -5.56315899
   7096,   5.45588589,  -5.41885281
   7097,   5.08909225,  -4.96228504
   7098,   5.21216631,  -4.81804562
   7099,   5.08749866,  -4.66744566
   7100,   4.96221495,  -3.62944221
   7101,   6.93269157,  -3.09363365
   7102,   6.80673027,  -2.95879745
   7103,   6.68427658,  -3.11333513
   7104,   6.81023836,  -3.24817133
   7105,   6.44001484,  -3.40831256
   7106,   6.56362391,  -3.54925752
   7107,   6.68623877,  -3.40232754
   7108,    6.5626297,  -3.26138258
   7109,   7.04556847,  -2.33849525
   7110,   6.92112541,  -2.50460649
   7111,   6.81014252,  -3.54098511
   7112,   6.93414211,  -3.38682866
   7113,   6.71943665,  -1.11392689
   7114,   6.86013794, -0.959585726
   7115,   6.70239925, -0.817401946
   7116,   6.56169796, -0.971743107
   7117,   7.44999981,  -0.95484376
   7118,    7.1546402, -0.955611944
   7119,   6.39506578, -0.830079794
   7120,   6.55011845,  -0.66659528
   7121,    6.4000001,  -0.50999999
   7122,           7.,  -0.50999999
   7123,   6.85228062, -0.660806656
   7124,   7.00360203, -0.809458375
   7125,   6.69999981,  -0.50999999
   7126,   5.33110619, -0.955515027
   7127,   5.46904039,  -1.11192274
   7128,   5.62477493,  -0.96508193
   7129,   5.83360386,   -9.3753624
   7130,   6.87692833,  -9.28627968
   7131,   6.74135971,  -9.14838028
   7132,   6.58991671,  -9.29444981
   7133,   6.72548485,  -9.43235016
   7134,     6.655056,  -8.12733364
   7135,   6.78027534,  -8.27257442
   7136,   5.18385029,  -9.39498711
   7137,   5.03941631,  -9.55153847
   7138,   5.19663095,   -9.6957674
   7139,   5.19999981,         -10.
   7140,   5.21490097,  -8.34045601
   7141,   5.08995438,  -8.20122433
   7142,   4.97482491,  -8.35653973
   7143,    5.0997715,  -8.49577141
   7144,   5.12439394,  -8.79037857
   7145,   5.23673677,  -8.63138008
   7146,   4.98742867,   -8.6547699
   7147,   7.01605988,  -9.42445755
   7148,   6.86537075,  -9.57190704
   7149,    6.7271986,  -1.73932779
   7150,   6.61358261,  -1.92214084
   7151,   5.92276859, -0.983267903
   7152,   6.07482576,  -1.16376567
   7153,   6.23969936,   -1.0115025
   7154,   4.99935055,  -1.85525906
   7155,   4.86880016,  -1.69747698
   7156,   5.41773939,  -1.74714828
   7157,   5.26678562,  -1.88366604
   7158,   5.37590504,  -2.06357145
   7159,   5.52685881,  -1.92705393
   7160,   5.01482296,  -1.55030751
   7161,   4.87871122,  -1.39658093
   7162,   6.89697218,  -8.70872593
   7163,   7.03173351,  -8.84569263
   7164,   5.02702904,  -1.24847221
   7165,   6.92642593,  -7.23787022
   7166,   4.96002197,  -3.04609203
   7167,   5.20847273,  -2.77997684
   7168,   5.08786583,  -2.62251949
   7169,   5.08350277,  -2.91129875
   7170,   6.92904568,  -6.05040407
   7171,   5.16388035,  -1.40625346
   7172,   5.31498051,  -1.25984704
   7173,    5.1781292,   -1.1020658
   7174,   4.83850765,  -4.36422443
   7175,   5.20796537,  -3.64142632
   7176,   5.08487415,  -3.48867321
   7177,   5.08530617,  -3.78219533
   7178,   4.96435356,  -4.51531124
   7179,   6.93273211,  -4.26917458
   7180,   7.05978298,  -4.40649652
   7181,   7.05980968,  -4.11281013
   7182,   4.96549225,  -5.40330505
   7183,    6.6752696,   -7.2415247
   7184,   6.79952002,  -7.38793898
   7185,   6.80217552,  -7.09145594
   7186,   4.85029602,  -8.50975037
   7187,   6.42251873,  -7.52929115
   7188,   6.54413414,  -7.68007469
   7189,   6.67118931,  -7.53643131
   7190,    6.5495739,  -7.38564825
   7191,   6.57155132,  -9.57591438
   7192,   6.43537045,  -9.43442535
   7193,   5.00499344,  -8.95491028
   7194,   4.86096764,  -8.80814552
   7195,   5.77233505,  -8.24532318
   7196,    5.9064846,  -8.12454891
   7197,   5.80718708,  -7.94286108
   7198,   5.67303753,  -8.06363583
   7199,   6.92938232,  -6.64065409
   7200,    6.9309063,  -4.86186838
   7201,   6.80664301,  -4.71560383
   7202,   6.68130922,  -4.86683178
   7203,   6.80557251,  -5.01309586
   7204,   6.93214798,  -4.56399679
   7205,   7.05930424,  -4.70336342
   7206,   6.93376446,  -3.97429085
   7207,   7.06123781,  -3.22631407
   7208,   5.20532465,  -3.06680536
   7209,   5.08184338,  -3.20159864
   7210,   7.01117706,  -1.10573924
   7211,   6.87068653,  -1.25789011
   7212,   6.40633106,  -1.15316582
   7213,   5.21803951,  -2.48989582
   7214,   6.67910576,  -6.05492878
   7215,   6.80368042,  -6.20193386
   7216,   6.30746365,  -6.19342709
   7217,   6.18450212,  -6.33668661
   7218,   6.30766582,  -6.48820782
   7219,   6.43062687,  -6.34494781
   7220,   5.21160316,  -8.05333519
   7221,   5.09029818,  -7.91360426
   7222,    6.0606885,  -7.36475325
   7223,   6.18232155,  -7.22310925
   7224,    6.0623107,   -7.0705471
   7225,   5.94067764,  -7.21219063
   7226,   6.46377373,  -9.15352154
   7227,   6.30922794,  -9.29349709
   7228,   5.21304941,  -6.59738922
   7229,    5.0893116,  -6.44612312
   7230,   6.67876577,  -6.34992647
   7231,   6.80442572,  -6.49342632
   7232,   6.67864799,  -6.64533615
   7233,    6.8036046,  -6.79256439
   7234,   5.21293211,  -6.30062103
   7235,   5.08928108,  -6.14842033
   7236,   7.05852985,  -5.00111532
   7237,   6.93040657,  -5.15949965
   7238,   6.30972958,  -5.00662851
   7239,   6.18595695,  -5.15117502
   7240,   6.30868244,  -5.30428314
   7241,   6.43245411,  -5.15973663
   7242,   5.21199131,  -5.70740795
   7243,   5.08840084,  -5.55572748
   7244,   5.08815432,  -5.85270596
   7245,   6.68435383,  -4.27566338
   7246,   6.80844021,  -4.41793442
   7247,    6.8086462,  -4.12690353
   7248,   6.56147671,  -4.12943792
   7249,   6.43726826,  -4.27356005
   7250,   6.56014538,   -4.4197855
   7251,   5.20872784,  -3.93386602
   7252,   5.69770575,  -3.66940379
   7253,   5.82143879,  -3.81745529
   7254,   5.94487524,  -3.68065643
   7255,    5.8211422,  -3.53260469
   7256,   5.20611286,  -3.35303497
   7257,   6.67429686,  -2.53760767
   7258,   6.80265522,  -2.66730857
   7259,   5.81732702,  -2.97780871
   7260,   5.93999481,  -2.84932375
   7261,   5.81646156,  -2.70650935
   7262,    5.6937933,  -2.83499432
   7263,   5.14523602,  -1.71446133
   7264,   6.03239202,  -9.27393913
   7265,   5.95682812,  -9.10793495
   7266,   5.75803947,  -9.20935822
   7267,   6.88763189,  -8.99888706
   7268,   6.75660992,   -8.8593998
   7269,   6.61033773,  -9.00889301
   7270,   6.17351627,  -1.33898592
   7271,   5.98167086,  -1.47766364
   7272,   5.31117821,  -9.23496056
   7273,   5.15169621,  -9.09470367
   7274,   5.58435106,  -2.40519691
   7275,   5.45958424,  -2.52791882
   7276,   5.57335234,  -2.68442988
   7277,   5.69811916,  -2.56170797
   7278,   6.37962723,  -2.03610301
   7279,   6.52794456,  -2.12713027
   7280,   6.46526527,  -1.83111358
   7281,   6.41474533,  -7.82548332
   7282,   6.53517723,  -7.97692204
   7283,    5.3830204,  -8.74936295
   7284,   5.47235584,  -8.58474731
   7285,   5.32607269,   -8.4667654
   7286,   6.59401703,   -1.2632339
   7287,   6.74526596,  -1.40719712
   7288,   7.02512169,  -9.13590336
   7289,   6.64325905,  -8.42297363
   7290,   6.76933813,  -8.56675339
   7291,   6.67758989,  -6.94441032
   7292,   5.21397305,   -7.7686739
   7293,   5.09152412,  -7.62434149
   7294,   6.30790281,  -5.89731646
   7295,   6.18445873,  -6.04089212
   7296,   6.43090725,  -6.04985142
   7297,   6.68075657,  -2.82534218
   7298,   6.68687201,  -3.69140911
   7299,    6.8111105,  -3.83026814
   7300,   6.43825054,  -3.12389278
   7301,   6.55989742,  -2.97584534
   7302,   5.21144915,   -4.5222702
   7303,   6.68599224,  -3.98288059
   7304,   5.21231556,  -6.00391293
   7305,   6.68019485,  -5.16475534
   7306,   5.33402634,  -6.15623522
   7307,   5.45542622,  -6.01212597
   7308,   5.33371544,  -5.85980368
   7309,   6.06766033,  -4.11605692
   7310,   5.94389725,  -4.25699711
   7311,   6.06653881,  -4.40711403
   7312,    6.1903019,  -4.26617336
   7313,   5.08915997,  -5.25810575
   7314,   5.21260071,  -5.11375904
   7315,    5.3297863,  -3.50368261
   7316,   5.45063019,   -3.3708415
   7317,   5.32695675,  -3.22019386
   7318,   6.31577778,  -3.26556039
   7319,   6.31364822,  -2.98426366
   7320,   6.19117546,  -3.12593126
   7321,   5.33139181,  -4.08527708
   7322,   5.45319033,  -3.94469142
   7323,   5.33052635,  -3.79328036
   7324,   6.68293476,  -4.56954193
   7325,   5.57667732,   -5.5719862
   7326,   5.69792938,  -5.42827606
   7327,   5.57713795,  -5.27514219
   7328,   5.33454323,   -6.7493782
   7329,    5.4562273,  -6.60506773
   7330,   5.33473396,  -6.45307827
   7331,   5.69796324,  -6.61396027
   7332,   5.81940508,  -6.76641846
   7333,   5.94066429,  -6.62303734
   7334,   5.81922245,  -6.47057915
   7335,   6.55480385,  -6.49385691
   7336,   6.43051815,  -6.64119101
   7337,   6.55436134,  -6.79267025
   7338,   5.45582819,  -6.30869293
   7339,   6.06417942,   -4.9979167
   7340,   5.94158459,  -5.14141273
   7341,   6.06336212,  -5.29467106
   7342,   5.45619202,  -5.12215042
   7343,   5.33460999,  -4.96968842
   7344,   6.31111383,  -4.71089411
   7345,    6.1871171,  -4.85471249
   7346,   6.43372631,  -4.86281013
   7347,   6.44046402,  -3.69417191
   7348,   6.56371212,  -3.83632374
   7349,   5.45584297,  -4.82610512
   7350,   5.33339977,  -4.67446232
   7351,   6.31700325,  -3.54938745
   7352,   6.19298553,  -3.68986797
   7353,   6.31644726,  -3.83465242
   7354,   6.43549061,  -2.84350443
   7355,   6.55634928,  -2.69300127
   7356,   6.55458832,  -6.20101738
   7357,   6.55542469,  -5.90376186
   7358,   6.41818237,  -2.29623699
   7359,   6.54882383,  -2.41275692
   7360,   5.93017721,  -7.80564976
   7361,   5.81700897,  -7.64739513
   7362,   5.69401884,  -7.78460693
   7363,   5.93828201,  -7.50657177
   7364,    6.0560236,  -7.66001415
   7365,    6.1784296,  -7.51819611
   7366,   6.62897587,   -8.7174263
   7367,   5.71727943,  -2.28471422
   7368,   5.61659861,   -2.1156137
   7369,   5.48367023,  -2.23609638
   7370,   5.44632339,  -1.42500019
   7371,   5.27109671,  -8.93017197
   7372,   5.62259102,  -8.75477219
   7373,   5.52264404,  -8.88191032
   7374,   5.61688232,  -9.00973511
   7375,    5.7168293,  -8.88259792
   7376,   5.29429388,  -1.57040739
   7377,   5.56976891,  -1.60174108
   7378,   6.59730005,  -1.57859552
   7379,   5.77327919,  -9.02808094
   7380,   5.88563013,  -8.95409012
   7381,   5.82918024,   -8.8086071
   7382,   6.16789865,  -1.75160933
   7383,   6.29400492,  -1.67004037
   7384,   6.22028255,  -1.54179335
   7385,   6.09417629,   -1.6233623
   7386,   5.34583044,   -2.3642261
   7387,   6.19782448,  -9.14520645
   7388,   6.49285603,  -8.86443424
   7389,   6.34629202,  -9.00906277
   7390,   5.93967056,  -8.70465946
   7391,   5.87454224,  -8.59817696
   7392,   5.76405239,  -8.70212364
   7393,   6.50887394,  -1.40295994
   7394,   6.36795425,  -1.49569917
   7395,   6.45638037,  -1.67133474
   7396,   6.32118893,  -1.29289174
   7397,   6.09824228,  -8.99561691
   7398,    6.0270443,  -8.84177017
   7399,   5.41071987,  -9.06271935
   7400,   5.60164261,  -9.19101334
   7401,   5.33179283,  -2.65358877
   7402,   6.30288982,   -1.8298192
   7403,   5.77987289,  -1.98533201
   7404,   5.69013309,  -1.79677224
   7405,   5.32732105,  -2.93653536
   7406,   5.45064163,  -2.81014729
   7407,   5.44895267,  -3.08992386
   7408,   5.84154272,  -2.17421103
   7409,   5.82166243,  -2.43699312
   7410,   5.94592571,  -2.32649016
   7411,   6.55287933,  -7.08989811
   7412,   6.42718315,  -7.23402214
   7413,   5.44266415,  -8.04856968
   7414,   5.54461956,    -8.191576
   7415,   5.57108259,   -7.9206295
   7416,   5.33247089,  -7.91204166
   7417,   5.45548439,  -7.77172756
   7418,   5.32179642,   -8.1898632
   7419,   6.05541372,  -8.57502651
   7420,   6.15425825,  -8.42215443
   7421,   6.02025318,  -8.28312492
   7422,   5.92140865,  -8.43599701
   7423,   5.43296814,  -8.31617165
   7424,   6.14278793,  -8.71213722
   7425,   6.52406979,   -8.2745285
   7426,   6.29774284,  -7.67119122
   7427,   6.16992569,  -7.81682968
   7428,   5.95410252,  -1.79047513
   7429,   5.90433025,  -1.91385698
   7430,   6.06394911,    -1.986624
   7431,   6.11372137,  -1.86324215
   7432,    6.5559473,  -5.60503387
   7433,   6.43152666,  -5.75251198
   7434,   5.45234776,  -3.65553665
   7435,    5.4570713,  -7.19443321
   7436,   5.33447218,  -7.04431343
   7437,   6.42965126,  -6.93815851
   7438,   5.45549536,  -5.71555471
   7439,   6.06251812,   -6.1840868
   7440,   5.94064045,  -6.32720518
   7441,   6.06262398,  -6.47980499
   7442,   5.57842064,  -7.63570452
   7443,    6.5568862,  -5.01299095
   7444,   6.55814934,  -4.71665049
   7445,   5.45630741,  -6.90060139
   7446,   5.69764614,   -5.7249403
   7447,    5.8190136,    -5.878088
   7448,   5.94082832,   -5.7345171
   7449,   5.81946087,   -5.5813694
   7450,   6.55576324,  -5.31150103
   7451,   6.43178225,  -5.45609808
   7452,   6.43919706,  -3.98288083
   7453,    6.0654583,  -4.70190716
   7454,   5.94252062,  -4.84511137
   7455,   5.33305836,  -4.37850571
   7456,   5.45409727,  -4.23657417
   7457,   5.57651329,  -6.16509628
   7458,   5.69755077,  -6.02147865
   7459,   5.57646418,  -5.86850834
   7460,   6.30862999,  -5.59928131
   7461,   6.18552971,  -5.44746637
   7462,   6.43535948,  -4.56689405
   7463,   5.57108259,  -2.96071148
   7464,   5.45500898,  -4.53069782
   7465,   6.19182587,  -3.97638893
   7466,   6.31457615,  -4.12461758
   7467,   5.57885456,  -7.34495211
   7468,   5.69934273,   -7.2027092
   7469,   5.57755995,  -7.05219078
   7470,   5.94085026,  -6.91811943
   7471,   5.69842815,  -6.90915537
   7472,   5.81987286,  -7.06085634
   7473,    6.0625205,  -5.88790607
   7474,   5.94058037,  -6.03110075
   7475,   5.69830084,   -5.1316328
   7476,   5.57735538,  -4.97864103
   7477,   5.57645893,  -4.38791656
   7478,   5.69828176,  -4.24688721
   7479,    5.5759201,  -4.09554529
   7480,   6.06878185,  -3.82750678
   7481,   5.94461632,  -3.96717453
   7482,    5.5753355,  -3.80559731
   7483,     5.574718,  -3.51934314
   7484,   5.81939602,  -3.25258422
   7485,   5.94231987,  -3.12120342
   7486,   5.69440365,  -3.10918951
   7487,   6.19276619,  -3.40663528
   7488,   6.43087626,  -2.56815052
   7489,    6.1804862,  -2.32728672
   7490,   6.30626774,   -2.4427464
   7491,   6.29240036,  -2.18077707
   7492,   5.84159756,  -1.64477634
   7493,   6.24670982,  -8.85947227
   7494,   6.24871254,  -1.94145203
   7495,   6.27276897,  -8.57004261
   7496,   6.39362144,  -8.42192459
   7497,   6.51281071,  -8.57036972
   7498,   6.16148567,  -2.08612633
   7499,    5.9659996,    -2.102736
   7500,   5.94000435,  -2.58179474
   7501,    6.0440793,  -7.96246529
   7502,   6.30320549,  -7.37629604
   7503,   6.30630016,  -7.08083534
   7504,    5.6466589,  -8.44956875
   7505,   5.51420689,  -8.42138863
   7506,   5.60480833,  -8.61292839
   7507,   5.62585831,  -8.29679203
   7508,   6.06353664,  -2.20223808
   7509,   5.69887352,  -7.49486732
   7510,   5.57227373,  -3.23840165
   7511,   6.06242466,   -2.7166121
   7512,   6.18529558,  -2.58635616
   7513,   6.06287479,  -2.45153856
   7514,   6.30752468,   -6.7854147
   7515,   6.18417358,  -6.92809105
   7516,    5.7462697,  -8.56027985
   7517,   5.79313564,   -8.3980999
   7518,   6.37669086,  -8.71737766
   7519,   5.69636154,  -3.38690329
   7520,   6.18806124,  -2.85251951
   7521,   6.06563091,   -2.9852314
   7522,   6.18467236,  -6.63243103
   7523,   6.06271315,  -6.77566338
   7524,   6.06786346,  -3.26190376
   7525,   5.94417667,  -3.39828587
   7526,   6.06907892,  -3.54301739
   7527,    6.3099041,  -2.71176028
   7528,   6.18500614,  -5.74408531
   7529,   5.57701492,  -6.46146202
   7530,    5.6977005,  -6.31786537
   7531,    5.6980648,  -3.95645118
   7532,   5.82124233,  -4.10617065
   7533,    5.8209362,  -4.39771366
   7534,     5.577034,  -4.68292713
   7535,   5.69848394,  -4.54014587
   7536,   5.69854641,  -4.83546305
   7537,   6.06331348,  -5.59069633
   7538,    5.9411459,  -5.43790054
   7539,     6.312994,  -4.41511631
   7540,   6.18874836,  -4.55911636
   7541,   5.82079601,  -4.69233704
   7542,   5.82027054,  -4.98823738
   7543,   5.94324875,  -4.54990482
   7544,   5.57717562,  -6.75756645
   7545,   5.81911755,  -6.17449141
   7546,   5.81961441,  -5.28480721
   7547,   5.82014751,  -7.35404396
   7548,   1.73776257,  0.733197808
   7549,   1.66609192,  0.805801868
   7550,   1.59416258,  0.730456471
   7551,   1.66583323,  0.657852411
   7552,   1.52224255,  0.948444247
   7553,   1.45000005,  0.872788072
   7554,   1.52214766,  0.801980853
   7555,   1.59439015,  0.877637029
   7556,   1.45000005,  0.727499962
   7557,   1.52201498,   0.65597558
   7558,   1.59368157,   0.58347559
   7559,   1.45000005,  0.582499981
   7560,   1.52166665,   0.50999999
   7561,   1.80894804,  0.959274292
   7562,   1.73789239,  0.882142961
   7563,   1.80894423,  0.809455991
   7564,   1.80918968,   1.25904632
   7565,   1.73815179,   1.18034625
   7566,   1.80896211,   1.10915697
   7567,   1.80943203,   1.55876207
   7568,   1.73877311,    1.4785285
   7569,   1.80934095,   1.40889347
   7570,   1.80949998,   1.85886121
   7571,   1.73901343,   1.77722085
   7572,   1.80951357,   1.70875645
   7573,   1.80911112,    2.1637578
   7574,   1.73859191,   2.08190775
   7575,   1.80948067,   2.00981665
   7576,   1.70821524,   2.41862845
   7577,   1.76961267,   2.40515065
   7578,   1.78918672,   2.52033281
   7579,    1.7277894,   2.53381062
   7580,   1.59099174,   3.68563724
   7581,   1.66309607,   3.62681055
   7582,   1.73512673,   3.71683455
   7583,   1.66302228,   3.77566099
   7584,   1.58257151,   4.27872181
   7585,   1.66127932,   4.22695351
   7586,   1.72815549,   4.33270359
   7587,   1.64944768,   4.38447189
   7588,    1.6827898,   4.45925903
   7589,   1.74394035,   4.50197887
   7590,   1.71179807,   4.59721565
   7591,    1.6506474,   4.55449581
   7592,   1.61488354,     4.747612
   7593,   1.67504549,   4.79303455
   7594,   1.63738477,   4.88697243
   7595,   1.57722282,   4.84155035
   7596,   1.69534039,   5.07848835
   7597,   1.76483202,   5.10792828
   7598,   1.74607682,   5.20678663
   7599,   1.67658544,   5.17734718
   7600,   1.78472495,   5.37922764
   7601,   1.72581911,   5.41084194
   7602,   1.70680881,   5.34510422
   7603,   1.76571465,   5.31348991
   7604,   1.80239892,   5.58910561
   7605,     1.796018,    5.6812439
   7606,   1.69008613,    5.6859479
   7607,   1.69646692,   5.59381008
   7608,   1.66862392,   5.88700771
   7609,   1.75597298,   5.90326881
   7610,   1.72473621,   5.97990274
   7611,   1.63738716,   5.96364212
   7612,   1.61688972,   6.10304165
   7613,   1.66799116,   6.17686987
   7614,   1.61259341,   6.24581242
   7615,   1.56149197,   6.17198467
   7616,   1.66503978,    6.4653635
   7617,   1.71965468,   6.38974428
   7618,   1.77332866,   6.46287441
   7619,   1.71871376,   6.53849316
   7620,   1.66434813,   6.76406193
   7621,   1.61062002,    6.8400588
   7622,   1.55697656,   6.76639605
   7623,   1.61070466,   6.69039917
   7624,   1.66425395,   7.06388521
   7625,   1.71814704,   6.98837376
   7626,   1.77199292,   7.06296921
   7627,   1.71809983,   7.13848019
   7628,   1.66428149,   7.36410999
   7629,    1.6106497,   7.43969345
   7630,   1.55702567,   7.36529922
   7631,   1.61065745,   7.28971577
   7632,   1.66452765,    7.6642971
   7633,   1.71828985,   7.58925247
   7634,   1.77228451,   7.66434717
   7635,   1.71852231,    7.7393918
   7636,   1.71985817,   8.03881645
   7637,   1.66531086,   7.96408987
   7638,    1.7190578,   7.88954544
   7639,   1.77360523,    7.9642725
   7640,   1.61400497,    8.3291769
   7641,   1.67652094,   8.38809586
   7642,   1.62610054,   8.46652222
   7643,   1.56358457,   8.40760422
   7644,   1.65894377,   8.60128117
   7645,   1.74536681,   8.61986923
   7646,   1.71825874,   8.68996811
   7647,    1.6318357,     8.671381
   7648,   1.55688417,   9.47355556
   7649,   1.60992455,   9.39828587
   7650,   1.66358721,   9.47397518
   7651,   1.61054683,   9.54924488
   7652,    1.8262279,   9.84988403
   7653,   1.77237511,   9.77524853
   7654,   1.82614732,   9.69941139
   7655,   1.55721903,   9.77478981
   7656,   1.61091256,   9.69997025
   7657,   1.66490245,   9.77563095
   7658,   1.61120892,   9.85045052
   7659,   1.66304517,   8.88149834
   7660,   1.71805096,   8.81007576
   7661,   1.77166283,   8.87777901
   7662,   1.71665704,   8.94920158
   7663,   1.70593429,   8.50867367
   7664,   1.57911003,   8.55912971
   7665,   1.61170626,   8.18592262
   7666,   1.66752326,   8.25407219
   7667,   1.55818796,   8.26102734
   7668,   1.66482031,   7.81436825
   7669,    1.7727598,   7.81456852
   7670,   1.66435564,   7.51423025
   7671,   1.71815836,   7.43901157
   7672,   1.77209258,   7.51403379
   7673,   1.71812773,   7.28879404
   7674,    1.7720046,   7.36369562
   7675,   1.66427016,   6.91394806
   7676,   1.71817207,   6.83825874
   7677,   1.77204883,   6.91268444
   7678,   1.71834278,   6.68828154
   7679,   1.77216661,   6.76247883
   7680,   1.45000005,   6.47089577
   7681,   1.50358272,   6.39495087
   7682,   1.55714107,   6.46797466
   7683,    1.5035584,   6.54391956
   7684,   1.72319984,   6.10322762
   7685,   1.77627349,   6.16963291
   7686,   1.72106481,   6.24327469
   7687,   1.64346242,   5.75622845
   7688,   1.72646666,    5.7871542
   7689,   1.58561969,   5.85608196
   7690,   1.74787736,   5.49372292
   7691,   1.65622139,   5.51394606
   7692,   1.63416326,   5.43106508
   7693,   1.79338968,   5.25255013
   7694,   1.71840191,    5.2677269
   7695,   1.75712395,   4.95106792
   7696,   1.66730309,   4.97676468
   7697,   1.72720563,   4.86127567
   7698,   1.72221684,   4.73350143
   7699,   1.66366899,   4.67305374
   7700,   1.77034593,   4.65766335
   7701,   1.66377544,   3.92479753
   7702,   1.73530579,   4.01672935
   7703,   1.66358232,   4.07471657
   7704,   1.59205198,   3.98278427
   7705,   1.66335499,   3.32883835
   7706,   1.73478651,   3.41756868
   7707,   1.66276789,   3.47737789
   7708,   1.59133637,   3.38864756
   7709,   1.66177869,   3.03016043
   7710,   1.73355436,   3.11778688
   7711,   1.66238081,   3.17983723
   7712,   1.59060526,   3.09221077
   7713,   1.45000005,   2.18666506
   7714,   1.52398276,   2.12645531
   7715,   1.59449601,   2.21779346
   7716,    1.5205133,   2.27800322
   7717,   1.66833508,   1.99516511
   7718,   1.59717631,   1.91223347
   7719,   1.66782188,    1.8447144
   7720,   1.73898053,   1.92764616
   7721,   1.66756284,    1.6958704
   7722,    1.5958972,   1.61535025
   7723,   1.66727996,   1.54723656
   7724,    1.7389456,    1.6277566
   7725,   1.59528303,   1.32006598
   7726,   1.66677737,   1.25057685
   7727,   1.73853064,   1.32944775
   7728,   1.66703653,   1.39893675
   7729,    1.5223819,   1.09503961
   7730,   1.45000005,   1.01840973
   7731,    1.5946244,   1.02507424
   7732,   1.66619062,  0.953978121
   7733,   1.73791003,   1.03120899
   7734,   1.66634393,   1.10230517
   7735,   1.52269554,   1.38837349
   7736,   1.45000005,   1.30992603
   7737,   1.52258766,   1.24161851
   7738,   1.45000005,   1.60180712
   7739,   1.52284801,   1.53509235
   7740,   1.52304935,   1.68206501
   7741,   1.45000005,   1.89405334
   7742,   1.52332199,   1.82918358
   7743,   1.52385449,   1.97710323
   7744,   1.58037627,   2.36873674
   7745,   1.50986302,   2.42384195
   7746,   1.45000005,   2.33310795
   7747,   1.66809392,   2.14998794
   7748,    1.7366215,   2.25269508
   7749,   1.66302359,   2.32050085
   7750,   1.50554776,   2.56885815
   7751,   1.56974947,   2.65273404
   7752,   1.51420164,     2.710145
   7753,   1.45000005,   2.62626886
   7754,   1.74922502,   2.64499331
   7755,   1.68660712,   2.65319777
   7756,   1.66517138,   2.54201508
   7757,   1.51856482,   2.85765958
   7758,   1.58884025,   2.94343114
   7759,   1.52027535,   3.00556803
   7760,   1.45000005,   2.91979647
   7761,   1.72689581,   2.80130434
   7762,   1.65831995,    2.8783977
   7763,   1.58276653,   2.79481769
   7764,   1.65134239,   2.71772432
   7765,   1.52086031,   3.30097699
   7766,   1.45000005,   3.21369123
   7767,   1.52032995,   3.15334082
   7768,    1.5911901,   3.24062657
   7769,   1.52046001,   3.59651041
   7770,   1.45000005,   3.50795364
   7771,    1.5204761,   3.44844699
   7772,   1.59093606,   3.53700376
   7773,   1.52096677,   3.89224744
   7774,   1.45000005,   3.80258369
   7775,   1.52053177,   3.74434948
   7776,   1.59149849,   3.83401322
   7777,   1.51966012,   4.18912458
   7778,   1.45000005,   4.09758282
   7779,   1.52108526,   4.04057407
   7780,   1.59074521,   4.13211584
   7781,   1.73411632,   4.16955376
   7782,   1.50122011,   4.47316313
   7783,   1.45000005,   4.39295053
   7784,   1.51291144,   4.33481741
   7785,    1.5641315,      4.41503
   7786,   1.59747362,   4.48981714
   7787,   1.50560856,   4.76031494
   7788,   1.45000005,   4.68868828
   7789,   1.50102091,    4.6154089
   7790,   1.55662942,   4.68703556
   7791,   1.60541487,    4.6124773
   7792,   1.45000005,   4.98479509
   7793,   1.52161431,    4.9179306
   7794,   1.57279718,    4.9993906
   7795,   1.50118291,   5.06625462
   7796,   1.45000005,   5.28127289
   7797,   1.49053216,   5.20563984
   7798,   1.53707421,   5.26966906
   7799,   1.49654222,   5.34530163
   7800,   1.66712165,   5.25774288
   7801,   1.61434364,   5.24823284
   7802,   1.62380743,   5.16783714
   7803,   1.51882267,   5.49256516
   7804,     1.577106,   5.56084204
   7805,   1.50828338,   5.64639759
   7806,   1.45000005,   5.57812119
   7807,   1.45000005,   5.87534094
   7808,    1.5124445,   5.79127359
   7809,   1.52317524,   5.94014931
   7810,   1.81044865,   5.81281567
   7811,   1.82552433,    5.9479928
   7812,   1.45000005,   6.17293215
   7813,    1.5071708,   6.09823036
   7814,    1.5043211,   6.24668598
   7815,   1.82848096,   6.09091854
   7816,   1.82779253,   6.23752403
   7817,   1.82689309,   6.38647747
   7818,   1.82643557,   6.53647661
   7819,   1.50353062,   6.84256935
   7820,   1.45000005,   6.76923227
   7821,   1.50344586,   6.69305897
   7822,   1.82608271,   6.83717108
   7823,    1.8260839,   6.68665695
   7824,   1.55700815,    7.0656414
   7825,   1.50354004,   7.14164257
   7826,   1.45000005,   7.06794167
   7827,   1.50346828,    6.9919405
   7828,   1.82596612,   6.98749733
   7829,   1.82602668,   7.13809013
   7830,   1.50354576,   7.44110012
   7831,   1.45000005,   7.36702538
   7832,   1.50347984,   7.29122448
   7833,   1.82605445,   7.43910027
   7834,   1.82595015,   7.28848457
   7835,   1.55711997,   7.66512966
   7836,   1.50360894,   7.74081373
   7837,   1.45000005,   7.66648245
   7838,   1.50351119,   7.59079838
   7839,   1.82603812,   7.58945751
   7840,   1.82624638,   7.74004841
   7841,   1.50359321,   8.04039669
   7842,   1.45000005,   7.96631432
   7843,    1.5036068,   7.89061356
   7844,   1.55719984,   7.96469593
   7845,   1.82709181,   8.04038715
   7846,   1.82651341,   7.89031363
   7847,   1.45000005,   8.41676521
   7848,   1.50462353,   8.33804321
   7849,   1.50896108,   8.48632622
   7850,   1.72103381,   8.18494797
   7851,   1.77681172,   8.25371265
   7852,   1.72330117,   8.32283688
   7853,   1.52014899,   8.63990688
   7854,    1.5748105,   8.71776295
   7855,   1.50466156,   8.79539108
   7856,   1.45000005,   8.71753502
   7857,   1.80379486,   8.52934742
   7858,   1.82157195,   8.65949059
   7859,   1.50242257,   8.94464588
   7860,   1.55464292,   9.02063847
   7861,   1.50222039,   9.09467506
   7862,   1.45000005,   9.01868248
   7863,   1.82594585,   8.80089474
   7864,   1.82571697,   8.94712257
   7865,   1.50271773,   9.24584389
   7866,   1.55609322,   9.32249737
   7867,   1.50337553,   9.39685822
   7868,   1.45000005,   9.32020473
   7869,   1.82472849,   9.09637451
   7870,    1.8250767,   9.24706841
   7871,   1.76980519,   9.17193604
   7872,   1.50350869,   9.54780579
   7873,   1.55711555,   9.62436867
   7874,    1.5036068,   9.69866848
   7875,   1.45000005,    9.6221056
   7876,   1.82543278,   9.39803123
   7877,   1.82583773,    9.5486908
   7878,   1.77127051,   9.47394371
   7879,   1.82625008,          10.
   7880,   1.77247787,   9.92520142
   7881,   1.77198505,    9.6246891
   7882,   1.77050948,   9.32295799
   7883,   1.77044535,   9.02262497
   7884,   1.76751781,   8.74078178
   7885,   1.82861757,   8.45811367
   7886,   1.77753723,   8.37218094
   7887,   1.82891965,   8.33240128
   7888,   1.82789207,   8.18901062
   7889,   1.77498388,    8.1123333
   7890,   1.77197671,   7.21332073
   7891,   1.77251959,   6.61241913
   7892,   1.77468562,    6.3145566
   7893,   1.77400517,   6.03073692
   7894,   1.60083461,   5.10111427
   7895,   1.77437687,   4.80174255
   7896,   1.82794166,   4.72875881
   7897,   1.82643509,   4.87607908
   7898,   1.80153632,   4.42243958
   7899,   1.82240415,   4.58136463
   7900,   1.80749702,   4.10865498
   7901,   1.80661917,   4.26145458
   7902,   1.73529935,    3.8664453
   7903,   1.80749059,   3.80773544
   7904,   1.80780876,   3.95799541
   7905,   1.73492789,   3.56718493
   7906,   1.80729175,   3.50745106
   7907,   1.80763602,   3.65774965
   7908,   1.73454571,     3.268049
   7909,   1.80705094,   3.20729661
   7910,   1.80749464,   3.35749841
   7911,   1.73125863,   2.96512699
   7912,   1.80475521,   2.90400171
   7913,    1.8065033,   3.05660152
   7914,    1.8270843,   2.59705591
   7915,   1.80214071,   2.74214363
   7916,   1.80751038,   2.33123899
   7917,   1.84210229,   2.46684813
   7918,   1.45000005,   9.92438316
   7919,   1.50361228,   9.84931755
   7920,    1.5573622,   9.92493439
   7921,   1.50374997,          10.
   7922,   1.66509676,   9.92551613
   7923,   1.61124992,          10.
   7924,   1.71882463,   9.85071754
   7925,      1.71875,          10.
   7926,   1.59496951,    1.1725359
   7927,   1.45000005,   1.16412234
   7928,   1.59554338,   1.46764493
   7929,   1.45000005,   1.45582104
   7930,   1.45000005,   1.74788451
   7931,   1.59637117,   1.76336396
   7932,   1.45000005,   2.04031348
   7933,   1.59783709,    2.0632453
   7934,   1.56541085,   2.51305723
   7935,   1.45000005,   2.47964287
   7936,   1.45000005,   2.77298689
   7937,   1.45000005,   3.06669807
   7938,   1.45000005,   3.36077642
   7939,   1.45000005,   3.65522265
   7940,   1.45000005,   3.95003724
   7941,   1.45000005,   4.24522018
   7942,   1.55224109,   4.54779863
   7943,   1.45000005,   4.54077339
   7944,   1.45000005,   4.83669519
   7945,   1.45000005,   5.72668457
   7946,   1.57072783,   5.71098661
   7947,   1.45000005,   6.02408981
   7948,   1.58034599,   6.01428986
   7949,   1.45000005,   6.32186747
   7950,   1.55790377,   6.31976986
   7951,   1.45000005,   6.62001753
   7952,   1.55700421,     6.616961
   7953,   1.55699873,   6.91596985
   7954,   1.45000005,   6.91854048
   7955,   1.55701971,   7.21543026
   7956,   1.45000005,   7.21743679
   7957,    1.5570569,   7.51519156
   7958,   1.45000005,   7.51670694
   7959,   1.55721557,   7.81507587
   7960,   1.45000005,   7.81635141
   7961,   1.55715752,   8.11353111
   7962,   1.50356448,   8.18950558
   7963,   1.45000005,   8.11637115
   7964,   1.80881834,  0.659694195
   7965,   1.73715162,  0.584376752
   7966,    1.8083334,   0.50999999
   7967,   1.66499996,   0.50999999
   7968,   1.62556791,   2.46686459
   7969,   1.60501432,   2.58820748
   7970,      1.58673,   5.31227207
   7971,   1.56468797,   5.20562983
   7972,   1.54171491,   5.13890696
   7973,   1.45000005,   5.13298798
   7974,   1.61735141,   5.64070606
   7975,   1.56536472,   5.40821695
   7976,   1.45000005,   5.42965031
   7977,   1.66603398,   6.31846237
   7978,   1.61083651,   6.54091835
   7979,   1.61134434,   6.39241982
   7980,   1.61061311,   7.13966799
   7981,   1.61064899,   6.98985863
   7982,   1.61088467,   7.73969841
   7983,   1.61076283,   7.58972836
   7984,   1.61115122,   7.88974571
   7985,    1.6113596,   8.03903961
   7986,   1.45000005,   8.26652145
   7987,   1.45000005,   8.56710339
   7988,   1.61176658,   8.80564499
   7989,   1.60836267,   8.94782829
   7990,   1.55708408,    8.8719759
   7991,   1.45000005,   8.86806107
   7992,   1.82547843,   5.46088696
   7993,   1.67393088,   6.05239391
   7994,   1.66453695,   6.61435604
   7995,   1.66425061,    7.2139535
   7996,   1.83924651,   5.32397556
   7997,   1.83414316,   5.18357468
   7998,   1.81068873,   5.02871895
   7999,   1.71845293,   9.70016193
   8000,   1.66434383,    9.6248455
   8001,   1.71787596,   9.54937363
   8002,   1.66590822,   8.11143112
   8003,     1.730757,   8.43743992
   8004,   1.71530557,   9.09647942
   8005,   1.66151726,   9.02305603
   8006,   1.71698177,   9.39854622
   8007,   1.66147137,    9.1717453
   8008,   1.60861182,   9.24700165
   8009,   1.55493808,   9.17112255
   8010,   1.60779762,   9.09586525
   8011,   1.45000005,    9.1693964
   8012,   1.45000005,   9.47110748
   8013,   1.45000005,   9.77319717
   8014,   1.65552855,    5.3351202
   8015,   1.66244316,   9.32279015
   8016,   1.71597087,   9.24720192
   8017,   1.66879177,   8.75926304
   8018,   6.91300869,  0.211697757
   8019,   7.05229378, 0.0932655707
   8020,    7.1709733,  0.175817013
   8021,   7.03168774,  0.294249207
   8022,   7.14033794, -0.406436384
   8023,   6.97081947, -0.283789545
   8024,   6.83048153, -0.387353182
   8025,   7.29328823, -0.142607376
   8026,   7.13362598, -0.209043741
   8027,   7.29033756, -0.321436375
   8028,   7.44999981, -0.254999995
   8029,   7.15352821, -0.0250330977
   8030,   6.86025906, 0.0555660725
   8031,   6.96149302, -0.0627325922
   8032,    6.4864893,   0.26015684
   8033,   6.59206676,   0.38975215
   8034,    6.2944231,  0.380404711
   8035,   6.18655777,  0.249901026
   8036,   5.99213505,  0.379496336
   8037,   5.88089561,  0.249739498
   8038,   5.68876076,  0.380243152
   8039,   5.57141781,  0.250985682
   8040,   5.38265705,   0.38074255
   8041,   4.54546213, -0.231762767
   8042,   4.53334856, -0.364644766
   8043,   4.62881088, -0.304978967
   8044,   4.55013275,  0.061693877
   8045,   4.66957092,  0.119681165
   8046,    4.5694375,  0.203701571
   8047,   4.59345436,  0.350413263
   8048,   4.74345446,  0.423270404
   8049,   4.71289206,  0.262686282
   8050,   4.72528458,  0.029371364
   8051,   4.64784336, -0.0231193453
   8052,   4.73631954, -0.108385712
   8053,   4.81376028, -0.0558950044
   8054,   4.54771042, -0.0848132223
   8055,   4.68334866, -0.437501907
   8056,   7.44999981, -0.425000012
   8057,   6.79868603, -0.137478396
   8058,   6.65135241, -0.260752112
   8059,   6.60869026, -0.010502724
   8060,   6.46135616, -0.133776441
   8061,   6.33755255, -0.256984949
   8062,   6.27223492, -0.00924469903
   8063,   6.14843178, -0.132453203
   8064,   5.73682976, -0.266569138
   8065,   5.84475136, -0.134460598
   8066,   5.65682983, -0.0103898868
   8067,   5.54890823, -0.142498448
   8068,   5.62032604, -0.390790492
   8069,   5.44970417, -0.281069756
   8070,   5.32937813, -0.400279224
   8071,   4.91923475, -0.107469276
   8072,   4.82558632, -0.207278714
   8073,   4.93702888,  -0.30079478
   8074,   5.03067684, -0.200985342
   8075,   4.78697777, -0.402277648
   8076,   4.73243999, -0.269754708
   8077,   7.44999981, -0.0850000009
   8078,   7.31023979, 0.0325742736
   8079,   7.16073322,  0.398242742
   8080,   7.31073332,  0.270742744
   8081,   7.44999981,  0.382499993
   8082,   4.64317226, -0.170861721
   8083,   7.44999981,  0.127499998
   8084,   4.84955883, 0.0498301201
   8085,   4.79384518,  0.140139922
   8086,   5.05005121, -0.408517122
   8087,   4.90289116,  0.287901908
   8088,    5.0594368,  0.374631464
   8089,   5.24209404,  0.245374024
   8090,   5.17942953, -0.298796356
   8091,   6.71027088,  0.129626915
   8092,   6.76302052,  0.285758615
   8093,   6.87095451,  0.406006455
   8094,   6.52087116,  -0.38339895
   8095,   6.21668148, -0.383585989
   8096,   6.03318548, -0.259364665
   8097,   5.91650391, -0.385778666
   8098,   4.98384476,  0.165355548
   8099,    4.9550333, -0.00174415112
   8100,    5.1178174, -0.0683364645
   8101,   5.14662838, 0.0987632349
   8102,    6.3849082,  0.120027199
   8103,   6.07388496,  0.120629132
   8104,   5.95999718, -0.00754913874
   8105,   5.76700878,  0.121561214
   8106,   5.46123981,  0.119034588
   8107,   5.36577415, -0.0275761988
   8108,   5.26657009,   -0.1661475
   8109,   2.17566943, -0.874044776
   8110,   2.10200357, -0.803325415
   8111,   2.02678108, -0.880108297
   8112,   2.10044694, -0.950827658
   8113,   2.02993822, -0.583737254
   8114,    2.1038425, -0.656180441
   8115,   2.18066907, -0.582443118
   8116,   2.32573462, -0.867438972
   8117,   2.39920616, -0.935086846
   8118,   2.47389936, -0.858972549
   8119,   2.40042782, -0.791324735
   8120,   2.69417167, -0.776683211
   8121,   2.77160025, -0.706897378
   8122,   2.70202613, -0.642006576
   8123,   2.62459755,  -0.71179235
   8124,   3.23094654, -0.575329363
   8125,   3.08151913, -0.574355602
   8126,   3.14746571, -0.639684916
   8127,   3.59692645,  -0.65480876
   8128,   3.50791097, -0.718512177
   8129,   3.56871843, -0.795164764
   8130,   3.65773392, -0.731461346
   8131,   3.85637856, -0.846087575
   8132,   3.94967175, -0.781001627
   8133,    3.8978734, -0.686680675
   8134,   3.80458021, -0.751766622
   8135,   4.29149008, -0.646504402
   8136,   4.13774872,  -0.62346971
   8137,   4.20600319, -0.759974122
   8138,    4.3670783, -0.794785619
   8139,   1.95308614, -0.958122134
   8140,   1.95369506, -0.808573484
   8141,   2.09875822,  -1.09853196
   8142,   2.02379179,  -1.17671466
   8143,   2.09672499,  -1.24545527
   8144,   2.17169142,  -1.16727257
   8145,   2.44459987,  -1.55871511
   8146,   2.36463404,  -1.50647509
   8147,   2.31639814,  -1.57368851
   8148,   2.39636374,  -1.62592864
   8149,   2.94112635,  -1.66399884
   8150,   2.95642138,  -1.74890995
   8151,    3.0757246,  -1.71855521
   8152,   3.06042957,   -1.6336441
   8153,   3.07392859,  -2.32181263
   8154,   3.16337013,  -2.20941877
   8155,   3.01846576,  -2.14589357
   8156,   2.92902422,  -2.25828743
   8157,   3.24392223,    -2.715832
   8158,   3.32961988,  -2.80147409
   8159,   3.42802143,  -2.70581841
   8160,   3.34232378,  -2.62017632
   8161,   4.17240334,  -3.05218172
   8162,   4.00903177,  -2.92388868
   8163,   3.88056588,  -3.08149767
   8164,   4.04393721,  -3.20979071
   8165,   4.31444597,  -3.18702173
   8166,    4.1822691,  -3.33762574
   8167,   4.31782341,  -3.47794771
   8168,    4.3079567,  -2.89594126
   8169,   4.16952038,  -2.76364326
   8170,   4.31156349,  -2.60192084
   8171,   3.91062069,  -2.49774933
   8172,   3.79401469,   -2.3766942
   8173,    3.6679039,  -2.50332975
   8174,   3.78450966,  -2.62438464
   8175,   3.47934723,  -2.03766441
   8176,   3.55008507,  -1.92181373
   8177,   3.41557884,  -1.88338113
   8178,     3.344841,  -1.99923158
   8179,   3.16921949,  -1.43504858
   8180,   3.11146545,  -1.55991507
   8181,   3.22612762,  -1.60323191
   8182,   3.28388166,  -1.47836566
   8183,   3.02642727, -0.974292636
   8184,   2.96944761,     -0.90309
   8185,   2.89501953, -0.963794351
   8186,   2.95199871,  -1.03499699
   8187,   2.32480001,  -1.15980911
   8188,   2.24896526,   -1.0903244
   8189,   2.24752617,  -1.23675728
   8190,   2.48995781,  -1.30957854
   8191,   2.58251715,  -1.36423087
   8192,   2.65118599,  -1.26740909
   8193,   2.55862665,  -1.21275687
   8194,   1.95136857,  -1.40591204
   8195,   2.02283525,  -1.32432818
   8196,   1.95146656,  -1.25690818
   8197,   1.95301986,  -1.55559802
   8198,   2.02438831,  -1.47238314
   8199,   2.58698034,  -1.82876658
   8200,   2.46922588,  -1.84750414
   8201,   2.50069857,  -1.95894217
   8202,   2.61845279,  -1.94020462
   8203,   2.68582153,  -2.45775938
   8204,   2.72852206,   -2.3629179
   8205,   2.63491678,  -2.32224131
   8206,   2.59221625,  -2.41708302
   8207,   2.90355301,  -2.67583799
   8208,   3.00298619,  -2.71316147
   8209,   3.05179548,  -2.59595633
   8210,   2.95236254,  -2.55863309
   8211,   3.45766282,  -2.97433901
   8212,    3.3815484,  -3.06784916
   8213,   3.49452782,  -3.12769294
   8214,   3.57064199,  -3.03418279
   8215,   3.91816616,  -3.35546422
   8216,   4.05649805,  -3.48329926
   8217,   4.18087101,  -3.62254024
   8218,   4.31304789,  -3.76849866
   8219,   2.09501719,  -1.39056611
   8220,   2.16890693,  -1.31169319
   8221,   2.11281085,  -1.68964779
   8222,   2.04322004,  -1.77960825
   8223,    2.1468935,  -1.85414696
   8224,   2.21648407,  -1.76418662
   8225,   2.12563229,  -2.01797628
   8226,   2.03837609,  -2.09010077
   8227,   2.11022282,  -2.17154598
   8228,   2.19747877,   -2.0994215
   8229,   1.95246029,  -2.61789703
   8230,   2.02501392,  -2.54239225
   8231,   1.95255375,  -2.46806669
   8232,   1.95362234,  -2.91755533
   8233,   2.02686048,  -2.84027147
   8234,   1.95323825,  -2.76755762
   8235,   2.09931874,  -2.76317167
   8236,   2.10088778,  -2.91147232
   8237,   2.17334604,  -2.83437252
   8238,   1.95411825,  -3.06798935
   8239,   2.02774048,  -2.99006844
   8240,   2.10245991,  -3.06105232
   8241,   2.02840281,  -3.14064026
   8242,   2.10339022,  -3.21189928
   8243,    2.1774478,  -3.13231182
   8244,   2.42262626,  -3.48875237
   8245,   2.34224176,  -3.57560182
   8246,   2.42959261,  -3.64286423
   8247,   2.50997734,  -3.55601454
   8248,   2.66099358,  -4.02594042
   8249,   2.72598958,  -4.08481312
   8250,   2.80811977,  -4.00469351
   8251,   2.74312353,  -3.94582081
   8252,   3.12434578,  -4.45178556
   8253,   3.25133371,  -4.46052551
   8254,   3.26160383,  -4.34328938
   8255,    3.1346159,   -4.3345499
   8256,   3.36694574,  -4.88220692
   8257,   3.26258302,  -4.82184219
   8258,   3.18787956,  -4.91864395
   8259,   3.29224205,  -4.97900867
   8260,   4.17531919,   -5.1542778
   8261,   4.02693653,  -5.04977369
   8262,   3.89848185,  -5.22068024
   8263,   4.04686451,  -5.32518435
   8264,   4.31749535,  -5.27530098
   8265,   4.19208097,  -5.43508673
   8266,   4.32458591,  -5.56306744
   8267,   4.30782413,  -4.98569584
   8268,   4.15022659,  -4.86586618
   8269,   4.29240227,  -4.69032621
   8270,    4.0991869,  -4.55579948
   8271,   3.91801596,   -4.4918375
   8272,   3.81281781,  -4.70602274
   8273,   3.99398899,  -4.76998425
   8274,   3.40871096,  -3.98159599
   8275,   3.50678587,  -4.09025478
   8276,   3.61053181,  -4.02612734
   8277,   3.51245689,  -3.91746855
   8278,   3.04120088,  -3.63291669
   8279,   3.16528893,  -3.62679315
   8280,   3.18501902,  -3.48330951
   8281,   3.06093121,  -3.48943305
   8282,   2.66568923,  -3.37001109
   8283,   2.78463364,  -3.39690399
   8284,   2.83844256,  -3.30735731
   8285,   2.71949816,  -3.28046441
   8286,    2.6356473,  -2.92626953
   8287,   2.55155563,  -2.86643171
   8288,   2.47826815,  -2.95243788
   8289,   2.56235981,   -3.0122757
   8290,   2.32999802,  -3.11912298
   8291,   2.25235271,  -3.05085754
   8292,    2.2550931,  -3.20057726
   8293,   2.48472667,  -3.09986186
   8294,   2.56633949,  -3.16215563
   8295,   2.64397264,   -3.0745697
   8296,   1.95423675,  -3.37005663
   8297,   2.02852106,   -3.2920723
   8298,   1.95428443,  -3.21876192
   8299,   1.95386505,  -3.67293692
   8300,   2.02829456,  -3.59611225
   8301,   1.95442939,  -3.52119136
   8302,   2.50656652,  -3.88105989
   8303,   2.58097601,  -3.95751739
   8304,   2.65689659,  -3.87503767
   8305,   2.58248687,  -3.79858017
   8306,    2.9130044,  -4.10273647
   8307,   2.90865088,  -4.21574974
   8308,   3.01960611,  -4.21498966
   8309,   3.02395964,  -4.10197639
   8310,   3.39301491,   -5.0630331
   8311,   3.51220703,  -5.15345573
   8312,   3.61518216,  -5.02915287
   8313,    3.4959898,  -4.93873024
   8314,   3.66957235,  -5.89379025
   8315,   3.72710133,  -5.77486897
   8316,   3.60667658,  -5.72821999
   8317,   3.54914761,  -5.84714127
   8318,   4.20083427,  -5.71678352
   8319,   4.32624817,  -5.85356045
   8320,    2.1050334,  -3.51619959
   8321,   2.18078852,  -3.43603468
   8322,   2.10442114,  -3.36370182
   8323,   2.02866626,  -3.44386697
   8324,   2.10762477,  -3.82204151
   8325,    2.1836009,   -3.7431035
   8326,   2.10470581,  -3.66940594
   8327,   2.02872968,  -3.74834418
   8328,    2.1108284,  -4.13325357
   8329,   2.18798256,   -4.0568409
   8330,   2.10742617,   -3.9778285
   8331,   2.03027201,  -4.05424118
   8332,   2.25844669,  -4.45279789
   8333,   2.34600782,  -4.38424826
   8334,   2.27188969,  -4.29870033
   8335,   2.18432856,  -4.36724997
   8336,   1.95224667,  -4.88328362
   8337,     2.024858,  -4.81257677
   8338,   1.95261121,   -4.7323885
   8339,   1.95196652,  -5.03404045
   8340,   2.02421331,  -4.96359396
   8341,    1.9518373,  -5.18411398
   8342,   2.02380371,  -5.11378956
   8343,   2.09580755,  -5.19396591
   8344,   2.02374172,  -5.26367569
   8345,   2.09632277,  -5.34342861
   8346,   2.16838884,  -5.27371883
   8347,   2.90454412,   -6.0110836
   8348,   2.79293966,  -6.09311104
   8349,   2.89252758,   -6.2060318
   8350,   3.00413227,  -6.12400436
   8351,     3.188869,  -6.57817841
   8352,   3.05223417,  -6.61873817
   8353,   3.11264467,  -6.76650381
   8354,    3.2492795,  -6.72594452
   8355,   3.51981783,  -6.99741554
   8356,   3.67312646,  -6.93263578
   8357,   3.60555553,  -6.77396822
   8358,   3.45224714,  -6.83874798
   8359,   4.16567898,  -7.20613861
   8360,   4.02083111,  -7.08561897
   8361,   3.86531186,  -7.25657272
   8362,   4.01015949,  -7.37709236
   8363,   4.31176996,  -7.33892441
   8364,   4.18929195,  -7.48024368
   8365,    4.3275218,  -7.62053871
   8366,   4.30390882,  -7.04987049
   8367,   4.13077068,  -6.90634155
   8368,   4.27686214,  -6.74256516
   8369,   3.86303902,  -6.49179363
   8370,   3.78522348,  -6.34293365
   8371,    3.6283164,  -6.41479206
   8372,   3.70613194,  -6.56365252
   8373,   3.48582029,  -6.14369488
   8374,   3.44373655,  -6.00398684
   8375,   3.30510664,  -6.04656506
   8376,   3.34719038,  -6.18627357
   8377,   3.03522921,  -5.74679899
   8378,   3.04747725,   -5.6078434
   8379,   2.94479704,  -5.59165192
   8380,   2.93254876,  -5.73060751
   8381,   2.51527286,  -4.78250504
   8382,   2.45291758,  -4.85618114
   8383,   2.52921033,  -4.93279362
   8384,   2.59156561,  -4.85911751
   8385,    2.2396481,  -5.20490456
   8386,   2.31220341,  -5.13732719
   8387,   2.24048471,  -5.05765057
   8388,   2.16792941,  -5.12522793
   8389,   2.50873375,  -5.22188473
   8390,   2.45647073,  -5.28890419
   8391,   2.53908205,  -5.35056591
   8392,   2.59134507,  -5.28354645
   8393,    1.9519043,   -5.3345623
   8394,   1.95372844,  -5.78590488
   8395,   2.02636194,  -5.71408653
   8396,   1.95263362,  -5.63508606
   8397,   2.42755604,  -5.95815992
   8398,   2.49943161,  -5.87959957
   8399,    2.4118309,  -5.80198193
   8400,   2.33995533,  -5.88054276
   8401,   3.39496994,  -6.67978573
   8402,    3.3065567,  -6.88490677
   8403,   3.96095705,  -7.71240234
   8404,   3.92082739,  -7.51132488
   8405,   3.75350976,  -7.55471516
   8406,   3.79363966,  -7.75579262
   8407,   4.19618607,  -7.75270748
   8408,    4.3186636,   -7.9079504
   8409,   2.09969759,  -5.64208794
   8410,   2.10317779,  -5.79336405
   8411,   2.17651343,  -5.72136545
   8412,   2.10597086,  -5.94481325
   8413,   2.18123865,  -5.87339878
   8414,   2.02790999,  -5.86477852
   8415,   2.10750914,  -6.09443045
   8416,   2.02913952,  -6.16442108
   8417,    2.1062417,  -6.24317169
   8418,   2.18461156,  -6.17318106
   8419,   2.10217834,  -6.54467678
   8420,   2.02682066,  -6.61587715
   8421,   2.10001564,  -6.69480515
   8422,   2.17537355,  -6.62360477
   8423,   1.95134163,  -6.98875141
   8424,   2.02369809,  -6.91545486
   8425,   1.95235634,   -6.8386879
   8426,   2.09727764,  -6.84366703
   8427,   2.09401846,  -6.99267435
   8428,   2.16759825,  -6.92088652
   8429,   1.95053697,  -7.13863373
   8430,   2.02187872,  -7.06476593
   8431,   2.08965588,  -7.28670931
   8432,   2.16046906,  -7.21442127
   8433,   2.09141493,  -7.14097786
   8434,   2.02060175,   -7.2132659
   8435,   2.70107579,   -7.9264555
   8436,   2.75234175,  -7.98628092
   8437,   2.84978914,   -7.9278307
   8438,   2.79852295,   -7.8680048
   8439,   3.31004667,  -8.51295376
   8440,   3.25105453,  -8.44193077
   8441,   3.16252708,  -8.52568245
   8442,   3.22151899,  -8.59670544
   8443,   3.44939327,  -8.75977516
   8444,   3.58106279,  -8.76763916
   8445,   3.57023335,  -8.62420082
   8446,   3.43856382,  -8.61633682
   8447,    4.1067524,  -9.25805092
   8448,    3.9293623,  -9.16455746
   8449,   3.81416702,  -9.35737133
   8450,   3.99155712,  -9.45086479
   8451,   4.29278564,  -9.41432381
   8452,   4.14646196,  -9.56818008
   8453,   4.30367661,  -9.70901299
   8454,   4.26396656,  -9.10232067
   8455,   4.12691212,  -8.93977356
   8456,   4.31294537,  -8.79948425
   8457,   3.96465683,  -8.44291687
   8458,   4.11193657,  -8.51340866
   8459,   4.16547012,  -8.35113621
   8460,   4.01819038,  -8.28064346
   8461,   3.47063518,  -8.14097214
   8462,   3.49071693,  -8.30333138
   8463,   3.66579509,  -8.29571533
   8464,   3.64571333,  -8.13335705
   8465,   3.08768773,  -7.80675697
   8466,   2.95574021,  -7.81000566
   8467,   2.94293261,  -7.92788744
   8468,   3.07488012,  -7.92463875
   8469,   2.88375711,  -7.49596453
   8470,   3.00186682,  -7.44110966
   8471,   2.92869234,  -7.31792927
   8472,   2.81058264,  -7.37278414
   8473,   2.49530816,  -7.01919794
   8474,   2.58727503,  -6.97617483
   8475,   2.54270744,  -6.90121317
   8476,   2.45074081,  -6.94423628
   8477,   2.29643035,   -7.3559618
   8478,   2.22999239,  -7.28816509
   8479,   2.15900612,   -7.3562727
   8480,   2.22544432,  -7.42406893
   8481,   2.65695977,  -7.11858463
   8482,   2.60280561,  -7.22558975
   8483,   2.72061181,  -7.28981781
   8484,   2.77476597,  -7.18281269
   8485,   1.95655823,  -7.58919525
   8486,   2.02792501,  -7.51208782
   8487,    1.9513669,  -7.43741608
   8488,   1.96424747,  -7.74162102
   8489,   2.04080582,    -7.665658
   8490,   2.44189167,  -8.10890484
   8491,   2.53149915,  -8.04858208
   8492,   2.45640802,  -7.96386528
   8493,   2.36680031,    -8.024189
   8494,    3.2104342,  -8.69335175
   8495,   3.12321854,  -8.66736794
   8496,   3.11820841,  -8.78111267
   8497,   3.20542383,  -8.80709743
   8498,    3.5499959,  -9.07155228
   8499,   3.48988914,   -9.2217617
   8500,   3.65518618,  -9.27816963
   8501,   3.71529293,  -9.12796021
   8502,   3.86292028,  -9.60859489
   8503,   4.01782513,  -9.72591019
   8504,   4.15676737,  -9.85729408
   8505,   4.30309105,         -10.
   8506,   2.10376906,  -7.57982016
   8507,   2.16662574,   -7.4987092
   8508,   2.09078169,  -7.43097687
   8509,    2.1310699,  -7.90633535
   8510,    2.2278204,  -7.82260227
   8511,     2.144557,  -7.73726654
   8512,    2.0478065,  -7.82099962
   8513,   2.10891581,  -8.21557331
   8514,   2.02944946,  -8.28147316
   8515,   2.10327291,  -8.36375904
   8516,    2.1827395,  -8.29785919
   8517,   1.95421934,  -8.80025673
   8518,   2.02705741,  -8.73009491
   8519,   1.95283818,  -8.64944077
   8520,   1.95690203,  -9.10094261
   8521,   2.03286052,  -9.03053856
   8522,    1.9559586,  -8.95046806
   8523,   2.10929346,  -8.95959759
   8524,   2.11353874,  -9.11161995
   8525,   2.18997145,  -9.04067898
   8526,   1.95564699,  -9.25051785
   8527,    2.0325489,  -9.17995262
   8528,   2.10125184,  -9.55142784
   8529,    2.1710639,  -9.47929573
   8530,   2.09716845,  -9.40471745
   8531,   2.02735662,   -9.4768486
   8532,   2.35362649,   -9.7625351
   8533,   2.44687319,  -9.83561516
   8534,   2.52555275,  -9.74192047
   8535,   2.43230581,  -9.66884136
   8536,   2.62732434,  -9.82295704
   8537,   2.53551483,  -9.91481876
   8538,   2.63175011,         -10.
   8539,   2.72355962,  -9.90813828
   8540,   2.81918097,  -9.81146049
   8541,   2.90702105,  -9.70695782
   8542,   2.79546356,  -9.61423111
   8543,   2.70762372,  -9.71873474
   8544,   3.02603531,  -9.80213737
   8545,   2.92436171,  -9.90332222
   8546,   3.03824258,         -10.
   8547,   3.13991642,  -9.89881516
   8548,   3.24887991,  -9.79098225
   8549,   3.35048246,  -9.67977715
   8550,   3.22247505,  -9.58619499
   8551,    3.1208725,  -9.69740009
   8552,   3.31787443,  -9.47488499
   8553,   3.19086361,  -9.38667774
   8554,   3.09546423,  -9.49798775
   8555,   3.32488155,  -8.72859764
   8556,   3.33596659,  -8.63195229
   8557,   2.81314564,  -8.84776688
   8558,   2.72737122,  -8.90889549
   8559,    2.7890079,  -9.01000977
   8560,   2.87478209,  -8.94888115
   8561,   2.88789439,  -8.62427902
   8562,   2.85628653,  -8.71419525
   8563,   2.94307303,  -8.73893356
   8564,    2.9746809,  -8.64901733
   8565,    2.3960557,  -8.68664646
   8566,   2.48208976,  -8.62551498
   8567,   2.41118598,  -8.54249477
   8568,   2.32515192,  -8.60362625
   8569,   2.09952593,  -8.65940571
   8570,    2.1028657,  -8.81022072
   8571,   2.17533422,  -8.73953247
   8572,   2.54113436,  -8.72791004
   8573,   2.64651203,  -8.66246033
   8574,   2.58746719,  -8.56006622
   8575,   2.35231304,  -9.04683876
   8576,   2.26650763,  -8.96479797
   8577,    2.2757771,  -9.12272072
   8578,    2.6188283,  -8.96418095
   8579,   2.52701068,  -9.03361988
   8580,   2.60716605,   -9.1553154
   8581,   2.69898367,  -9.08587646
   8582,   2.41715288,  -9.39826012
   8583,   2.32554913,  -9.36667061
   8584,   2.30455685,  -9.47716236
   8585,   2.39616084,  -9.50875282
   8586,   2.75978446,  -9.40050983
   8587,   2.67243767,  -9.50876617
   8588,   2.88281035,  -9.50597477
   8589,   2.66987276,  -9.28768349
   8590,   2.86955166,  -9.30618668
   8591,   2.77963972,  -9.19336128
   8592,   3.45897913,  -9.55623436
   8593,   3.55535984,   -9.4294014
   8594,   3.41425538,  -9.34805107
   8595,   1.95408034,   -9.5499649
   8596,   1.95327616,  -9.39966202
   8597,   1.95619082,  -9.84982681
   8598,   2.03178596,  -9.77557087
   8599,   1.95559502,  -9.69979095
   8600,   2.18961883,  -9.92424393
   8601,   2.27236223,         -10.
   8602,   2.35788345,  -9.92079544
   8603,   2.27514005,  -9.84504032
   8604,   2.10860109,         -10.
   8605,    2.1118288,  -9.84938908
   8606,   2.03081131,   -9.9251442
   8607,   3.26105213,         -10.
   8608,   3.37001562,  -9.89216805
   8609,   3.48876786,  -9.77361298
   8610,   3.49801397,         -10.
   8611,   3.61676598,  -9.88144493
   8612,   3.71434069,  -9.50860405
   8613,   3.59726429,  -9.65007019
   8614,   4.18854332,  -8.64585304
   8615,   4.32559824,  -8.51183796
   8616,   4.28987169,  -8.20820427
   8617,   3.99900055,  -8.11317253
   8618,   4.15853596,  -8.04381084
   8619,   4.05718327,  -7.85063314
   8620,   3.89764786,  -7.91999531
   8621,   3.80117798,  -8.12091541
   8622,   3.77889252,  -7.98270607
   8623,   3.62342787,  -7.99514771
   8624,   3.54952359,  -7.78590012
   8625,   3.54836798,  -7.61381721
   8626,   3.36562252,  -7.61944103
   8627,    3.3667779,  -7.79152393
   8628,   3.08134556,  -7.67387295
   8629,   3.05379581,  -7.55983067
   8630,   2.93997908,  -7.59142113
   8631,   2.96752882,  -7.70546341
   8632,   3.67488408,  -7.81850386
   8633,   3.49806738,  -7.96254444
   8634,   3.82036781,  -8.28838634
   8635,   3.68492341,  -8.45781326
   8636,   3.83949614,  -8.45048332
   8637,   4.30811405,  -6.43595314
   8638,   4.13497639,  -6.58898687
   8639,   4.32170296,  -6.14420414
   8640,    4.1798172,  -6.28718853
   8641,   4.19795132,  -6.00135803
   8642,    4.0841217,   -5.8641367
   8643,   3.95624352,  -5.99811506
   8644,   4.07007313,  -6.13533688
   8645,   3.92699385,  -5.48144054
   8646,   4.07221031,  -5.59134293
   8647,   3.65526271,  -5.55032253
   8648,   3.49773526,  -5.54749775
   8649,   3.44914913,  -5.72539473
   8650,     3.434762,  -5.87318039
   8651,   3.55812192,  -5.97794819
   8652,    3.9253521,  -6.25104237
   8653,   3.83673763,  -6.11360836
   8654,   3.69660878,  -6.20549965
   8655,   4.25678444,  -4.37906647
   8656,   4.29709291,  -4.06288099
   8657,   4.10387802,  -4.22491646
   8658,   4.16014099,  -3.91091108
   8659,    4.0117197,  -4.02532053
   8660,   4.04598093,  -3.75391078
   8661,   3.89755964,  -3.86832047
   8662,   3.75844669,  -3.96296787
   8663,   3.79379129,  -3.73270464
   8664,   3.65467834,  -3.82735205
   8665,   3.92160773,   -3.6146698
   8666,   3.55727959,  -3.51022243
   8667,   3.66315746,  -3.39335108
   8668,    3.5283308,  -3.31304741
   8669,   3.42245293,  -3.42991877
   8670,    3.4418993,  -3.61370373
   8671,    3.5581305,  -3.71482921
   8672,   3.67351079,  -3.61134791
   8673,   3.92780209,  -4.31017876
   8674,   3.70938301,  -4.32200193
   8675,   3.69959688,  -4.50366068
   8676,   4.31402969,  -2.30746889
   8677,   4.17559338,  -2.47173357
   8678,   4.30665302,   -2.0136323
   8679,   4.17068291,  -2.18000746
   8680,   4.28073883,  -1.71009827
   8681,   4.13739157,  -1.87919927
   8682,    4.3239336,  -1.39970553
   8683,   4.15467262,  -1.56183505
   8684,   4.33322954,  -1.09129381
   8685,   4.20716333,  -1.23959303
   8686,   4.11619902,  -1.11857355
   8687,   4.00134993,  -1.26099014
   8688,   4.09231424,  -1.38200974
   8689,     3.677531, -0.956105709
   8690,   3.58961749,  -1.00484109
   8691,   3.63836718,  -1.09029913
   8692,   3.72628069,  -1.04156375
   8693,   3.93294978,  -1.15368938
   8694,   4.00136423,  -1.09416986
   8695,    3.9316082,  -1.01743138
   8696,   3.86319399,  -1.07695091
   8697,   3.42259455,   -1.0919435
   8698,   3.46266532,   -1.1694684
   8699,   3.54564524,  -1.13021994
   8700,    3.5055747,  -1.05269504
   8701,    3.4231143,  -1.34693992
   8702,   3.42719698,  -1.43910575
   8703,   3.51900196,  -1.42931938
   8704,   3.51491952,  -1.33715355
   8705,   3.39051867,  -2.15631962
   8706,   3.52771378,  -2.21011877
   8707,   3.61654234,  -2.09146357
   8708,   3.76815391,  -2.14581752
   8709,   3.65746546,  -2.28672624
   8710,   3.90470314,  -2.23578548
   8711,   4.04752398,  -2.34377861
   8712,    4.0278616,  -2.07201433
   8713,   4.25030804, -0.931235731
   8714,   3.98476005, -0.604218125
   8715,   4.05044985, -0.717687845
   8716,   3.74770355,  -0.66712749
   8717,   3.71461058, -0.816100478
   8718,   3.53204226, -0.580143809
   8719,   3.68341351, -0.584664941
   8720,    2.9316659, -0.574377656
   8721,   2.99936152, -0.638733268
   8722,   2.63180447, -0.576795578
   8723,    2.7816925, -0.575211048
   8724,   2.48174906,  -0.57883215
   8725,   2.33126569, -0.580778122
   8726,   2.40389729, -0.649610281
   8727,   2.75890756, -0.972184658
   8728,   2.82381487,  -1.03214097
   8729,   2.83011198, -0.903837919
   8730,   3.16827917, -0.988056302
   8731,   3.10768652, -0.908258021
   8732,   3.08701968,  -1.05409098
   8733,   3.18830967, -0.842363238
   8734,   3.24840498, -0.909712553
   8735,    3.3324213, -0.843001485
   8736,   3.27232599, -0.775652111
   8737,   2.94667912,  -1.37023687
   8738,   2.90591669,  -1.46044111
   8739,   3.01220894,  -1.49722004
   8740,   3.05297136,  -1.40701592
   8741,   2.99130273,  -1.26877749
   8742,   2.89073896,  -1.23865819
   8743,   2.84611511,  -1.34011757
   8744,   3.29419279,  -1.32483339
   8745,   3.32158089,  -1.39483631
   8746,    3.3957262,  -1.27693701
   8747,   3.38949776,  -1.52263498
   8748,   3.93559313,   -1.4693321
   8749,   3.89548278,  -1.33668125
   8750,    3.7586627,  -1.38623214
   8751,   3.79877329,  -1.51888299
   8752,   2.49073362,   -1.6922307
   8753,   2.34032011,  -1.69479358
   8754,      2.43469,  -1.76109564
   8755,   3.13630271,  -2.04898977
   8756,   3.25687456,  -2.10095406
   8757,   3.22426891,  -1.94726729
   8758,   3.85834599,  -2.00326514
   8759,   3.70673442,  -1.94891119
   8760,   2.33418369,   -1.8865509
   8761,   2.22639394,  -1.93665814
   8762,   2.28898335,  -2.04179335
   8763,    2.3967731,  -1.99168611
   8764,   2.58910084,  -2.25287676
   8765,   2.66748834,  -2.21645069
   8766,   2.58538246,  -2.13377523
   8767,   2.50699472,  -2.17020106
   8768,     2.618541,   -2.7844727
   8769,    2.7074461,  -2.83277512
   8770,   2.76795292,  -2.74294424
   8771,   2.67904758,  -2.69464207
   8772,   3.14975166,  -3.28663015
   8773,   3.06895018,  -3.16203165
   8774,    2.9310565,  -3.25126266
   8775,   3.01185799,  -3.37586117
   8776,   3.39389324,  -3.24884939
   8777,   3.62896538,  -3.19189095
   8778,   2.84218836,  -1.96029365
   8779,   2.74515533,  -2.02389598
   8780,   2.80866122,   -2.1183362
   8781,   2.90569425,  -2.05473375
   8782,   3.20215845,  -2.37498856
   8783,   3.32929945,  -2.43938255
   8784,   3.42415524,  -2.32917833
   8785,   3.29701376,  -2.26478434
   8786,   2.02644396,    -2.392941
   8787,   1.95389032,  -2.31781077
   8788,   2.45344687,  -2.53628492
   8789,   2.52333522,  -2.59369993
   8790,   2.59588289,  -2.52636671
   8791,    2.5259943,   -2.4689517
   8792,   2.32059097,  -2.82474756
   8793,   2.39904833,   -2.8884685
   8794,   2.46875858,  -2.80912089
   8795,   2.39030123,  -2.74539995
   8796,    2.7274313,  -3.14014959
   8797,   2.81154871,  -3.04920053
   8798,   2.72809029,  -2.98362064
   8799,   2.73877501,  -2.51149726
   8800,   2.64883614,  -2.58010459
   8801,   2.99725485,    -2.435534
   8802,   3.12548447,  -2.48870969
   8803,   3.64117575,  -2.71955943
   8804,    3.5521574,   -2.6134696
   8805,   3.51703978,  -2.81190825
   8806,   2.79988909,  -2.89012623
   8807,   2.96799612,  -2.84274149
   8808,   3.05826283,  -2.86500883
   8809,    3.0932529,  -2.73542881
   8810,    2.9233911,  -3.64439392
   8811,   2.91324902,  -3.76151371
   8812,   3.03105879,  -3.75003648
   8813,   2.78556585,  -3.66084504
   8814,   2.92926216,  -3.54562759
   8815,   2.79143667,  -3.56207895
   8816,   2.61294389,  -3.62344384
   8817,   2.69588161,  -3.52692723
   8818,   2.59291506,  -3.45949793
   8819,   3.30007434,  -3.96976662
   8820,   3.26813626,   -4.0995512
   8821,   3.37677288,  -4.11138058
   8822,   3.14996266,  -3.86061573
   8823,   3.15194845,   -3.9801898
   8824,   3.29808855,  -3.85019231
   8825,   2.45654893,   -4.3198576
   8826,   2.53716993,  -4.23382568
   8827,   2.43672752,  -4.13687801
   8828,   2.35610628,  -4.22290945
   8829,   2.65779233,  -4.76359272
   8830,   2.67654276,  -4.66839886
   8831,   2.58601856,  -4.63046265
   8832,   2.56726789,  -4.72565651
   8833,    3.2948029,  -5.15747404
   8834,   3.17851281,   -5.2392416
   8835,   3.26405859,  -5.34377861
   8836,   3.38034868,  -5.26201153
   8837,    3.4835577,  -5.39927244
   8838,   3.61541605,  -5.29071617
   8839,     2.822258,  -4.11474133
   8840,   2.89886618,  -3.99268866
   8841,   3.36198235,  -4.59818363
   8842,   3.38466406,  -4.47893953
   8843,   3.22865248,  -4.57976961
   8844,   3.54594898,  -4.34792614
   8845,   3.39443016,  -4.34339046
   8846,    3.5361824,  -4.48347569
   8847,   2.10502362,  -4.43815851
   8848,   2.02776194,  -4.50890636
   8849,   2.09998226,   -4.5911932
   8850,   2.17724395,  -4.52044582
   8851,   2.41149282,  -4.48180866
   8852,   2.52203369,    -4.417418
   8853,   2.37923145,  -4.77436638
   8854,   2.31149888,   -4.8417635
   8855,     2.385185,  -4.92357779
   8856,   2.81577682,  -5.19802666
   8857,   2.79190493,  -5.08513927
   8858,   2.68233299,  -5.08755064
   8859,   2.70620489,  -5.20043802
   8860,   3.19403028,  -5.07345009
   8861,   2.77036357,  -4.42903566
   8862,   2.77056456,  -4.54509258
   8863,   2.88649821,  -4.55236816
   8864,   2.88629723,  -4.43631124
   8865,   2.99483824,   -4.5514102
   8866,   3.11299944,  -4.56019497
   8867,   3.00618458,  -4.44300079
   8868,   3.87069893,  -4.95389175
   8869,   3.57271814,  -4.81332397
   8870,   3.72858548,  -4.86608505
   8871,   3.65695047,  -4.65326166
   8872,   2.66608143,   -4.9298439
   8873,   2.73230815,  -4.83431911
   8874,   3.10319901,  -4.85187483
   8875,   3.15688276,  -4.78149271
   8876,   3.08322716,  -4.74077082
   8877,    3.0295434,  -4.81115294
   8878,   3.44367409,  -4.75680065
   8879,   2.55998755,  -5.65093565
   8880,   2.63633919,  -5.57303858
   8881,   2.55471563,  -5.49870253
   8882,   2.47836423,   -5.5765996
   8883,   2.56481075,  -5.80148602
   8884,   2.63947201,  -5.72610474
   8885,   2.48532653,  -5.72631645
   8886,   3.14288139,  -6.07291317
   8887,    3.0681808,  -6.28614712
   8888,   3.20692968,  -6.23505592
   8889,    3.1319294,  -5.92160702
   8890,   3.29415488,   -5.8952589
   8891,   2.02891064,  -6.01493216
   8892,   2.18456936,  -6.02431154
   8893,   2.46139097,   -6.1193099
   8894,   2.53847551,   -6.0423336
   8895,    2.3504715,  -6.03513622
   8896,   2.48897099,  -6.50636101
   8897,   2.41314459,  -6.42251062
   8898,   2.33207846,  -6.48652983
   8899,   2.40790486,  -6.57038021
   8900,   3.06029749,  -7.29128456
   8901,   3.13036442,   -7.3899765
   8902,   3.25421667,  -7.29596233
   8903,   3.18414974,  -7.19727039
   8904,   3.33248043,  -7.47189331
   8905,   3.49362087,  -7.40807676
   8906,   3.41535711,  -7.23214579
   8907,   2.78211641,   -5.9172163
   8908,     2.716995,  -5.81145287
   8909,   2.63939953,  -5.86186504
   8910,    2.7045207,    -5.967628
   8911,   3.54415321,  -6.62457275
   8912,   3.48143768,  -6.47450256
   8913,   3.33225489,  -6.52971458
   8914,   3.55644011,  -6.27330494
   8915,   3.40956163,  -6.33301544
   8916,   1.95370078,  -6.53803158
   8917,   2.02785873,  -6.46518373
   8918,   1.95415783,  -6.38723183
   8919,   2.57459641,  -6.44428253
   8920,   2.56968498,  -6.59002829
   8921,   2.65531063,  -6.52795029
   8922,   2.31025457,  -6.92981195
   8923,   2.37289453,  -7.00765228
   8924,   2.38810062,  -6.86639595
   8925,   3.18229342,  -7.50869751
   8926,   2.75909328,  -6.44173908
   8927,   2.74284697,   -6.6153307
   8928,   2.84662962,  -6.52911949
   8929,   3.26930094,  -6.38179827
   8930,   3.12591505,  -6.43026161
   8931,   3.76753473,  -6.71304798
   8932,   3.80432081,  -6.85555553
   8933,   3.99970484,  -6.82039404
   8934,   3.96291876,  -6.67788649
   8935,   2.67418146,  -7.00886726
   8936,   2.78596354,  -7.04470634
   8937,   2.79942894,   -6.9492774
   8938,   2.68764687,  -6.91343784
   8939,   3.15504551,  -6.90463829
   8940,   3.19164205,  -7.08013916
   8941,     3.343153,  -7.06040764
   8942,   3.59202194,  -7.16915369
   8943,   2.78825736,  -7.75260258
   8944,   2.72284269,   -7.8043952
   8945,   2.86393785,  -7.81621265
   8946,    2.7544961,   -7.6801734
   8947,   2.87572646,   -7.7116704
   8948,    2.8419652,  -7.63924122
   8949,   2.54279232,  -7.57215452
   8950,   2.51432037,  -7.46917105
   8951,   2.39713383,  -7.52076578
   8952,   2.42560577,  -7.62374926
   8953,   3.06648588,  -8.30169678
   8954,   3.00614095,   -8.3872757
   8955,   3.10174513,  -8.43914986
   8956,    3.1620903,  -8.35356998
   8957,   3.12238073,  -8.19348812
   8958,   3.00185537,  -8.16162491
   8959,   2.94596052,  -8.26983261
   8960,   2.11711073,  -8.06486988
   8961,   2.03491449,  -8.13090611
   8962,   2.19111204,  -8.14953709
   8963,   2.61338377,  -7.98312521
   8964,   2.61176109,  -8.12127304
   8965,   2.69364572,  -8.05581665
   8966,   2.88716221,  -8.14223099
   8967,   2.77891183,  -8.10101509
   8968,   2.70831537,  -8.20675468
   8969,   2.81656599,  -8.24797058
   8970,   3.05742645,  -8.59278679
   8971,    2.9966445,   -8.5062542
   8972,   3.95388818,  -8.98516464
   8973,   4.06230259,  -8.73617935
   8974,   3.88927865,  -8.78157139
   8975,   3.73981857,  -8.94856739
   8976,   3.73888826,  -8.78799248
   8977,    3.5819931,  -8.92821312
   8978,   3.07909918,  -8.85596085
   8979,   3.02446175,   -8.9503746
   8980,   3.11950374,  -9.01487923
   8981,   3.17414117,  -8.92046547
   8982,   2.43626451,  -9.29615402
   8983,     2.515728,  -9.20475674
   8984,   2.44120073,   -9.1297493
   8985,   2.36173725,  -9.22114754
   8986,   2.17379379,  -1.02079606
   8987,   2.02541137,   -1.0285635
   8988,   2.09800363,  -1.53653622
   8989,   2.16863251,  -1.45471919
   8990,   1.95869756,  -1.70825934
   8991,    1.9645226,  -1.86174572
   8992,   1.96160913,  -2.01475143
   8993,   1.95676684,  -2.16701603
   8994,   2.10077763,    -2.320261
   8995,    2.0969882,  -2.46828604
   8996,   2.17132187,  -2.39560628
   8997,   2.09695506,  -2.61563277
   8998,   2.02569842,  -2.69124818
   8999,   2.17057538,  -2.68755627
   9000,    2.1756072,  -2.98245621
   9001,   2.18144464,  -3.58949327
   9002,   2.02943802,     -3.90098
   9003,   2.18561292,  -3.89889002
   9004,     2.108675,  -4.28665257
   9005,   2.18891811,  -4.21353102
   9006,   2.03058529,  -4.20637512
   9007,   2.02937031,  -4.35756111
   9008,   2.09711146,  -4.74346447
   9009,   2.09646511,  -4.89475632
   9010,   2.16871881,  -4.82564354
   9011,   2.09592533,  -5.04505062
   9012,   2.09805679,  -5.49266529
   9013,   2.02493572,  -5.56369114
   9014,   2.17281866,  -5.57106113
   9015,   1.95418167,  -5.93641329
   9016,   2.10370922,  -6.39344025
   9017,   2.17802906,  -6.47293377
   9018,   2.02547598,   -6.7658987
   9019,   1.95311975,  -6.68856049
   9020,   2.02143145,  -7.36141396
   9021,   2.20752048,  -7.65142822
   9022,   2.04253483,  -7.97714615
   9023,   2.20564556,  -7.99405909
   9024,   2.09967852,  -8.51137447
   9025,   2.02558422,  -8.57989502
   9026,    2.1736207,  -8.59088516
   9027,   2.03017783,  -8.88048744
   9028,   2.18198109,  -8.88933182
   9029,   2.10910368,  -9.26167679
   9030,   2.19009304,  -9.19334412
   9031,    2.1886301,  -9.77309227
   9032,   2.10858679,  -9.69927406
   9033,   1.95462048,         -10.
   9034,    2.4465251,         -10.
   9035,   2.82874012,         -10.
   9036,    3.7500267,         -10.
   9037,   3.87910461,   -9.8686161
   9038,   3.74584389,  -9.75006104
   9039,   3.99695683,  -0.89697057
   9040,   4.09773493, -0.833656788
   9041,   3.83399582,  -0.59246248
   9042,   3.29557323, -0.642498374
   9043,   3.38080311, -0.577169001
   9044,   2.85071135, -0.639588714
   9045,   2.55325937, -0.645627677
   9046,   2.25399351, -0.653221309
   9047,   1.95434999, -0.659054756
   9048,   2.03065729,  -2.24252534
   9049,   2.18034315,  -2.24928164
   9050,    2.1689291,  -2.54152679
   9051,   2.17929029,   -3.2835288
   9052,   1.95486474,  -3.82405806
   9053,   1.95457339,  -3.97620773
   9054,   1.95569849,  -4.12795448
   9055,   1.95488691,  -4.27897644
   9056,   1.95448327,  -4.42977524
   9057,   1.95327878,  -4.58095646
   9058,   2.02588987,  -4.66088438
   9059,    2.1681776,  -4.97621346
   9060,   2.17120409,  -4.67377329
   9061,   1.95230222,   -5.4848752
   9062,   2.02420664,  -5.41380215
   9063,   2.17017293,  -5.42229176
   9064,   1.95472884,  -6.08669376
   9065,   1.95441055,  -6.23653698
   9066,   2.02856827,  -6.31432438
   9067,   1.95006466,  -7.28788662
   9068,   2.16355467,  -7.06888676
   9069,   1.96355915,  -7.89517212
   9070,   1.95897579,  -8.04840279
   9071,   1.95593858,  -8.19956684
   9072,   1.95351076,  -8.34960556
   9073,   1.95274591,  -8.49942207
   9074,   2.02625656,  -8.43069458
   9075,   2.17669487,  -8.44443893
   9076,   2.02892327,  -9.32803726
   9077,   2.02967548,  -9.62634277
   9078,   2.18016338,  -9.62435913
   9079,   2.18138266,  -6.32228756
   9080,    2.1718173,  -6.77257347
   9081,   2.17734861,  -9.33835697
   9082,   1.95232534,  -1.10766363
   9083,   2.17780113, -0.727830052
   9084,   2.25140667, -0.797833741
   9085,   2.32759905, -0.723224998
   9086,   2.32516861,  -1.01317835
   9087,   2.24999714, -0.943650007
   9088,    2.0317173,  -1.62409556
   9089,   2.17909718,  -1.60208845
   9090,   2.25715685,  -1.65883768
   9091,   2.23833847,   -1.5169394
   9092,   2.04613185,  -1.93546522
   9093,   2.02804518, -0.731675863
   9094,    4.1420393,  -1.00491846
   9095,   3.06524515, -0.704565108
   9096,    3.1282773, -0.771934748
   9097,   3.21049786, -0.707054615
   9098,   3.44549251,  -0.64731276
   9099,   2.61998177, -0.849127054
   9100,   2.54806399, -0.783874631
   9101,   2.54581738, -0.924224973
   9102,   3.04765415,  -0.83782959
   9103,   2.98461986, -0.770062089
   9104,   2.90641332, -0.835322499
   9105,   3.35740137,  -0.71109587
   9106,   3.41981983, -0.782295227
   9107,   2.76332426, -0.840054393
   9108,   2.68913436, -0.912498236
   9109,   2.83962536, -0.771538913
   9110,   2.91873622, -0.704230189
   9111,   2.26711655,  -9.69058704
   9112,   2.60585213,  -9.63769913
   9113,   3.00185823,  -9.60222054
   9114,   4.01804686,         -10.
   9115,    2.2487762,  -9.54320145
   9116,   2.33572912,  -9.60943031
   9117,   2.31231618,  -1.44069231
   9118,   2.24261022,  -1.37847209
   9119,   2.24912786,  -2.90255904
   9120,   2.24480915,   -2.7565608
   9121,   2.31503487,  -2.68114519
   9122,    2.2408011,  -2.61214042
   9123,   2.32587337,  -2.97096014
   9124,   2.26325989,  -3.65907693
   9125,   2.26435065,  -3.81608486
   9126,   2.34400988,  -3.73205853
   9127,   2.26042652,  -3.50601816
   9128,   2.24188805,  -5.35193729
   9129,   2.31314731,  -5.28312206
   9130,   2.25041223,  -5.64790964
   9131,   2.25700283,  -5.79980946
   9132,   2.33090162,  -5.72635365
   9133,    2.2460413,  -5.49928141
   9134,    2.3236351,  -5.57612991
   9135,    2.2422905,  -6.85165691
   9136,   2.23556232,  -6.99904156
   9137,   2.24858356,  -6.70388317
   9138,   2.31905651,  -6.78296661
   9139,   2.28468418,   -7.4769249
   9140,   2.22586584,  -7.55156517
   9141,   2.32764578,  -7.76523685
   9142,   2.29554367,  -7.93158531
   9143,   2.39536858,  -7.87421989
   9144,   2.30208206,  -7.66290092
   9145,   2.32042742,  -7.56303787
   9146,   2.24865723,  -8.81713486
   9147,   2.33318377,  -8.89260101
   9148,   2.22684455,  -9.41325665
   9149,   2.27605343,  -9.29177094
   9150,   2.26659799,  -3.97542524
   9151,   2.27313471,  -4.13774014
   9152,    2.3517499,  -4.05632448
   9153,   2.34533572,  -3.89262009
   9154,   2.27085018,  -6.10531616
   9155,   2.26419115,  -5.95413208
   9156,   2.27690268,  -8.08666229
   9157,   2.26655579,  -8.23346329
   9158,   2.35234642,  -8.17058754
   9159,   2.32122946,  -1.30353618
   9160,   2.24002767,  -2.46943545
   9161,   2.31510997,  -2.40103149
   9162,   2.24640417,  -2.32720232
   9163,   2.26198006,  -2.18632889
   9164,    2.3280406,   -2.2642498
   9165,   2.31189966,  -2.54004908
   9166,   2.25725794,  -3.35356617
   9167,   2.33306074,  -3.27061462
   9168,   2.33689594,  -3.42354989
   9169,   2.24416804,  -4.60613537
   9170,   2.32537079,  -4.53848743
   9171,    2.2398572,  -4.75841045
   9172,   2.24036074,  -4.90899658
   9173,   2.31282115,  -4.69077301
   9174,    2.2634058,  -6.25324631
   9175,   2.34964418,  -6.18538141
   9176,   2.25684929,  -6.40423584
   9177,   2.25325823,  -6.55522776
   9178,   2.33887243,  -6.33519459
   9179,   2.23284292,   -7.1457653
   9180,   2.30236626,  -7.21950912
   9181,   2.25687075,  -8.38009071
   9182,   2.34068727,  -8.31569481
   9183,   2.25133181,  -8.52495384
   9184,   2.24744081,  -8.66955757
   9185,   2.33150768,  -8.46060562
   9186,   2.31266785,  -4.99043369
   9187,   2.32646799,  -6.63550568
   9188,   2.32076383,  -8.74715996
   9189,   2.29964733,  -1.80014253
   9190,   3.45369864, -0.976733923
   9191,   3.53774142, -0.928879976
   9192,   3.48078012, -0.851973772
   9193,   3.62567997, -0.872071028
   9194,   2.47672606, -0.717709959
   9195,    3.3933816, -0.912679911
   9196,   3.76646185, -0.900135159
   9197,   3.81144381, -0.987934828
   9198,   3.90136051, -0.933887243
   9199,   4.02720451, -0.980514765
   9200,   2.49273753,  -9.56816292
   9201,   2.40509319,  -3.03492975
   9202,   2.45996904,  -1.44912004
   9203,   2.40765142,  -1.38333726
   9204,   2.47889996,  -1.15085292
   9205,   2.40016413,  -1.08088458
   9206,   2.40353584,  -1.22977746
   9207,   2.43812299,  -8.95070934
   9208,   2.48392153,  -8.87514877
   9209,   2.37898207,  -8.81703949
   9210,   2.41438627,   -3.3370924
   9211,   2.49095726,   -3.2505331
   9212,   2.40963173,  -3.18405533
   9213,   2.38677073,  -5.07287788
   9214,   2.45928788,  -5.00602198
   9215,   2.40439701,  -5.65068817
   9216,   2.40054035,  -6.71926785
   9217,   2.48197699,  -6.65414238
   9218,   2.51179695,    -4.048738
   9219,   2.42681932,  -3.96818447
   9220,   2.43313551,  -8.25154114
   9221,   2.41452336,  -8.39723015
   9222,   2.50697184,  -8.33307648
   9223,   2.38338947,  -2.60556364
   9224,   2.38195682,  -2.47077036
   9225,   2.36139083,  -7.43465281
   9226,   2.37446451,  -7.15216923
   9227,   2.37522078,  -7.29579067
   9228,   2.44731903,  -7.22845078
   9229,   2.45116949,  -7.72608471
   9230,   2.49420166,  -8.47912025
   9231,   2.38875651,  -5.35736322
   9232,   2.38086152,  -5.21466351
   9233,   2.55932331,  -9.43923187
   9234,   2.57843494,  -9.33712578
   9235,   2.54911137,   -2.0534029
   9236,   2.44518566,  -2.08614683
   9237,   2.47420168,  -1.00279307
   9238,   2.61958504,  -0.98788631
   9239,   2.68935823,  -1.04757273
   9240,   3.19991779,  -1.12178183
   9241,   3.27891779,  -1.14709687
   9242,   3.31268239,  -1.07136893
   9243,   3.23368216,  -1.04605365
   9244,   3.35207367,  -9.15135956
   9245,   3.27644014,  -9.27764893
   9246,    3.1556952,  -9.19501686
   9247,    3.0701189,  -9.30404663
   9248,   3.72868705,  -1.27780581
   9249,   3.61444879,  -1.31034994
   9250,   3.64442444,  -1.41877627
   9251,   2.59301805,  -1.72367454
   9252,   2.63272142,  -1.60752988
   9253,   2.53043699,  -1.57608604
   9254,   2.45865631,   -2.6698184
   9255,   2.49889183,  -6.36023474
   9256,   2.42461967,   -6.2729187
   9257,   2.44724035,  -4.71098995
   9258,   2.38083029,  -4.62739658
   9259,   2.54580641,  -1.46649086
   9260,   2.62769628,  -1.12835824
   9261,   2.54796958,  -1.06645441
   9262,   2.53574419,  -2.72716188
   9263,   2.92047095,  -1.16368473
   9264,   2.98923349,  -1.12051022
   9265,   2.88323641,  -1.07817149
   9266,   3.31380796, -0.967710018
   9267,   2.60701036,  -7.39813423
   9268,   2.53287148,  -7.30344486
   9269,   2.44018126,  -7.37448215
   9270,   2.55052376,  -7.90925074
   9271,   2.48948431,  -7.81960583
   9272,   2.30485058,   -7.0759201
   9273,   2.31775641,  -5.42892694
   9274,   2.49923563,  -4.65414143
   9275,   2.64493799,  -6.39377451
   9276,   2.56923342,  -6.30972672
   9277,   3.48738384,  -1.24572968
   9278,   3.58691311,  -1.21892619
   9279,   2.45702147,  -2.40850115
   9280,   2.39017463,  -2.33876228
   9281,   2.58538365,  -7.77620792
   9282,    2.5470686,  -7.68268728
   9283,   2.72616029,  -1.73742092
   9284,   2.72012234,  -1.84251297
   9285,   3.82708263,  -1.22938037
   9286,   2.65641737,   -8.4943943
   9287,   2.56315184,  -8.41344833
   9288,   3.12408042,  -1.12444675
   9289,   3.11751771,  -1.22966862
   9290,   3.19335508,  -1.22700357
   9291,   3.02629423,  -1.19086599
   9292,     2.572891,  -3.31280804
   9293,   2.50011683,  -3.40229487
   9294,   2.39760208,  -5.50204086
   9295,   2.45542884,   -5.1502142
   9296,    2.6847651,  -3.70572281
   9297,   2.51066566,   -3.7163012
   9298,   2.46958447,  -6.80269718
   9299,   2.52268076,  -8.18985748
   9300,   2.82436228,  -1.14722657
   9301,   2.76494074,  -1.10119605
   9302,    2.6004231,  -2.65104342
   9303,   2.64827299,   -3.2244308
   9304,   2.47742748,  -2.28726768
   9305,   2.41529369,   -2.2127552
   9306,    2.6251955,  -5.41879082
   9307,   2.46860218,  -5.43047714
   9308,   2.53636646,  -6.20684719
   9309,   2.57402039,   -5.9399786
   9310,   2.54524565,  -5.09983587
   9311,   2.61516809,  -5.02660751
   9312,     3.374125,  -1.03176403
   9313,   3.36115193,   -1.1315484
   9314,   2.46695209,  -4.57071781
   9315,   2.63963842,  -4.29021549
   9316,   2.69428277,  -4.17355061
   9317,   2.59181452,   -4.1171608
   9318,   2.55592394,   -6.7410512
   9319,   2.64363194,   -6.6769371
   9320,   2.61923504,  -8.27534008
   9321,   2.57078171,  -8.84653282
   9322,   2.45427418,  -8.75652504
   9323,   2.44250822,  -7.08390141
   9324,   2.42508268,   -3.8054955
   9325,   3.67963505,  -1.17900527
   9326,    2.7425375,  -1.30762744
   9327,   2.79463005,  -1.22219992
   9328,   2.70327878,  -1.18198156
   9329,   2.97641635,  -9.40174198
   9330,   2.96325397,  -9.20849133
   9331,   2.86966419,  -9.11749554
   9332,   3.19877434,  -1.33561277
   9333,    3.2887733,  -1.21622419
   9334,   3.37100744,  -1.20067561
   9335,   2.64328623,  -6.19378948
   9336,   2.67615294,  -6.29666853
   9337,   2.55373526,  -4.54703903
   9338,   2.83902025,  -1.75315177
   9339,   2.84935021,  -1.64927077
   9340,   2.73649025,  -1.63353992
   9341,   2.76653171,  -1.52981436
   9342,   2.66276312,  -1.50380421
   9343,   2.69947386,  -1.40154433
   9344,   2.80305147,  -1.43403435
   9345,   2.86939692,  -1.55622101
   9346,   3.08252621,  -1.30757999
   9347,   2.96117306,  -1.57094908
   9348,   2.63821602,  -7.85258102
   9349,   2.67001033,   -7.7280221
   9350,   2.78818512,  -5.73757553
   9351,   2.71066213,   -5.6522274
   9352,   2.79055119,  -4.20347881
   9353,   2.67932463,  -8.79124737
   9354,    2.8007884,  -4.94115257
   9355,   2.88035154,  -4.88615227
   9356,   2.81187105,  -4.77931833
   9357,   3.51881647,  -1.54142308
   9358,   3.64423895,  -1.53087997
   9359,    2.5985508,  -5.17150688
   9360,   2.71240187,  -1.93028402
   9361,   2.65120625,  -2.03381658
   9362,   2.68747735,  -2.11418891
   9363,   2.52324343,  -2.35663223
   9364,   2.89127016,  -3.14008832
   9365,   2.79865623,   -3.1961832
   9366,   2.78967428,  -5.57060575
   9367,   2.71535134,  -5.49141693
   9368,   2.84405518,  -5.65691376
   9369,   2.87667871,  -5.81126928
   9370,   2.97332048,  -6.47786188
   9371,   2.92554307,  -6.66999578
   9372,   2.76724982,  -6.21691704
   9373,   2.79030848,   -6.3446331
   9374,   2.91558623,  -6.33374739
   9375,   2.91842961,  -4.75723886
   9376,   2.88812518,  -4.65425396
   9377,   2.78156662,  -4.67633343
   9378,   2.72746086,  -2.62370324
   9379,   2.89867544,  -3.87717438
   9380,   3.02915525,  -3.98444223
   9381,   3.02896452,  -3.86892819
   9382,   2.80559397,  -3.87774611
   9383,   2.82016754,   -3.7620852
   9384,   3.96787572,  -1.81044996
   9385,   3.99795127,  -1.64915729
   9386,   2.84990883,  -1.87252259
   9387,   2.35348463,  -2.12870073
   9388,   2.99341869,   -5.2302227
   9389,   2.92775798,  -5.12902451
   9390,    2.8814373,  -5.29922438
   9391,   2.81266761,  -2.63591266
   9392,   2.85883832,  -2.78286982
   9393,   2.71936679,  -3.80696297
   9394,   2.62904692,  -6.83956718
   9395,   2.67541504,  -8.35571194
   9396,   2.77603269,  -8.36403847
   9397,   2.90542722,   -8.3859005
   9398,   3.14675283,  -4.09772396
   9399,   2.71234751,  -6.76836872
   9400,   2.81156254,  -6.70676231
   9401,   2.78867221,  -2.22059774
   9402,   2.86887407,  -2.40060759
   9403,   3.19369745,  -1.71308708
   9404,   3.33279562,  -1.73864198
   9405,   3.36522579,  -1.62878692
   9406,   2.73324633,  -4.99078751
   9407,   2.63383937,  -4.40753746
   9408,   2.77616262,  -4.31171417
   9409,    2.6655407,  -4.53715801
   9410,   2.88018894,  -3.43205571
   9411,   2.99646521,  -4.65329552
   9412,   3.10063505,  -2.95364332
   9413,   3.21977329,  -2.88901544
   9414,   3.17740107,  -2.80038071
   9415,   2.82398176,  -2.52370667
   9416,   2.78915501,  -5.38510418
   9417,   2.89041615,  -5.50534439
   9418,   2.98269844,  -5.41946507
   9419,   2.88762045,  -8.81105614
   9420,   2.78181124,  -8.75090694
   9421,   2.94591188,  -8.87056732
   9422,   3.00136423,  -8.79844475
   9423,   3.04692221,  -9.11968422
   9424,   2.95333242,  -9.02868843
   9425,    2.5172534,  -7.15059566
   9426,   2.69698119,  -7.48110056
   9427,   3.64011049,  -1.66530538
   9428,   3.79464459,  -1.65330839
   9429,   3.49454451,   -1.6475749
   9430,   2.99910641,  -5.90513706
   9431,   2.77094746,  -6.84224033
   9432,   2.75703502,  -8.50272083
   9433,   2.74899864,   -8.6221199
   9434,   2.89593077,  -8.50487995
   9435,   3.01249647,  -5.06744576
   9436,   2.94418526,  -4.97392559
   9437,     2.859447,  -5.03550434
   9438,   2.66897583,  -6.06998348
   9439,   2.98892498,  -4.73208237
   9440,   2.95904779,  -4.83630943
   9441,   3.09896421,  -5.15004349
   9442,   3.07296705,  -5.31942081
   9443,    3.0235312,  -1.95782995
   9444,   3.18081713,  -3.07478952
   9445,    2.9887681,  -3.04088569
   9446,   2.90904665,   -2.9499979
   9447,   2.78574347,  -7.54378462
   9448,    2.6334784,  -7.65814018
   9449,   2.62920189,  -7.54760742
   9450,   3.28602076,  -1.85224998
   9451,   3.19037867,  -1.81591678
   9452,   3.12862682,  -1.91093409
   9453,    3.1680522,  -5.76326942
   9454,   2.86782622,  -6.82517338
   9455,   2.98180676,  -6.78840637
   9456,   3.09076738,  -4.66198444
   9457,   3.20642018,  -4.68155861
   9458,   3.01414967,  -4.33067513
   9459,   2.89426231,   -4.3239851
   9460,   3.46235371,  -1.76977324
   9461,   3.60791969,   -1.7875036
   9462,   2.96730995,  -1.86828065
   9463,   3.14007235,  -4.21886444
   9464,   3.26145554,  -4.22069216
   9465,   3.15205669,  -3.74172401
   9466,    3.2516427,  -3.74395061
   9467,   3.26487494,  -3.62901974
   9468,    2.8966403,  -7.19612551
   9469,   2.90783787,  -7.05801964
   9470,   2.89630771,  -6.93221045
   9471,   3.03573799,  -7.05235004
   9472,   3.02420783,  -6.92654133
   9473,   3.17755651,  -8.06565857
   9474,   3.20699191,  -7.93936729
   9475,   3.04544473,  -8.05093002
   9476,   3.04047322,  -8.72359657
   9477,   3.33731079,  -3.54401946
   9478,   3.27016115,  -3.36920881
   9479,   3.39428234,  -4.22079277
   9480,   3.02824545,  -7.16948128
   9481,   3.30854225,  -5.74747372
   9482,   3.32266951,  -5.60786915
   9483,   3.18217945,  -5.62366486
   9484,   3.30849218,  -5.45964432
   9485,   3.36946321,  -3.69870424
   9486,   3.27348351,  -3.16627073
   9487,    3.7799964,  -3.25550222
   9488,    3.7295351,  -3.01788616
   9489,   3.07240558,  -1.82138491
   9490,   3.31212044,  -4.72190809
   9491,   3.10756207,  -4.99085236
   9492,   3.02288175,  -4.92408323
   9493,   3.35834885,     -8.33638
   9494,   3.26938438,  -8.24802017
   9495,   3.32456017,  -8.12018967
   9496,   3.76456904,  -1.81460106
   9497,   3.06125355,  -5.49547863
   9498,   3.15152216,  -5.39543438
   9499,    3.2154355,  -7.65624523
   9500,   3.52429509,  -4.19966698
   9501,   3.68772936,  -4.17374229
   9502,   3.41590929,  -3.80494595
   9503,   3.43816042,  -2.51592541
   9504,   3.23346305,  -2.54363322
   9505,   3.83564425,  -4.11058283
   9506,    3.7348671,  -2.88112402
   9507,   3.57597399,  -2.89742064
   9508,   3.69876266,  -7.34897423
   9509,   3.15977407,  -2.65087986
   9510,   3.55390692,  -2.40578556
   9511,   3.75729561,  -5.11695957
   9512,   3.87820125,  -2.78594923
   9513,   4.03869009,  -2.62570429
   9514,   3.75857115,  -7.07675171
   9515,   3.88976526,  -6.99967098
   9516,   3.86053491,  -8.61130333
   9517,    3.9856956,  -8.60373497
   9518,     3.545012,  -8.46429062
   9519,   3.71014452,  -8.61772346
   9520,   3.28241944,  -8.96748066
   9521,   3.31370211,  -8.85411263
   9522,   3.43821383,  -8.88529015
   9523,   4.03509617,  -6.40289402
   9524,   3.41264391,  -8.49733925
   9525,   3.40621662,   -9.0286293
   9526,   3.35199213,  -7.94176197
   9527,   3.22177792,  -7.78912926
   9528,    2.9307518,   -8.0315361
   9529,   3.22827673,  -9.09021187
   9530,   3.62598896,  -6.07588959
   9531,   3.19595575,  -5.51130009
   9532,   3.85694528,  -5.87623835
   9533,   3.73743916,  -5.99173164
   9534,   3.75660229,  -5.39443684
   9535,     3.493536,  -4.63307667
   9536,   3.80132723,  -3.49331331
   9537,   3.95549822,  -5.73869562
   9538,   4.09995985,   -7.6144762
   9539,   3.82565451,  -5.63732624
   9540,   3.77803063,  -1.13057983
   9541,   3.39872861,  -2.88882661
   9542,   3.28888202,  -2.97636795
   9543,   2.71796417,  -7.61029148
   9544,   2.83760786,  -8.03147888
   9545,    2.5700531,  -7.08589268
   9546,   2.69899917,  -5.31247807
   9547,  -1.78350079,  0.729703903
   9548,  -1.86666667,  0.800000012
   9549,  -1.95000005,  0.732540071
   9550,  -1.86683416,  0.662243962
   9551, -0.925000012,  0.800000012
   9552,  -1.01754785,  0.777348399
   9553,  -1.01754785,  0.741098404
   9554,  -1.07500005,  0.800000012
   9555,  -1.15601742,  0.761563003
   9556,  -1.09856522,   0.73891139
   9557,  -1.23644793,  0.706895411
   9558,   -1.2249999,  0.800000012
   9559,  -1.30543041,   0.74533242
   9560,  -1.30543041,  0.636582375
   9561,  -1.15601742,  0.689062953
   9562,       -1.375,  0.800000012
   9563,  -1.45493948,   0.73334384
   9564,  -1.38537002,  0.678676248
   9565,  -1.70105648,  0.659663975
   9566,  -1.61755562,  0.729960084
   9567,  -1.70000005,  0.800000012
   9568,  -1.86666667,   0.50999999
   9569,  -1.78350079,  0.584703922
   9570,  -1.95000005,   0.58754009
   9571,  -1.45493948,  0.588343799
   9572,  -1.70000005,   0.50999999
   9573,  -1.61755562,  0.584960103
   9574,   -1.5333333,  0.800000012
   9575,   -1.5391618,  0.663303852
   9576,   -1.5333333,   0.50999999
   9577,   1.02208042,  0.757360816
   9578,   1.00966001,   0.78383857
   9579,  0.953719378,  0.800000012
   9580,  0.966139734,  0.773522258
   9581,   1.14645672,  0.684986711
   9582,   1.30504465,  0.632323742
   9583,   1.22650146,  0.698560476
   9584,    1.3800447,  0.668573737
   9585,   1.37879407,  0.800000012
   9586,   1.30883884,  0.741073728
   9587,  0.882738352,  0.800000012
   9588,   1.00840139,  0.737272263
   9589,   1.07985806,  0.731009007
   9590,   1.11306643,  0.740705609
   9591,   1.16429377,  0.757486761
   9592,   1.13349056,  0.800000012
   9593,   1.08226323,  0.783218861
   9594,   1.24663115,  0.800000012
   9595,   1.05528867,  0.767057419
   9596,   1.03663468,  0.800000012
   9597,   1.66481996,  0.218601495
   9598,   1.59324241,  0.145685911
   9599,   1.66439056, 0.0727501363
   9600,   1.73596835,  0.145665735
   9601,   1.80786371, -0.218480915
   9602,   1.73598313, -0.291275471
   9603,   1.80811954, -0.364223123
   9604,   1.73655176,  0.437105656
   9605,   1.80821848,  0.364248514
   9606,    1.5215385,   0.36414206
   9607,   1.45000005,  0.291428566
   9608,   1.52178407,  0.218597919
   9609,   1.59332252,  0.291311443
   9610,   1.52145839, 0.0728022605
   9611,   1.45000005,           0.
   9612,   1.52125549, -0.0728805959
   9613,   1.59271383, -7.83316791e-05
   9614,   1.80793226, 0.0728050172
   9615,   1.73589611, -8.17514956e-05
   9616,   1.80796385, -0.072886765
   9617,   1.52132964,  -0.36420846
   9618,    1.5926553, -0.291287214
   9619,   1.52132559,  -0.21850732
   9620,   1.45000005, -0.291428566
   9621,   1.73625445,  0.291394919
   9622,   1.66475701,  0.364104867
   9623,   1.45000005,  0.437142849
   9624,   1.59320521,  0.436999202
   9625,   1.66421914, -0.0729102194
   9626,   1.66418934, -0.218416795
   9627,   1.73582745, -0.145653397
   9628,   1.59258103, -0.145673633
   9629,   1.45000005, -0.437142849
   9630,   1.59299636, -0.437065601
   9631,   1.73645282, -0.437080264
   9632,   1.66444921, -0.364145905
   9633,   1.80803609,  0.218575001
   9634,   1.45000005,  0.145714283
   9635,   1.45000005, -0.145714283
   9636,  -1.14388967, -0.549162149
   9637,  -1.06401515, -0.605850279
   9638, -0.995125473, -0.566688061
   9639, -0.920125484, -0.639188051
   9640, -0.850000024, -0.582499981
   9641, -0.850000024, -0.727499962
   9642, -0.995125473, -0.675438106
   9643,  -1.20106149, -0.572201252
   9644,  -1.28217173, -0.533039033
   9645,  -1.28217173, -0.569289029
   9646,  -1.14388967,  -0.62166214
   9647,   0.99513495, -0.675423205
   9648,  0.920134962,  -0.63917315
   9649,   1.28236222, -0.532957554
   9650,    1.2249999,  -0.50999999
   9651,   1.14394426, -0.549110174
   9652,   1.20130658, -0.572067738
   9653,        1.375,  -0.50999999
   9654,   1.28236222, -0.569207549
   9655,   1.14394426, -0.621610165
   9656,   1.06407928, -0.605783343
   9657,   0.99513495,  -0.56667316
   9658,  0.925000012,  -0.50999999
   9659,   1.07500005,  -0.50999999
   9660,  -1.89073396, -0.0844685882
   9661,   -1.8271606, -0.0289302599
   9662,  -1.88642669, 0.0555383265
   9663,  -1.95000005,           0.
   9664,  -1.68203604, -0.281490177
   9665,  -1.61124635, -0.258128107
   9666,  -1.64753687, -0.154544532
   9667,  -1.71832657, -0.177906632
   9668,  -1.60713792,  0.437396348
   9669,  -1.52380455,  0.364539206
   9670,  -1.85634148,   0.34751761
   9671,  -1.95000005,  0.291428566
   9672,  -1.87911236,  0.197562754
   9673,   -1.7854538,  0.253651768
   9674,  -1.50738263, 0.0823418945
   9675,   -1.5685544, 0.0245723035
   9676,  -1.51117182, -0.0577695966
   9677,   -1.7188201, -0.351385355
   9678,  -1.77855039, -0.230013147
   9679,  -1.81533456,  -0.29990834
   9680,  -1.77300811,  0.420374751
   9681,  -1.68014598,  0.347771108
   9682,  -1.95000005,  0.437142849
   9683,  -1.79278946, -0.438672394
   9684,  -1.87612271, -0.365815252
   9685,  -1.95000005, -0.437142849
   9686,  -1.88921177, -0.225521654
   9687,  -1.82994568, -0.164275944
   9688,  -1.95000005, -0.145714283
   9689,  -1.57972074, -0.111756146
   9690,  -1.63473105, -0.0226930548
   9691,  -1.70254731, -0.0654814467
   9692,  -1.81553888,   0.10738679
   9693,  -1.95000005,  0.145714283
   9694,  -1.54269743,  -0.34985584
   9695,  -1.62603068, -0.422712982
   9696,  -1.50934124,  0.222123772
   9697,  -1.56672382,  0.158751383
   9698,  -1.58314562,  0.295234412
   9699,  -1.51854897, -0.199700832
   9700,  -1.95000005, -0.291428566
   9701,  -1.75998592, 0.0177577268
   9702,  -1.76972187, -0.112169437
   9703,  -1.74677467,   0.14918074
   9704,  -1.69122159, 0.0595516674
   9705,  -1.71487641,  0.275978148
   9706,  -1.67619717,   0.17150709
   9707,  -1.61787605,  0.223441452
   9708,  -1.62504482,  0.106817022
   9709,  0.157541424,  0.600441933
   9710, 0.0867080986,  0.682108581
   9711, 0.0708333328,   0.50999999
   9712,  0.383845031,  0.820160687
   9713,  0.427822232,  0.757904768
   9714,  0.498905241,  0.816416383
   9715,    0.4549281,  0.878672361
   9716,  0.631992519,  0.940850854
   9717,  0.579244971,           1.
   9718,  0.521591544,  0.938672781
   9719,  0.574339092,  0.879523635
   9720,   0.22599566,  0.735564411
   9721,  0.247198537,  0.667610765
   9722,  0.345251977,  0.702329993
   9723,  0.324049085,   0.77028358
   9724,  0.787686825,    0.6474967
   9725,   0.71685344,   0.57499671
   9726,  0.779166639,   0.50999999
   9727,  0.673621953,    0.7613554
   9728,  0.600896358,   0.69693464
   9729,  0.658078313,  0.637927055
   9730,  0.730803907,  0.702347815
   9731,  0.850000024,  0.899999976
   9732,  0.810409009,  0.930194497
   9733,  0.760684967,  0.891049504
   9734,  0.800275981,  0.860854983
   9735,  0.278327703,  0.828944683
   9736,  0.338123649,   0.87882179
   9737,  0.160235137,  0.773214698
   9738,  0.212567151,   0.86659497
   9739,  0.743393064,  0.809872746
   9740,  0.793117166,  0.782351136
   9741,  0.850000024,  0.833333313
   9742,  0.850000024,  0.966666698
   9743,  0.817476511,           1.
   9744,  0.777885497,  0.963527858
   9745, 0.0735270306,  0.846106052
   9746,  0.153209597,   0.92777276
   9747, 0.0796825662,           1.
   9748,  0.288830787,   0.93882221
   9749,  0.410558224,   0.93999958
   9750,  0.361265361,           1.
   9751,  0.477221698,           1.
   9752,  0.623999357,  0.819855094
   9753,  0.548565507,  0.756747842
   9754,  0.672767758,  0.910299659
   9755,  0.709784567,  0.969448805
   9756,  0.669009328,           1.
   9757,  0.471097946,  0.695097923
   9758,  0.523428738,  0.635284662
   9759,  0.747987866,           1.
   9760,  0.739682198,  0.932976723
   9761,  0.693770528,    0.8683725
   9762,  0.388527691,  0.639523149
   9763,  0.578724861,  0.572930396
   9764,  0.440537274,  0.572354257
   9765,  0.495833337,   0.50999999
   9766,  0.229473233,           1.
   9767,  0.302157104,  0.577168882
   9768,  0.354166687,   0.50999999
   9769,  0.212500006,   0.50999999
   9770,  0.637499988,   0.50999999
   9771,  0.910705924, 0.0668102801
   9772,  0.850000024,           0.
   9773,  0.902525008, -0.0727540404
   9774,  0.963230968, -0.00594375841
   9775,   1.07303333,  0.186407864
   9776,   1.15041327,  0.260285556
   9777,    1.0757674,  0.354045868
   9778,  0.998387337,  0.280168146
   9779,   1.37869954, -0.359678328
   9780,   1.30369949,  -0.43253547
   9781,  0.963196218, -0.139575511
   9782,   1.02862549, -0.186848804
   9783,   1.06334424, -0.120093614
   9784,   0.99791503, -0.0728203207
   9785,   1.29953194,  0.433956355
   9786,   1.37453198,  0.361099213
   9787,  0.925808847,  0.360631913
   9788,  0.850000024,  0.291428566
   9789,  0.922578514,  0.210964799
   9790,   1.18923473,   0.11310418
   9791,   1.11851966, 0.0952090323
   9792,   1.13726687, -0.0260266773
   9793,   1.20798194, -0.00813153759
   9794,   1.20853114, -0.138175011
   9795,   1.27846026, -0.208433881
   9796,   1.32695246, -0.142957583
   9797,   1.25702333, -0.0726987273
   9798,   1.38913107, -0.216051519
   9799,   1.31783056, -0.284301311
   9800,   1.37841249,   0.21296522
   9801,   1.31626749,  0.137578234
   9802,   1.38785517, 0.0703273043
   9803,   1.00080884,  0.433489054
   9804,   1.14995861,  0.430556804
   9805,  0.850000024,  0.437142849
   9806,   1.32567656, -0.00229303911
   9807,   1.38782144, -0.0726203471
   9808,   1.06345487, -0.0260145813
   9809,   1.13715625, -0.120105706
   9810,  0.983273268, -0.278950959
   9811,   1.07332492, -0.334703594
   9812,   1.11867714, -0.242601424
   9813,  0.922602057, -0.357843757
   9814,  0.910671234, -0.212535769
   9815,  0.850000024, -0.291428566
   9816,  0.997602105, -0.430700898
   9817,  0.850000024, -0.437142849
   9818,    1.0287708, 0.0408619829
   9819,  0.850000024,  0.145714283
   9820,  0.983284473,  0.132060811
   9821,   1.30294442,  0.282635868
   9822,   1.22942233, -0.336538166
   9823,   1.15072286, -0.414002657
   9824,   1.22449052,  0.354513168
   9825,   1.22886717,  0.188408256
   9826,  0.850000024, -0.145714283
   9827,   1.27663517, 0.0622741468
   9828,   1.19005203, -0.260670751
   9829, -0.435254455,  -0.56686914
   9830, -0.495833337,  -0.50999999
   9831, -0.571546912, -0.566443503
   9832, -0.510968089, -0.623312593
   9833, -0.155058026, -0.775117278
   9834, -0.221642077, -0.737338483
   9835, -0.275539696, -0.831042171
   9836, -0.208955646, -0.868820965
   9837,  -0.24106878, -0.667384148
   9838, -0.341225386, -0.699257791
   9839, -0.321798682, -0.769212127
   9840, -0.0708333328,  -0.50999999
   9841, -0.154791683, -0.601695657
   9842, -0.0839583501, -0.683362365
   9843, -0.388715744, -0.817278802
   9844, -0.425310493, -0.748918593
   9845,  -0.51055795, -0.798958004
   9846, -0.473963201, -0.867318213
   9847, -0.850000024, -0.899999976
   9848,  -0.78331542,          -1.
   9849, -0.699050546, -0.901534677
   9850,  -0.76573509, -0.801534712
   9851, -0.559386373, -0.928608656
   9852, -0.510110736,          -1.
   9853, -0.424687564, -0.938709497
   9854, -0.779708743, -0.649986982
   9855, -0.695443869, -0.724021673
   9856, -0.708875418, -0.577486992
   9857, -0.779166639,  -0.50999999
   9858, -0.0710996762, -0.846754968
   9859, -0.146215603, -0.928421617
   9860, -0.0751159266,          -1.
   9861, -0.286320299, -0.940399289
   9862, -0.342456728, -0.879108846
   9863, -0.368551135,          -1.
   9864, -0.379864872, -0.632557631
   9865, -0.463949978, -0.682218432
   9866, -0.610097528, -0.830143392
   9867, -0.648339391,          -1.
   9868, -0.627662838, -0.759790659
   9869,  -0.52812326,  -0.72860527
   9870,  -0.57514137,  -0.66969949
   9871, -0.298777103, -0.575688481
   9872, -0.354166687,  -0.50999999
   9873, -0.637499988,  -0.50999999
   9874, -0.642922401, -0.633930504
   9875, -0.223580271,          -1.
   9876, -0.212500006,  -0.50999999
   9877, -0.774063706, -0.218482792
   9878, -0.694196224,  -0.14424181
   9879, -0.770132601, -0.0714732856
   9880, -0.281317472,  0.445137769
   9881, -0.423316777,   0.44220376
   9882, -0.350467563,  0.377341568
   9883,  0.030360328,  0.100691289
   9884, 0.0878832191, 0.0604867861
   9885,  0.130752221,  0.120513305
   9886, 0.0732293278,  0.160717815
   9887,  0.777377963,  0.218978196
   9888,  0.702009678,  0.145652726
   9889,  0.774631739, 0.0723888129
   9890,  0.282336712, -0.442956716
   9891,  0.208442807, -0.374348789
   9892,  0.138606101, -0.441392064
   9893, -0.140087977,  0.446940839
   9894, -0.068338111,  0.384998918
   9895, 0.000916533929,  0.448058069
   9896, -0.208905429,  0.382078588
   9897, -0.113157257, -0.114673659
   9898, -0.061712984, -0.0448728129
   9899, -0.148194134, 0.0114570074
   9900, -0.199638426, -0.0583438314
   9901,  0.778448105, -0.365025222
   9902,   0.70761472, -0.437882364
   9903,  0.696216881, -0.00102657825
   9904,  0.771585166, -0.0734153837
   9905,  0.566101134, -0.440592229
   9906,  0.495516121, -0.374433577
   9907,  0.425248325, -0.443841338
   9908,   0.35341838, -0.376798034
   9909,   0.70798707,   0.43765676
   9910,  0.778820455,  0.364799619
   9911,  0.706198335,  0.292349279
   9912,  0.566727996,  0.439023107
   9913,  0.425487816,  0.441247702
   9914,  0.496382505,  0.370270789
   9915,  0.636215866, -0.368474603
   9916,  0.703800797, -0.293089598
   9917,  0.628031969, -0.226461887
   9918,  0.560447037, -0.301846892
   9919,  0.775352716, -0.219492972
   9920,  0.637215137,  0.366679907
   9921,  0.284051329,  0.444110453
   9922,  0.142698616,  0.446563005
   9923,  0.214249939,  0.380673468
   9924,  0.551532745,  0.152052939
   9925,   0.62167263, 0.0754817724
   9926,  0.631869793,  0.222223878
   9927,   0.42163831,  0.304872364
   9928,  0.488142312,  0.231156066
   9929,  0.562886536,  0.296554506
   9930, -0.559905052,   0.29841274
   9931,  -0.48330605,   0.23467955
   9932, -0.416284472,  0.307920814
   9933, -0.492883444,  0.371654004
   9934, -0.565400004,  0.439450204
   9935, -0.707428217,  0.437686384
   9936, -0.778261542,  0.364829242
   9937, -0.217712045,  -0.38035351
   9938, -0.284881949, -0.446033597
   9939, -0.145330101, -0.444319934
   9940, -0.155309394, -0.313700557
   9941,  -0.22755821,  -0.25266093
   9942, -0.289960861, -0.319313884
   9943, -0.355764598,  -0.38085261
   9944, -0.425049305, -0.444819033
   9945, -0.565214455, -0.440738082
   9946,   -0.6345734, -0.368572831
   9947, -0.706858933,  -0.43783474
   9948, -0.701755941, -0.292031825
   9949, -0.558602691, -0.301336706
   9950, -0.625785232, -0.224795699
   9951, -0.777692318, -0.364977598
   9952, -0.285335004, -0.00611054664
   9953, -0.231256515,  0.066896297
   9954, -0.318405062,  0.120263942
   9955, -0.372483552, 0.0472570993
   9956, -0.0040842751, -0.442442268
   9957, -0.0785810351, -0.376762211
   9958, -0.692982554, 0.0022100769
   9959, -0.772850037, 0.0736833662
   9960,  0.208387956,  0.260017544
   9961,  0.280855179,  0.315972149
   9962,  0.141782731,  0.324718893
   9963, -0.0170615744, 0.0306942388
   9964, 0.0433188789, -0.0967940539
   9965, 0.0879702866, -0.021227004
   9966, 0.0636884943, -0.373834342
   9967,  0.355372488,  0.375358164
   9968,  0.206479579, -0.240965396
   9969,  0.290318489, -0.187450081
   9970,  0.213646725, -0.106041789
   9971,    0.1298078, -0.159557089
   9972, 0.0727818161,  0.384621084
   9973, -0.0147814015, -0.307434708
   9974,  0.133040428,  -0.30364415
   9975, 0.0545705333, -0.237244517
   9976, -0.635328174,  0.367136598
   9977,  -0.52556181, 0.00622927025
   9978, -0.433569521, -0.043701876
   9979,  -0.46447584, 0.0971882492
   9980, -0.776130199,  0.219500661
   9981, -0.704391718,  0.292901337
   9982,  -0.17274864, -0.184565216
   9983, -0.0915097594, -0.244373053
   9984, -0.0319183804, -0.174481481
   9985, -0.494430423, -0.375557125
   9986, -0.424499214, -0.317477405
   9987, -0.488671452, -0.243257001
   9988, -0.0637512729,  0.267287135
   9989, -0.123366304,  0.205034345
   9990, -0.0504270643,  0.152548641
   9991, 0.00918796472,  0.214801461
   9992, 0.00317432615,  0.328246236
   9993, -0.135263711,  0.324039817
   9994,  0.325681537, -0.0724671185
   9995,  0.284457892, 0.00465316232
   9996,  0.172423095, -0.0289215129
   9997,  0.603937268, -0.0760108158
   9998,  0.535031319, -0.155278638
   9999,  0.696937919, -0.147194073
  10000, -0.547463238,  0.155942351
  10001, -0.400318652,  0.175925463
  10002,  0.529392958, 0.000497538596
  10003, -0.358695507, -0.255938709
  10004, -0.0978489667, 0.0825515985
  10005, -0.180911332,  0.137990892
  10006, 0.0721752346,  0.268344045
  10007, -0.273967147,  0.317639589
  10008, -0.200325429,  0.259600818
  10009,  0.281881958, -0.311670005
  10010,      0.42464, -0.315958619
  10011,  0.353103578, -0.250830591
  10012,  0.489570916, -0.243371949
  10013,  0.267344505,  0.195529282
  10014,  0.136216596,  0.214260399
  10015,  0.195173144,  0.149772137
  10016,     0.347121,  0.245486319
  10017, -0.339784056,  0.248218864
  10018, -0.303224027,  -0.19509849
  10019, -0.248414457, -0.127002776
  10020, -0.532658458, -0.151349187
  10021,  -0.60106951, -0.0707952753
  10022, -0.628968477,  0.224177465
  10023, -0.698980153,  0.147469744
  10024, -0.617474914, 0.0792346224
  10025,  0.469301492, 0.0930290595
  10026,  0.373835534, 0.0447771922
  10027,  0.433927029, -0.0477543287
  10028,  0.464082658, -0.117647111
  10029,  0.418622226, -0.205740422
  10030,  0.405911088,  0.172132194
  10031, -0.419221997, -0.205382794
  10032, -0.463208973,  -0.11347498
  10033, -0.257870466,  0.192557335
  10034,  0.355837166, -0.142359912
  10035,  0.326134562,   0.12217515
  10036,  0.236756951, 0.0820511207
  10037, -0.363750517,  -0.14454259
  10038, -0.334111035, -0.074769482
  10039,  0.172336012, 0.0527922735
*Element, type=CPE8RP
 1,  663,   54,   55,  664, 3400, 3401, 3402, 3403
 2,   49,  662,  665,   48, 3404, 3405, 3406, 3407
 3,  674,  673,  671,  666, 3408, 3409, 3410, 3411
 4,   45,    2,   46,  671, 3412, 3413, 3414, 3415
 5,  668,   52,   53,  661, 3416, 3417, 3418, 3419
 6,    4,   51,  668,  672, 3420, 3421, 3422, 3423
 7,   50,  672,  662,   49, 3424, 3425, 3404, 3426
 8,    3,    4,  672,   50, 3427, 3423, 3424, 3428
 9,   51,    5,   52,  668, 3429, 3430, 3416, 3421
10,   54,  663,  661,   53, 3400, 3431, 3418, 3432
11,  670,  667,  665,  662, 3433, 3434, 3405, 3435
12,   56,  673,  664,   55, 3436, 3437, 3402, 3438
13,   44,  673,   56,    1, 3439, 3436, 3440, 3441
14,  669,  670,  662,  672, 3442, 3435, 3425, 3443
15,   48,  665,  666,   47, 3406, 3444, 3445, 3446
16,  661,  663,  670,  669, 3431, 3447, 3442, 3448
17,  665,  667,  674,  666, 3434, 3449, 3411, 3444
18,  669,  672,  668,  661, 3443, 3422, 3419, 3448
19,  666,  671,   46,   47, 3410, 3414, 3450, 3445
20,  663,  664,  667,  670, 3403, 3451, 3433, 3447
21,  664,  673,  674,  667, 3437, 3408, 3449, 3451
22,   45,  671,  673,   44, 3415, 3409, 3439, 3452
23,   57,  677,   63,    6, 3453, 3454, 3455, 3456
24,   59,    4,   60,  675, 3457, 3458, 3459, 3460
25,  675,   60,   61,  676, 3459, 3461, 3462, 3463
26,   62,  677,  676,   61, 3464, 3465, 3462, 3466
27,   58,  676,  677,   57, 3467, 3465, 3453, 3468
28,    7,   63,  677,   62, 3469, 3454, 3464, 3470
29,   59,  675,  676,   58, 3460, 3463, 3467, 3471
30,  678,  679,   69,   70, 3472, 3473, 3474, 3475
31,   66,    9,   67,  680, 3476, 3477, 3478, 3479
32,   65,   66,  680,  679, 3480, 3479, 3481, 3482
33,   70,    8,   64,  678, 3483, 3484, 3485, 3475
34,   68,   69,  679,  680, 3486, 3473, 3481, 3487
35,   64,   65,  679,  678, 3488, 3482, 3472, 3485
36,  680,   67,   10,   68, 3478, 3489, 3490, 3487
37,  682,   82,   83,  693, 3491, 3492, 3493, 3494
38,  694,  693,  691,  686, 3495, 3496, 3497, 3498
39,   72,   12,   73,  691, 3499, 3500, 3501, 3502
40,  694,  686,  687,  688, 3498, 3503, 3504, 3505
41,   76,  681,  687,   75, 3506, 3507, 3508, 3509
42,   81,  683,  684,   80, 3510, 3511, 3512, 3513
43,  685,   79,   80,  684, 3514, 3515, 3512, 3516
44,   77,  692,  681,   76, 3517, 3518, 3506, 3519
45,   13,   14,  692,   77, 3520, 3521, 3517, 3522
46,   78,   15,   79,  685, 3523, 3524, 3514, 3525
47,   71,  693,   83,   11, 3526, 3493, 3527, 3528
48,   82,  682,  683,   81, 3491, 3529, 3510, 3530
49,  688,  689,  683,  682, 3531, 3532, 3529, 3533
50,   14,   78,  685,  692, 3534, 3525, 3535, 3521
51,   75,  687,  686,   74, 3508, 3503, 3536, 3537
52,  685,  684,  690,  692, 3516, 3538, 3539, 3535
53,  690,  689,  681,  692, 3540, 3541, 3518, 3539
54,  687,  681,  689,  688, 3507, 3541, 3531, 3504
55,  686,  691,   73,   74, 3497, 3501, 3542, 3536
56,  682,  693,  694,  688, 3494, 3495, 3505, 3533
57,  684,  683,  689,  690, 3511, 3532, 3540, 3538
58,   72,  691,  693,   71, 3502, 3496, 3526, 3543
59,   84,  697,   78,   14, 3544, 3545, 3534, 3546
60,   86,  695,  696,   85, 3547, 3548, 3549, 3550
61,   86,   16,   87,  695, 3551, 3552, 3553, 3547
62,   15,   78,  697,   89, 3523, 3545, 3554, 3555
63,  695,   87,   88,  696, 3553, 3556, 3557, 3548
64,  696,   88,   89,  697, 3557, 3558, 3554, 3559
65,  697,   84,   85,  696, 3544, 3560, 3549, 3559
66,   89,   88,  707,  717, 3558, 3561, 3562, 3563
67,  698,  713,  707,  708, 3564, 3565, 3566, 3567
68,  715,  713,  710,  714, 3568, 3569, 3570, 3571
69,  714,  718,  706,  703, 3572, 3573, 3574, 3575
70,   93,  705,  702,   92, 3576, 3577, 3578, 3579
71,  101,  703,  706,  100, 3580, 3574, 3581, 3582
72,   95,   17,   96,  716, 3583, 3584, 3585, 3586
73,   98,   18,   99,  704, 3587, 3588, 3589, 3590
74,  712,  711,  718,  714, 3591, 3592, 3572, 3593
75,   95,  716,  699,   94, 3586, 3594, 3595, 3596
76,   89,  717,  104,   15, 3563, 3597, 3598, 3555
77,  104,  717,  700,  103, 3597, 3599, 3600, 3601
78,  103,  700,  701,  102, 3600, 3602, 3603, 3604
79,  102,  701,  703,  101, 3603, 3605, 3580, 3606
80,  705,  699,  712,  709, 3607, 3608, 3609, 3610
81,  704,   99,  100,  706, 3589, 3611, 3581, 3612
82,  708,   90,   91,  698, 3613, 3614, 3615, 3567
83,   87,  708,  707,   88, 3616, 3566, 3561, 3556
84,   87,   16,   90,  708, 3552, 3617, 3613, 3616
85,   91,   92,  702,  698, 3618, 3578, 3619, 3615
86,  704,  711,   97,   98, 3620, 3621, 3622, 3590
87,  707,  713,  700,  717, 3565, 3623, 3599, 3562
88,  709,  710,  702,  705, 3624, 3625, 3577, 3610
89,  705,   93,   94,  699, 3576, 3626, 3595, 3607
90,  701,  715,  714,  703, 3627, 3571, 3575, 3605
91,  711,  704,  706,  718, 3620, 3612, 3573, 3592
92,  709,  712,  714,  710, 3609, 3593, 3570, 3624
93,  701,  700,  713,  715, 3602, 3623, 3568, 3627
94,  698,  702,  710,  713, 3619, 3625, 3569, 3564
95,  699,  716,  711,  712, 3594, 3628, 3591, 3608
96,  716,   96,   97,  711, 3585, 3629, 3621, 3628
 97,  106,  723,  722,  105, 3630, 3631, 3632, 3633
 98,  721,  719,  112,   22, 3634, 3635, 3636, 3637
 99,  719,  108,  109,  720, 3638, 3639, 3640, 3641
100,  107,   17,  721,  724, 3642, 3643, 3644, 3645
101,  113,  114,  723,  724, 3646, 3647, 3648, 3649
102,   20,  110,  720,  109, 3650, 3651, 3640, 3652
103,   21,  111,  720,  110, 3653, 3654, 3651, 3655
104,  724,  721,   22,  113, 3644, 3637, 3656, 3649
105,  111,  112,  719,  720, 3657, 3635, 3641, 3654
106,  115,   19,  105,  722, 3658, 3659, 3632, 3660
107,  114,  115,  722,  723, 3661, 3660, 3631, 3647
108,  721,   17,  108,  719, 3643, 3662, 3638, 3634
109,  724,  723,  106,  107, 3648, 3630, 3663, 3645
110, 1023,  936,  906,  900, 3664, 3665, 3666, 3667
111,  235, 1318,  927,  234, 3668, 3669, 3670, 3671
112,  233,  928,  929,  232, 3672, 3673, 3674, 3675
113,  231,  930,  931,  230, 3676, 3677, 3678, 3679
114, 1000,  932,  931,  727, 3680, 3681, 3682, 3683
115,  934,  227,  228,  933, 3684, 3685, 3686, 3687
116,  227,  934,  935,  226, 3684, 3688, 3689, 3690
117,  225,  730,  224,   26, 3691, 3692, 3693, 3694
118,  117,  118,  900,  906, 3695, 3696, 3666, 3697
119,  974, 1023,  900,  907, 3698, 3667, 3699, 3700
120, 1036, 1367, 1105,  732, 3701, 3702, 3703, 3704
121, 1127, 1154, 1189,  738, 3705, 3706, 3707, 3708
122,  745, 1355, 1221, 1203, 3709, 3710, 3711, 3712
123, 1236, 1341, 1297, 1279, 3713, 3714, 3715, 3716
124,  215,  216,  763, 1303, 3717, 3718, 3719, 3720
125,  757,  763,  216,  217, 3721, 3718, 3722, 3723
126, 1315,  757,  217,  218, 3724, 3723, 3725, 3726
127,  753, 1310, 1288,  752, 3727, 3728, 3729, 3730
128,  746, 1240, 1217, 1203, 3731, 3732, 3733, 3734
129, 1182, 1159, 1384, 1184, 3735, 3736, 3737, 3738
130,  727, 1065, 1025, 1000, 3739, 3740, 3741, 3683
131, 1009, 1070,  974,  966, 3742, 3743, 3744, 3745
132, 1002, 1075, 1051,  726, 3746, 3747, 3748, 3749
133,  120,  121,  908,  901, 3750, 3751, 3752, 3753
134,  121,  122,  902,  908, 3754, 3755, 3756, 3751
135, 1015, 1073, 1061,  737, 3757, 3758, 3759, 3760
136, 1171, 1356, 1218, 1147, 3761, 3762, 3763, 3764
137,  751, 1210, 1236, 1279, 3765, 3766, 3716, 3767
138, 1251, 1253, 1214, 1347, 3768, 3769, 3770, 3771
139,  762, 1272, 1303,  763, 3772, 3773, 3719, 3774
140,  214,  215, 1303,  769, 3775, 3720, 3776, 3777
141,  908,  975,  966,  901, 3778, 3779, 3780, 3752
142, 1043,  909,  903,  970, 3781, 3782, 3783, 3784
143,  976,  910,  904, 1042, 3785, 3786, 3787, 3788
144,  871,  905,  128,  129, 3789, 3790, 3791, 3792
145,  130,  131,  872,  851, 3793, 3794, 3795, 3796
146,  872,  942,  967,  851, 3797, 3798, 3799, 3795
147,  131,  132,  852,  872, 3800, 3801, 3802, 3794
148,  853, 1045,  938,  873, 3803, 3804, 3805, 3806
149, 1375, 1010, 1333, 1068, 3807, 3808, 3809, 3810
150, 1087, 1112, 1141,  765, 3811, 3812, 3813, 3814
151, 1197, 1219, 1353, 1376, 3815, 3816, 3817, 3818
152,  779, 1263, 1292, 1295, 3819, 3820, 3821, 3822
153,  208,  209, 1320,  793, 3823, 3824, 3825, 3826
154, 1320,  209,  210, 1319, 3824, 3827, 3828, 3829
155, 1319, 1305, 1311,  787, 3830, 3831, 3832, 3833
156,  781,  775, 1299,  780, 3834, 3835, 3836, 3837
157, 1235,  773, 1259,  767, 3838, 3839, 3840, 3841
158, 1205, 1165,  766, 1206, 3842, 3843, 3844, 3845
159, 1149, 1162, 1186, 1361, 3846, 3847, 3848, 3849
160, 1076, 1118, 1071, 1008, 3850, 3851, 3852, 3853
161,  981, 1007,  754,  942, 3854, 3855, 3856, 3857
162, 1082, 1128, 1106, 1007, 3858, 3859, 3860, 3861
163,  133,  134,  853,  873, 3862, 3863, 3806, 3864
164,  135,  136,  854,  874, 3865, 3866, 3867, 3868
165, 1155, 1401,  777, 1175, 3869, 3870, 3871, 3872
166, 1248, 1227,  784, 1256, 3873, 3874, 3875, 3876
167, 1262, 1291,  785, 1256, 3877, 3878, 3879, 3880
168, 1326, 1314,  792, 1317, 3881, 3882, 3883, 3884
169, 1304,  207,  208,  793, 3885, 3886, 3826, 3887
170,  874,  943, 1045,  853, 3888, 3889, 3803, 3890
171,  854,  968,  943,  874, 3891, 3892, 3888, 3867
172,  856,  973,  939,  876, 3893, 3894, 3895, 3896
173,  857,  982,  944,  877, 3897, 3898, 3899, 3900
174,  143,  144,  858,  878, 3901, 3902, 3903, 3904
175,  144,  145,  879,  858, 3905, 3906, 3907, 3902
176,  145,  146,  859,  879, 3908, 3909, 3910, 3906
177,  860,  947,  969,  859, 3911, 3912, 3913, 3914
178, 1157, 1187, 1132, 1388, 3915, 3916, 3917, 3918
179, 1223, 1273, 1207,  807, 3919, 3920, 3921, 3922
180, 1290, 1264, 1338, 1276, 3923, 3924, 3925, 3926
181,  822,  201,  202,  816, 3927, 3928, 3929, 3930
182,  816,  202,  203, 1301, 3929, 3931, 3932, 3933
183,  810,  804, 1298,  809, 3934, 3935, 3936, 3937
184, 1289, 1268,  802, 1324, 3938, 3939, 3940, 3941
185, 1228, 1196,  796, 1244, 3942, 3943, 3944, 3945
186, 1125, 1408, 1152,  783, 3946, 3947, 3948, 3949
187, 1122, 1047, 1084, 1400, 3950, 3951, 3952, 3953
188,  969, 1013,  782, 1050, 3954, 3955, 3956, 3957
189, 1125, 1067, 1066, 1408, 3958, 3959, 3960, 3946
190,  860,  859,  146,  147, 3914, 3909, 3961, 3962
191,  149,  150,  881,  861, 3963, 3964, 3965, 3966
192,  794, 1083, 1046, 1336, 3967, 3968, 3969, 3970
193, 1139, 1157, 1388, 1120, 3971, 3918, 3972, 3973
194, 1349, 1234, 1377, 1254, 3974, 3975, 3976, 3977
195,  814, 1269, 1225, 1199, 3978, 3979, 3980, 3981
196, 1237, 1321,  821,  820, 3982, 3983, 3984, 3985
197,  827,  200,  201,  822, 3986, 3987, 3927, 3988
198,  940,  861,  881,  978, 3989, 3965, 3990, 3991
199,  979,  882,  863,  948, 3992, 3993, 3994, 3995
200,  949,  870,  884, 1054, 3996, 3997, 3998, 3999
201,  157,  158,  885,  864, 4000, 4001, 4002, 4003
202,  950,  864,  885,  956, 4004, 4002, 4005, 4006
203,  158,  159,  865,  885, 4007, 4008, 4009, 4001
204,  951,  886,  866,  958, 4010, 4011, 4012, 4013
205, 1001, 1033, 1044,  817, 4014, 4015, 4016, 4017
206,  824, 1121, 1137, 1123, 4018, 4019, 4020, 4021
207, 1192, 1386, 1345, 1364, 4022, 4023, 4024, 4025
208, 1209, 1158, 1358, 1181, 4026, 4027, 4028, 4029
209, 1057, 1100,  845,  844, 4030, 4031, 4032, 4033
210,  196, 1302, 1102,  195, 4034, 4035, 4036, 4037
211, 1102, 1302,  845, 1100, 4035, 4038, 4031, 4039
212,  838, 1278, 1246, 1216, 4040, 4041, 4042, 4043
213, 1267, 1242,  831, 1265, 4044, 4045, 4046, 4047
214,  825, 1200, 1156, 1366, 4048, 4049, 4050, 4051
215, 1063,  812, 1160, 1069, 4052, 4053, 4054, 4055
216, 1094,  951, 1004, 1339, 4056, 4057, 4058, 4059
217, 1044,  818, 1381, 1109, 4060, 4061, 4062, 4063
218,  161,  162,  887,  866, 4064, 4065, 4066, 4067
219,  162,  163,  867,  887, 4068, 4069, 4070, 4065
220, 1088, 1052,  823, 1012, 4071, 4072, 4073, 4074
221, 1192, 1399, 1398, 1386, 4075, 4076, 4077, 4022
222, 1151, 1117, 1180,  836, 4078, 4079, 4080, 4081
223, 1028,  850, 1058, 1329, 4082, 4083, 4084, 4085
224,  995,  923,  913,  991, 4086, 4087, 4088, 4089
225,  191,  192,  922,  913, 4090, 4091, 4092, 4093
226,  912,  193,   25,  194, 4094, 4095, 4096, 4097
227,  922, 1030,  991,  913, 4098, 4099, 4088, 4092
228,  952,  887,  867,  959, 4100, 4070, 4101, 4102
229,  953,  888,  868,  960, 4103, 4104, 4105, 4106
230,  955,  889,  869, 1056, 4107, 4108, 4109, 4110
231,  892,  890,  168,  169, 4111, 4112, 4113, 4114
232,  171,  172,  897,  893, 4115, 4116, 4117, 4118
233,  957,  963,  893,  897, 4119, 4120, 4117, 4121
234,  172,  173,  894,  897, 4122, 4123, 4124, 4116
235,  898,  894,  173,  174, 4125, 4123, 4126, 4127
236,  914,  989,  992,  918, 4128, 4129, 4130, 4131
237,  182,  183,  925,  914, 4132, 4133, 4134, 4135
238,  985,  919,  917,  993, 4136, 4137, 4138, 4139
239,  917,  919,  184,  185, 4137, 4140, 4141, 4142
240,  993,  987, 1022,  848, 4143, 4144, 4145, 4146
241,  848, 1055, 1034, 1021, 4147, 4148, 4149, 4150
242,  837, 1180, 1158, 1209, 4151, 4152, 4026, 4153
243, 1081, 1143, 1108, 1019, 4154, 4155, 4156, 4157
244, 1168, 1178, 1364,  830, 4158, 4159, 4160, 4161
245, 1018,  834, 1372, 1060, 4162, 4163, 4164, 4165
246,  954,  890,  892,  964, 4166, 4111, 4167, 4168
247, 1397,  835, 1191, 1161, 4169, 4170, 4171, 4172
248, 1093,  963, 1019, 1108, 4173, 4174, 4156, 4175
249, 1041,  841, 1134, 1081, 4176, 4177, 4178, 4179
250, 1032, 1041,  840, 1020, 4180, 4181, 4182, 4183
251, 1034, 1074, 1323, 1021, 4184, 4185, 4186, 4149
252, 1101, 1097, 1055, 1330, 4187, 4188, 4189, 4190
253,  174,  175,  891,  898, 4191, 4192, 4193, 4127
254,  176,  177,  895,  899, 4194, 4195, 4196, 4197
255,  918,  920,  180,  181, 4198, 4199, 4200, 4201
256,  178,  179,  926,  895, 4202, 4203, 4204, 4205
257,  921,  916,  186,  187, 4206, 4207, 4208, 4209
258,  924,  921,  187,  188, 4210, 4209, 4211, 4212
259, 1358, 1363, 1164, 1181, 4213, 4214, 4215, 4028
260,  188,  189,  915,  924, 4216, 4217, 4218, 4212
261,  197,  839, 1302,  196, 4219, 4220, 4034, 4221
262,  839,  197,  198,  833, 4219, 4222, 4223, 4224
263,  833,  198,  199, 1300, 4223, 4225, 4226, 4227
264,  200,  827, 1300,  199, 3986, 4228, 4226, 4229
265, 1296, 1300,  827, 1321, 4230, 4228, 4231, 4232
266, 1237,  820, 1213,  826, 3985, 4233, 4234, 4235
267,  819, 1352, 1183, 1199, 4236, 4237, 4238, 4239
268, 1270, 1242, 1267, 1283, 4240, 4044, 4241, 4242
269,  832, 1296, 1283, 1267, 4243, 4244, 4241, 4245
270, 1246, 1278,  833,  832, 4041, 4246, 4247, 4248
271,  204,  810, 1301,  203, 4249, 4250, 3932, 4251
272,  810,  204,  205,  804, 4249, 4252, 4253, 3934
273,  804,  205,  206,  799, 4253, 4254, 4255, 4256
274,  799,  206,  207, 1304, 4255, 4257, 3885, 4258
275,  799,  798, 1309,  804, 4259, 4260, 4261, 4256
276,  793,  792, 1314, 1304, 4262, 3882, 4263, 3887
277, 1196, 1228,  790, 1176, 3942, 4264, 4265, 4266
278, 1280,  797, 1287, 1326, 4267, 4268, 4269, 4270
279,  797, 1268, 1289, 1287, 4271, 3938, 4272, 4268
280,  803, 1298,  804, 1309, 4273, 3935, 4261, 4274
281,  781, 1305,  211,  212, 4275, 4276, 4277, 4278
282,  212,  213,  775,  781, 4279, 4280, 3834, 4278
283,  213,  214,  769,  775, 4281, 3777, 4282, 4280
284,  769, 1303, 1272,  768, 3776, 3773, 4283, 4284
285, 1239,  761, 1232, 1257, 4285, 4286, 4287, 4288
286, 1165, 1205,  760, 1404, 3842, 4289, 4290, 4291
287, 1257, 1232,  767, 1259, 4287, 4292, 3840, 4293
288, 1299,  775, 1277,  774, 3835, 4294, 4295, 4296
289, 1316, 1315,  218,  219, 4297, 3726, 4298, 4299
290,  219,  220,  748, 1316, 4300, 4301, 4302, 4299
291,  220,  221,  742,  748, 4303, 4304, 4305, 4301
292,  221,  222, 1306,  742, 4306, 4307, 4308, 4304
293,  736, 1306,  222,  223, 4309, 4307, 4310, 4311
294,  730,  736,  223,  224, 4312, 4311, 4313, 3692
295,  736,  730, 1266,  735, 4312, 4314, 4315, 4316
296,  934, 1230,  729,  935, 4317, 4318, 4319, 3688
297, 1325, 1266,  729, 1230, 4320, 4321, 4318, 4322
298, 1226, 1195,  740, 1255, 4323, 4324, 4325, 4326
299, 1255, 1217, 1240, 1293, 4327, 3732, 4328, 4329
300, 1293,  748,  742,  741, 4330, 4305, 4331, 4332
301,  747, 1271, 1288, 1310, 4333, 4334, 3728, 4335
302, 1310, 1316,  748,  747, 4336, 4302, 4337, 4335
303,  225,  226,  935,  730, 4338, 3689, 4339, 3691
304,  229,  932,  933,  228, 4340, 4341, 3686, 4342
305,  230,  931,  932,  229, 3678, 3681, 4340, 4343
306,  998,  999,  930,  929, 4344, 4345, 4346, 4347
307,  936,  997,  928,  927, 4348, 4349, 4350, 4351
308, 1003,  726, 1051, 1099, 4352, 3748, 4353, 4354
309,  728, 1000, 1025, 1233, 4355, 3741, 4356, 4357
310, 1159, 1114, 1385, 1384, 4358, 4359, 4360, 3736
311,  732, 1105, 1116, 1114, 3703, 4361, 4362, 4363
312,  733, 1159, 1182, 1369, 4364, 3735, 4365, 4366
313, 1224,  734, 1195, 1226, 4367, 4368, 4323, 4369
314,  742, 1306, 1308,  741, 4308, 4370, 4371, 4331
315,  735, 1308, 1306,  736, 4372, 4370, 4309, 4316
316, 1105, 1080, 1124, 1116, 4373, 4374, 4375, 4361
317, 1203, 1217, 1202, 1342, 3733, 4376, 4377, 4378
318,  745, 1203, 1342, 1167, 3712, 4378, 4379, 4380
319,  747,  748, 1293, 1240, 4337, 4330, 4328, 4381
320,  970,  903,  910,  976, 3783, 4382, 3785, 4383
321, 1127, 1061, 1073,  744, 4384, 3758, 4385, 4386
322, 1218, 1098, 1090, 1147, 4387, 4388, 4389, 3763
323, 1204, 1186, 1201, 1214, 4390, 4391, 4392, 4393
324, 1154, 1127,  744, 1177, 3705, 4386, 4394, 4395
325, 1261, 1350, 1279, 1343, 4396, 4397, 4398, 4399
326,  746, 1261, 1343, 1271, 4400, 4399, 4401, 4402
327,  871,  945,  971,  905, 4403, 4404, 4405, 3789
328, 1053,  750, 1147, 1090, 4406, 4407, 4389, 4408
329, 1162, 1149, 1394, 1395, 3846, 4409, 4410, 4411
330, 1201, 1186, 1162,  760, 4391, 3847, 4412, 4413
331, 1171, 1147,  750, 1172, 3764, 4407, 4414, 4415
332,  751, 1279, 1350, 1198, 3767, 4397, 4416, 4417
333,  753, 1307,  757, 1315, 4418, 4419, 3724, 4420
334, 1275,  752, 1297, 1341, 4421, 4422, 3714, 4423
335,  755, 1142, 1111, 1035, 4424, 4425, 4426, 4427
336, 1204,  756, 1236, 1210, 4428, 4429, 3766, 4430
337, 1285, 1297,  752, 1288, 4431, 4422, 3729, 4432
338, 1407, 1153, 1411, 1126, 4433, 4434, 4435, 4436
339, 1411, 1153, 1163, 1406, 4434, 4437, 4438, 4439
340,  763,  757, 1274,  762, 3721, 4440, 4441, 3774
341, 1126, 1064, 1375, 1407, 4442, 4443, 4444, 4436
342, 1173, 1360, 1206,  766, 4445, 4446, 3844, 4447
343,  876,  939,  972,  855, 3895, 4448, 4449, 4450
344, 1409, 1049, 1086,  771, 4451, 4452, 4453, 4454
345,  770, 1086, 1049, 1334, 4455, 4452, 4456, 4457
346, 1122, 1140, 1175,  777, 4458, 4459, 3871, 4460
347, 1291, 1262,  791, 1317, 3877, 4461, 4462, 4463
348, 1173, 1138,  772, 1360, 4464, 4465, 4466, 4445
349, 1282,  779, 1295, 1284, 4467, 3822, 4468, 4469
350,  773, 1282, 1284,  774, 4470, 4469, 4471, 4472
351,  877,  944,  973,  856, 3899, 4473, 3893, 4474
352, 1031, 1133, 1086,  770, 4475, 4476, 4455, 4477
353, 1005, 1089, 1084, 1047, 4478, 4479, 3951, 4480
354, 1262, 1231, 1252,  791, 4481, 4482, 4483, 4461
355, 1219, 1197,  778, 1245, 3815, 4484, 4485, 4486
356,  780, 1292,  786, 1311, 4487, 4488, 4489, 4490
357, 1140, 1122, 1400, 1146, 4458, 3953, 4491, 4492
358, 1248, 1263,  779, 1245, 4493, 3819, 4494, 4495
359, 1292, 1263,  785,  786, 3820, 4496, 4497, 4488
360, 1136,  789, 1393, 1392, 4498, 4499, 4500, 4501
361,  786, 1313,  787, 1311, 4502, 4503, 3832, 4489
362, 1110, 1046, 1392, 1393, 4504, 4505, 4500, 4506
363, 1244, 1220, 1268,  797, 4507, 4508, 4271, 4509
364,  796, 1193, 1220, 1244, 4510, 4511, 4507, 3944
365,  941,  862,  882,  979, 4512, 4513, 3992, 4514
366, 1371, 1083,  794, 1029, 4515, 3967, 4516, 4517
367, 1085, 1048, 1011, 1091, 4518, 4519, 4520, 4521
368,  806, 1160, 1169, 1145, 4522, 4523, 4524, 4525
369, 1362, 1225,  813, 1166, 4526, 4527, 4528, 4529
370, 1281,  808, 1294, 1286, 4530, 4531, 4532, 4533
371, 1324, 1281, 1286,  803, 4534, 4533, 4535, 4536
372,  154,  155,  870,  883, 4537, 4538, 4539, 4540
373, 1120, 1085, 1145, 1139, 4541, 4542, 4543, 3973
374, 1063, 1069, 1016,  811, 4055, 4544, 4545, 4546
375, 1109, 1381, 1380, 1357, 4062, 4547, 4548, 4549
376,  814, 1199,  820, 1250, 3981, 4550, 4551, 4552
377, 1312, 1301,  810,  809, 4553, 4250, 3937, 4554
378,  809, 1327, 1290, 1312, 4555, 4556, 4557, 4554
379, 1190, 1382, 1188, 1378, 4558, 4559, 4560, 4561
380, 1223, 1349, 1247,  808, 4562, 4563, 4564, 4565
381, 1379, 1123, 1156, 1352, 4566, 4567, 4568, 4569
382, 1107,  824, 1123, 1379, 4570, 4021, 4566, 4571
383,  821,  822,  816,  815, 4572, 3930, 4573, 4574
384, 1027, 1079, 1033, 1001, 4575, 4576, 4014, 4577
385, 1242, 1212, 1222,  831, 4578, 4579, 4580, 4045
386,  830, 1222, 1208, 1168, 4581, 4582, 4583, 4161
387, 1121, 1052, 1088, 1402, 4584, 4071, 4585, 4586
388, 1144, 1137, 1121, 1402, 4587, 4019, 4586, 4588
389, 1265, 1246,  832, 1267, 4589, 4248, 4245, 4047
390, 1216, 1246, 1265, 1249, 4042, 4589, 4590, 4591
391, 1345, 1386, 1387, 1211, 4023, 4592, 4593, 4594
392, 1215,  844,  845, 1241, 4595, 4032, 4596, 4597
393,  838, 1215, 1241, 1278, 4598, 4597, 4599, 4040
394, 1174, 1374, 1151,  836, 4600, 4601, 4081, 4602
395, 1331, 1062, 1077, 1032, 4603, 4604, 4605, 4606
396, 1322, 1100, 1057, 1328, 4607, 4030, 4608, 4609
397,  901,  966,  974,  907, 3780, 3744, 3700, 4610
398,  975,  908,  902,  984, 3778, 3756, 4611, 4612
399,  903,  909,  123,  124, 3782, 4613, 4614, 4615
400,  905,  971,  977,  911, 4405, 4616, 4617, 4618
401,  851,  871,  129,  130, 4619, 3792, 4620, 3796
402,  852,  981,  942,  872, 4621, 3857, 3797, 3802
403, 1040,  875,  855,  972, 4622, 4623, 4449, 4624
404,  856,  876,  139,  140, 3896, 4625, 4626, 4627
405,  861,  880,  148,  149, 4628, 4629, 4630, 3966
406,  862,  941,  978,  881, 4512, 4631, 3990, 4632
407,  864,  884,  156,  157, 4633, 4634, 4635, 4003
408,  866,  886,  160,  161, 4011, 4636, 4637, 4067
409,  868,  888,  164,  165, 4104, 4638, 4639, 4640
410,  869,  889,  166,  167, 4108, 4641, 4642, 4643
411,  890,  869,  167,  168, 4644, 4643, 4645, 4112
412,  893,  896,  170,  171, 4646, 4647, 4648, 4118
413,  894,  965,  957,  897, 4649, 4650, 4121, 4124
414,  177,   24,  178,  895, 4651, 4652, 4205, 4195
415,  913,  923,  190,  191, 4087, 4653, 4654, 4093
416,  185,  186,  916,  917, 4655, 4207, 4656, 4142
417,  919,  925,  183,  184, 4657, 4133, 4658, 4140
418,  914,  918,  181,  182, 4131, 4201, 4659, 4135
419,  986,  920,  918,  992, 4660, 4198, 4130, 4661
420,   23,  116, 1318,  235, 4662, 4663, 3668, 4664
421,  234,  927,  928,  233, 3670, 4350, 3672, 4665
422,  232,  929,  930,  231, 3674, 4346, 3676, 4666
423,  945,  871,  851,  967, 4403, 4619, 3799, 4667
424,  132,  133,  873,  852, 4668, 3864, 4669, 3801
425,  134,  135,  874,  853, 4670, 3868, 3890, 3863
426,  136,  137,  875,  854, 4671, 4672, 4673, 3866
427,  968,  854,  875, 1040, 3891, 4673, 4622, 4674
428,  137,  138,  855,  875, 4675, 4676, 4623, 4672
429,  138,  139,  876,  855, 4677, 4625, 4450, 4676
430,  140,  141,  877,  856, 4678, 4679, 4474, 4627
431,  141,  142,  857,  877, 4680, 4681, 3900, 4679
432,  142,  143,  878,  857, 4682, 3904, 4683, 4681
433,  983,  858,  879, 1050, 4684, 3907, 4685, 4686
434,  946,  878,  858,  983, 4687, 3903, 4684, 4688
435, 1050,  879,  859,  969, 4685, 3910, 3913, 3957
436,  147,  148,  880,  860, 4689, 4629, 4690, 3962
437,  947,  860,  880, 1039, 3911, 4690, 4691, 4692
438, 1039,  880,  861,  940, 4691, 4628, 3989, 4693
439,  150,  151,  862,  881, 4694, 4695, 4632, 3964
440,  151,  152,  882,  862, 4696, 4697, 4513, 4695
441,  152,  153,  863,  882, 4698, 4699, 3993, 4697
442,  153,  154,  883,  863, 4700, 4540, 4701, 4699
443,  884,  870,  155,  156, 3997, 4538, 4702, 4634
444,  159,  160,  886,  865, 4703, 4636, 4704, 4008
445,  956,  885,  865, 1038, 4005, 4009, 4705, 4706
446,  163,  164,  888,  867, 4707, 4638, 4708, 4069
447,  959,  867,  888,  953, 4101, 4708, 4103, 4709
448,  165,  166,  889,  868, 4710, 4641, 4711, 4640
449,  980,  883,  870,  949, 4712, 4539, 3996, 4713
450,  981,  852,  873,  938, 4621, 4669, 3805, 4714
451,  878,  946,  982,  857, 4687, 4715, 3897, 4683
452,  883,  980,  948,  863, 4712, 4716, 3994, 4701
453, 1054,  884,  864,  950, 3998, 4633, 4004, 4717
454,  886,  951, 1038,  865, 4010, 4718, 4705, 4704
455,  887,  952,  958,  866, 4100, 4719, 4012, 4066
456,  960,  868,  889,  955, 4105, 4711, 4107, 4720
457,  890,  954, 1056,  869, 4166, 4721, 4109, 4644
458,  175,  176,  899,  891, 4722, 4197, 4723, 4192
459,  961,  898,  891,  962, 4724, 4193, 4725, 4726
460,  169,  170,  896,  892, 4727, 4647, 4728, 4114
461,  964,  892,  896, 1037, 4167, 4728, 4729, 4730
462, 1037,  896,  893,  963, 4729, 4646, 4120, 4731
463,  899,  895,  926,  937, 4196, 4204, 4732, 4733
464,  965,  894,  898,  961, 4649, 4125, 4724, 4734
465,  937,  962,  891,  899, 4735, 4725, 4723, 4733
466,  118,  119,  907,  900, 4736, 4737, 3699, 3696
467,  906,  936,  927, 1318, 3665, 4351, 3669, 4738
468,  119,  120,  901,  907, 4739, 3753, 4610, 4737
469,  122,  123,  909,  902, 4740, 4613, 4741, 3755
470,  984,  902,  909, 1043, 4611, 4741, 3781, 4742
471,  124,  125,  910,  903, 4743, 4744, 4382, 4615
472,  125,  126,  904,  910, 4745, 4746, 3786, 4744
473,  126,  127,  911,  904, 4747, 4748, 4749, 4746
474,  911,  977, 1042,  904, 4617, 4750, 3787, 4749
475,  127,  128,  905,  911, 4751, 3790, 4618, 4748
476,  116,  117,  906, 1318, 4752, 3697, 4738, 4663
477,  193,  912,  922,  192, 4094, 4753, 4091, 4754
478,  194, 1030,  922,  912, 4755, 4098, 4753, 4097
479,  923,  915,  189,  190, 4756, 4217, 4757, 4653
480,  988,  924,  915,  990, 4758, 4218, 4759, 4760
481,  987,  916,  921,  996, 4761, 4206, 4762, 4763
482,  989,  994, 1323,  847, 4764, 4765, 4766, 4767
483,  926,  920,  986,  937, 4768, 4660, 4769, 4732
484,  919,  985,  994,  925, 4136, 4770, 4771, 4657
485,  179,  180,  920,  926, 4772, 4199, 4768, 4203
486,  996,  921,  924,  988, 4762, 4210, 4758, 4773
487, 1102, 1100,  991, 1030, 4039, 4774, 4099, 4775
488,  996,  988, 1028,  849, 4773, 4776, 4777, 4778
489,  925,  994,  989,  914, 4771, 4764, 4128, 4134
490,  929,  928,  997,  998, 3673, 4349, 4779, 4347
491,  931,  930,  999,  727, 3677, 4345, 4780, 3682
492,  933,  932, 1000,  728, 4341, 3680, 4355, 4781
493,  934,  933,  728, 1230, 3687, 4781, 4782, 4317
494,  935,  729, 1266,  730, 4319, 4321, 4314, 4339
495,  725,  997,  936, 1023, 4783, 4348, 3664, 4784
496,  846,  962,  937,  986, 4785, 4735, 4769, 4786
497,  758, 1082,  938, 1045, 4787, 4788, 3804, 4789
498, 1007,  981,  938, 1082, 3854, 4714, 4788, 3861
499, 1017,  972,  939, 1334, 4790, 4448, 4791, 4792
500,  940,  978, 1336, 1006, 3991, 4793, 4794, 4795
501,  788, 1039,  940, 1006, 4796, 4693, 4795, 4797
502,  979, 1029,  794,  941, 4798, 4516, 4799, 4514
503,  978,  941,  794, 1336, 4631, 4799, 3970, 4793
504, 1008,  967,  942,  754, 4800, 3798, 3856, 4801
505, 1010,  943,  968, 1333, 4802, 3892, 4803, 3808
506,  758, 1045,  943, 1010, 4789, 3889, 4802, 4804
507, 1031,  944,  982,  776, 4805, 3898, 4806, 4807
508,  944, 1031,  770,  973, 4805, 4477, 4808, 4473
509,  749,  971,  945, 1071, 4809, 4404, 4810, 4811
510, 1005,  946,  983, 1089, 4812, 4688, 4813, 4478
511,  776,  982,  946, 1005, 4806, 4715, 4812, 4814
512,  947, 1335, 1013,  969, 4815, 4816, 3954, 3912
513,  800, 1029,  979,  948, 4817, 4798, 3995, 4818
514, 1091,  949, 1054,  805, 4819, 3999, 4820, 4821
515, 1011,  980,  949, 1091, 4822, 4713, 4819, 4520
516, 1016,  950,  956,  811, 4823, 4006, 4824, 4545
517,  805, 1054,  950, 1016, 4820, 4717, 4823, 4825
518, 1004,  951,  958,  817, 4057, 4013, 4826, 4827
519, 1337, 1038,  951, 1094, 4828, 4718, 4056, 4829
520, 1001,  952,  959, 1027, 4830, 4102, 4831, 4577
521,  817,  958,  952, 1001, 4826, 4719, 4830, 4017
522,  953,  823, 1027,  959, 4832, 4833, 4831, 4709
523, 1018,  954,  964,  834, 4834, 4168, 4835, 4162
524,  828, 1056,  954, 1018, 4836, 4721, 4834, 4837
525, 1092,  955, 1056,  828, 4838, 4110, 4836, 4839
526, 1012,  960,  955, 1092, 4840, 4720, 4838, 4841
527, 1019,  963,  957,  840, 4174, 4119, 4842, 4843
528,  823,  953,  960, 1012, 4832, 4106, 4840, 4073
529, 1026,  961,  962,  846, 4844, 4726, 4785, 4845
530, 1020,  965,  961, 1026, 4846, 4734, 4844, 4847
531, 1340, 1037,  963, 1093, 4848, 4731, 4173, 4849
532,  840,  957,  965, 1020, 4842, 4650, 4846, 4182
533, 1009, 1036, 1075, 1070, 4850, 4851, 4852, 3742
534,  731, 1009,  966,  975, 4853, 3745, 3779, 4854
535, 1071,  945,  967, 1008, 4810, 4667, 4800, 3852
536, 1015,  970,  976, 1332, 4855, 4383, 4856, 4857
537,  737, 1043,  970, 1015, 4858, 3784, 4855, 3760
538, 1014,  977,  971,  749, 4859, 4616, 4809, 4860
539,  764, 1040,  972, 1017, 4861, 4624, 4790, 4862
540,  939,  973,  770, 1334, 3894, 4808, 4457, 4791
541, 1023,  974, 1070,  725, 3698, 3743, 4863, 4784
542, 1332,  976, 1042,  743, 4856, 3788, 4864, 4865
543,  743, 1042,  977, 1014, 4864, 4750, 4859, 4866
544,  800,  948,  980, 1011, 4818, 4716, 4822, 4867
545, 1089,  983, 1050,  782, 4813, 4686, 3956, 4868
546, 1080,  984, 1043,  737, 4869, 4742, 4858, 4870
547,  993,  917,  916,  987, 4138, 4656, 4761, 4143
548,  994,  985, 1021, 1323, 4770, 4871, 4186, 4765
549,  986,  992, 1024,  846, 4661, 4872, 4873, 4786
550,  849, 1022,  987,  996, 4874, 4144, 4763, 4778
551,  985,  993,  848, 1021, 4139, 4146, 4150, 4871
552,  850, 1028,  988,  990, 4082, 4776, 4760, 4875
553,  992,  989,  847, 1024, 4129, 4767, 4876, 4872
554,  990,  915,  923,  995, 4759, 4756, 4086, 4877
555,  991, 1100, 1322,  995, 4774, 4607, 4878, 4089
556,  990,  995, 1322,  850, 4877, 4878, 4879, 4875
557,  998,  997,  725, 1002, 4779, 4783, 4880, 4881
558,  726,  999,  998, 1002, 4882, 4344, 4881, 3749
559,  999,  726, 1003,  727, 4882, 4352, 4883, 4780
560,  727, 1003, 1370, 1065, 4883, 4884, 4885, 3739
561,  731,  975,  984, 1080, 4854, 4612, 4869, 4886
562,  738, 1124, 1061, 1127, 4887, 4888, 4384, 3708
563, 1099,  733, 1370, 1003, 4889, 4890, 4884, 4354
564,  782, 1129, 1084, 1089, 4891, 4892, 4479, 4868
565, 1006, 1336, 1046, 1110, 4794, 3969, 4504, 4893
566,  759, 1128, 1064, 1126, 4894, 4895, 4442, 4896
567, 1007, 1106, 1035,  754, 3860, 4897, 4898, 3855
568,  754, 1035, 1076, 1008, 4898, 4899, 3853, 4801
569, 1009,  731, 1367, 1036, 4853, 4900, 3701, 4850
570, 1091,  805, 1130, 1085, 4821, 4901, 4902, 4521
571, 1131, 1092,  828, 1072, 4903, 4839, 4904, 4905
572, 1335, 1066, 1067, 1013, 4906, 3959, 4907, 4816
573,  749, 1053, 1090, 1014, 4908, 4408, 4909, 4860
574, 1015, 1332, 1368, 1073, 4857, 4910, 4911, 3757
575, 1334, 1049, 1087, 1017, 4456, 4912, 4913, 4792
576, 1060, 1072,  828, 1018, 4914, 4904, 4837, 4165
577, 1019,  840, 1041, 1081, 4843, 4181, 4179, 4157
578, 1026, 1331, 1032, 1020, 4915, 4606, 4183, 4847
579,  848, 1022, 1330, 1055, 4145, 4916, 4189, 4147
580, 1059, 1329,  843, 1346, 4917, 4918, 4919, 4920
581, 1233, 1025, 1229, 1348, 4356, 4921, 4922, 4923
582,  846, 1024, 1331, 1026, 4873, 4924, 4915, 4845
583,  823, 1052, 1079, 1027, 4072, 4925, 4575, 4833
584, 1107, 1033, 1079,  824, 4926, 4576, 4927, 4570
585, 1328, 1058,  850, 1322, 4928, 4083, 4879, 4609
586, 1048, 1103,  800, 1011, 4929, 4930, 4867, 4519
587, 1030,  194,  195, 1102, 4755, 4931, 4036, 4775
588, 1047, 1104,  776, 1005, 4932, 4933, 4814, 4480
589, 1041, 1032, 1077,  841, 4180, 4605, 4934, 4176
590,  818, 1044, 1033, 1107, 4060, 4015, 4926, 4935
591, 1074, 1034, 1078, 1351, 4184, 4936, 4937, 4938
592, 1078, 1373, 1119, 1351, 4939, 4940, 4941, 4937
593, 1076, 1035, 1111, 1118, 4899, 4426, 4942, 3850
594, 1051, 1075, 1036,  732, 3747, 4851, 3704, 4943
595,  834,  964, 1037, 1340, 4835, 4730, 4848, 4944
596,  956, 1038, 1337,  811, 4706, 4828, 4945, 4824
597, 1039,  788, 1335,  947, 4796, 4946, 4815, 4692
598, 1040,  764, 1333,  968, 4861, 4947, 4803, 4674
599, 1143, 1081, 1134, 1374, 4154, 4178, 4948, 4949
600, 1004,  817, 1044, 1109, 4827, 4016, 4063, 4950
601,  777, 1104, 1047, 1122, 4951, 4932, 3950, 4460
602, 1388, 1048, 1085, 1120, 4952, 4518, 4541, 3972
603, 1099, 1051,  732, 1114, 4353, 4943, 4363, 4953
604,  824, 1079, 1052, 1121, 4927, 4925, 4584, 4018
605, 1053,  749, 1071, 1118, 4908, 4811, 3851, 4954
606, 1329, 1059,  849, 1028, 4917, 4955, 4777, 4085
607, 1097, 1078, 1034, 1055, 4956, 4936, 4148, 4188
608, 1057,  844, 1164, 1344, 4033, 4957, 4958, 4959
609, 1346, 1101, 1330, 1059, 4960, 4190, 4961, 4920
610, 1329, 1058, 1344,  843, 4084, 4962, 4963, 4918
611, 1059, 1330, 1022,  849, 4961, 4916, 4874, 4955
612, 1397, 1161, 1072, 1060, 4172, 4964, 4914, 4965
613,  847, 1062, 1331, 1024, 4966, 4603, 4924, 4876
614, 1074, 1062,  847, 1323, 4967, 4966, 4766, 4185
615, 1339, 1004, 1109, 1357, 4058, 4950, 4549, 4968
616, 1115, 1106, 1128,  759, 4969, 3859, 4894, 4970
617, 1064,  758, 1010, 1375, 4971, 4804, 3807, 4443
618, 1370,  733, 1369, 1229, 4890, 4366, 4972, 4973
619, 1006, 1110, 1095,  788, 4893, 4974, 4975, 4797
620,  782, 1013, 1067, 1129, 3955, 4907, 4976, 4891
621, 1017, 1087, 1096,  764, 4913, 4977, 4978, 4862
622,  805, 1016, 1069, 1130, 4825, 4544, 4979, 4901
623, 1002,  725, 1070, 1075, 4880, 4863, 4852, 3746
624, 1092, 1131, 1088, 1012, 4903, 4980, 4074, 4841
625, 1014, 1090, 1098,  743, 4909, 4388, 4981, 4866
626, 1172,  750, 1111, 1142, 4414, 4982, 4425, 4983
627, 1077, 1062, 1074, 1351, 4604, 4967, 4938, 4984
628,  841, 1077, 1351, 1119, 4934, 4984, 4941, 4985
629,  737, 1061, 1124, 1080, 3759, 4888, 4374, 4870
630, 1372, 1093, 1108,  835, 4986, 4175, 4987, 4988
631,  758, 1064, 1128, 1082, 4971, 4895, 3858, 4787
632,  812, 1063, 1094, 1339, 4052, 4989, 4059, 4990
633, 1095,  789, 1408, 1066, 4991, 4992, 3960, 4993
634, 1132, 1391, 1371, 1103, 4994, 4995, 4996, 4997
635, 1046, 1083,  795, 1392, 3968, 4998, 4999, 4505
636, 1129, 1146, 1400, 1084, 5000, 4491, 3952, 4892
637, 1145, 1085, 1130,  806, 4542, 4902, 5001, 4525
638, 1133, 1031,  776, 1104, 4475, 4807, 4933, 5002
639,  765, 1068, 1096, 1087, 5003, 5004, 4977, 3814
640, 1098,  744, 1073, 1368, 5005, 4385, 4911, 5006
641, 1093, 1372,  834, 1340, 4986, 4163, 4944, 4849
642, 1094, 1063,  811, 1337, 4989, 4546, 4945, 4829
643,  788, 1095, 1066, 1335, 4975, 4993, 4906, 4946
644,  764, 1096, 1068, 1333, 4978, 5004, 3809, 4947
645, 1373, 1078, 1097,  842, 4939, 4956, 5007, 5008
646, 1101, 1117,  842, 1097, 5009, 5010, 5007, 4187
647, 1103, 1048, 1388, 1132, 4929, 4952, 3917, 4997
648, 1029,  800, 1103, 1371, 4817, 4930, 4996, 4517
649, 1104,  777, 1401, 1133, 4951, 3870, 5011, 5002
650,  731, 1080, 1105, 1367, 4886, 4373, 3702, 4900
651,  755, 1035, 1106, 1115, 4427, 4897, 4969, 5012
652, 1119, 1390, 1134,  841, 5013, 5014, 4177, 4985
653,  789, 1095, 1110, 1393, 4991, 4974, 4506, 4499
654, 1389, 1112, 1409,  771, 5015, 5016, 4454, 5017
655,  755, 1149, 1361, 1142, 5018, 3849, 5019, 4424
656,  818, 1113, 1150, 1381, 5020, 5021, 5022, 4061
657, 1185, 1396,  795, 1391, 5023, 5024, 5025, 5026
658, 1112, 1087, 1049, 1409, 3811, 4912, 4451, 5016
659, 1389,  771, 1401, 1376, 5017, 5027, 5028, 5029
660, 1381, 1150, 1135, 1380, 5022, 5030, 5031, 4547
661,  818, 1107, 1379, 1113, 4935, 4571, 5032, 5020
662, 1148, 1116, 1124,  738, 5033, 4375, 4887, 5034
663, 1099, 1114, 1159,  733, 4953, 4358, 4364, 4889
664,  759, 1410, 1394, 1115, 5035, 5036, 5037, 4970
665,  750, 1053, 1118, 1111, 4406, 4954, 4942, 4982
666, 1373,  842, 1390, 1119, 5008, 5038, 5013, 4940
667, 1139, 1145, 1169, 1207, 4543, 4524, 5039, 5040
668, 1137, 1144, 1168, 1208, 4587, 5041, 4583, 5042
669, 1140, 1146, 1170, 1227, 4492, 5043, 5044, 5045
670, 1366, 1156, 1123, 1137, 4050, 4567, 4020, 5046
671, 1176, 1152, 1408,  789, 5047, 3947, 4992, 5048
672, 1067, 1125,  783, 1129, 3958, 3949, 5049, 4976
673,  765, 1141, 1153, 1407, 3813, 5050, 4433, 5051
674, 1146, 1129,  783, 1170, 5000, 5049, 5052, 5043
675,  806, 1130, 1069, 1160, 5001, 4979, 4054, 4522
676, 1131, 1072,  829, 1403, 4905, 5053, 5054, 5055
677, 1403,  829, 1144, 1402, 5054, 5056, 4588, 5057
678, 1391,  795, 1083, 1371, 5025, 4998, 4515, 4995
679,  771, 1086, 1133, 1401, 4453, 4476, 5011, 5027
680, 1166, 1135, 1150, 1362, 5058, 5030, 5059, 4529
681, 1166, 1188, 1359, 1135, 5060, 5061, 5062, 5058
682, 1136, 1196, 1176,  789, 5063, 4266, 5048, 4498
683,  795, 1396, 1136, 1392, 5024, 5064, 4501, 4999
684, 1366, 1137, 1208,  825, 5046, 5042, 5065, 4051
685, 1138, 1173, 1141, 1112, 4464, 5066, 3812, 5067
686, 1157, 1139,  801, 1193, 3971, 5068, 5069, 5070
687, 1175, 1140, 1227,  778, 4459, 5045, 5071, 5072
688,  766, 1153, 1141, 1173, 5073, 5050, 5066, 4447
689, 1361, 1210, 1172, 1142, 5074, 5075, 4983, 5019
690, 1374, 1174, 1398, 1143, 4600, 5076, 5077, 4949
691,  835, 1108, 1143, 1191, 4987, 4155, 5078, 4170
692, 1168, 1144,  829, 1178, 5041, 5056, 5079, 4158
693, 1384, 1385,  739, 1184, 4360, 5080, 5081, 3737
694, 1114, 1116, 1148, 1385, 4362, 5033, 5082, 4359
695,  755, 1115, 1394, 1149, 5012, 5037, 4409, 5018
696, 1150, 1113,  819, 1362, 5021, 5083, 5084, 5059
697,  842, 1117, 1151, 1390, 5010, 4078, 5085, 5038
698,  790, 1194, 1152, 1176, 5086, 5087, 5047, 4265
699, 1163, 1153,  766, 1165, 4437, 5073, 3843, 5088
700, 1162, 1395, 1404,  760, 4411, 5089, 4290, 4412
701, 1167, 1189, 1154,  745, 5090, 3706, 5091, 4380
702, 1155, 1175,  778, 1197, 3872, 5072, 4484, 5092
703, 1155, 1197, 1376, 1401, 5092, 3818, 5028, 3869
704, 1156, 1200, 1183, 1352, 4049, 5093, 4237, 4568
705, 1113, 1379, 1352,  819, 5032, 4569, 4236, 5083
706, 1193, 1185, 1187, 1157, 5094, 5095, 3915, 5070
707,  837, 1211,  836, 1180, 5096, 5097, 4080, 4151
708, 1377, 1378,  813, 1254, 5098, 5099, 5100, 3976
709,  829, 1072, 1161, 1178, 5053, 4964, 5101, 5079
710, 1406, 1404, 1395, 1405, 5102, 5089, 5103, 5104
711, 1181, 1164,  844, 1215, 4215, 4957, 4595, 5105
712,  819, 1199, 1225, 1362, 4239, 3980, 4526, 5084
713, 1166,  813, 1378, 1188, 4528, 5099, 4560, 5060
714, 1354, 1189, 1167, 1342, 5106, 5090, 4379, 5107
715, 1179, 1169, 1160, 1383, 5108, 4523, 5109, 5110
716,  807, 1207, 1169, 1179, 3921, 5039, 5108, 5111
717, 1194, 1170,  783, 1152, 5112, 5052, 3948, 5087
718,  784, 1227, 1170, 1194, 3874, 5044, 5112, 5113
719, 1198, 1356, 1171,  751, 5114, 3761, 5115, 4417
720,  751, 1171, 1172, 1210, 5115, 4415, 5075, 3765
721, 1360, 1258, 1235, 1206, 5116, 5117, 5118, 4446
722, 1178, 1161, 1192, 1364, 5101, 5119, 4025, 4159
723,  745, 1154, 1177, 1355, 5091, 4395, 5120, 3709
724, 1218, 1177,  744, 1098, 5121, 4394, 5005, 4387
725, 1161, 1191, 1399, 1192, 4171, 5122, 4075, 5119
726, 1179, 1190, 1234,  807, 5123, 5124, 5125, 5111
727, 1209, 1181, 1215,  838, 4029, 5105, 4598, 5126
728, 1195, 1182, 1184,  740, 5127, 3738, 5128, 4324
729, 1213, 1183, 1200,  826, 5129, 5093, 5130, 4234
730,  820, 1199, 1183, 1213, 4550, 4238, 5129, 4233
731, 1184,  739, 1202,  740, 5081, 5131, 5132, 5128
732, 1196, 1136, 1396,  796, 5063, 5064, 5133, 3943
733, 1187, 1185, 1391, 1132, 5095, 5026, 4994, 3916
734, 1234, 1190, 1378, 1377, 5124, 4561, 5098, 3975
735,  812, 1359, 1188, 1382, 5134, 5061, 4559, 5135
736, 1189, 1354, 1148,  738, 5106, 5136, 5034, 3707
737, 1190, 1179, 1383, 1382, 5123, 5110, 5137, 4558
738, 1387, 1174,  836, 1211, 5138, 4602, 5097, 4593
739, 1220, 1193,  801, 1260, 4511, 5069, 5139, 5140
740, 1193,  796, 1396, 1185, 4510, 5133, 5023, 5094
741, 1194,  790, 1231,  784, 5086, 5141, 5142, 5113
742, 1195,  734, 1369, 1182, 4368, 5143, 4365, 5127
743, 1198, 1221, 1355, 1356, 5144, 3710, 5145, 5114
744, 1200,  825, 1212,  826, 4048, 5146, 5147, 5130
745, 1347, 1214, 1201,  761, 3770, 4392, 5148, 5149
746, 1361, 1186, 1204, 1210, 3848, 4390, 4430, 5074
747, 1205,  767, 1232,  760, 5150, 4292, 5151, 4289
748,  767, 1205, 1206, 1235, 5150, 3845, 5118, 3841
749, 1349, 1223,  807, 1234, 4562, 3922, 5125, 3974
750,  801, 1139, 1207, 1273, 5068, 5040, 3920, 5152
751, 1222, 1212,  825, 1208, 4579, 5146, 5065, 4582
752, 1209,  838, 1216,  837, 5126, 4043, 5153, 4153
753, 1249, 1243, 1345, 1211, 5154, 5155, 4594, 5156
754, 1249, 1211,  837, 1216, 5156, 5096, 5153, 4591
755, 1237,  826, 1270, 1283, 4235, 5157, 4242, 5158
756, 1239, 1251, 1347,  761, 5159, 3771, 5149, 4285
757,  756, 1204, 1214, 1253, 4428, 4393, 3769, 5160
758, 1250,  820,  821,  815, 4551, 3984, 4574, 5161
759, 1269, 1254,  813, 1225, 5162, 5100, 4527, 3979
760, 1240,  746, 1271,  747, 3731, 4402, 4333, 4381
761,  740, 1202, 1217, 1255, 5132, 4376, 4327, 4325
762,  779, 1282, 1219, 1245, 4467, 5163, 4486, 4494
763, 1219, 1282, 1258, 1353, 5163, 5164, 5165, 3816
764, 1260,  802, 1268, 1220, 5166, 3939, 4508, 5140
765,  746, 1203, 1221, 1261, 3734, 3711, 5167, 4400
766, 1222,  830, 1243,  831, 4581, 5168, 5169, 4580
767, 1281, 1273, 1223,  808, 5170, 3919, 4565, 4530
768, 1260,  801, 1273,  802, 5139, 5152, 5171, 5166
769, 1308, 1224, 1226,  741, 5172, 4369, 5173, 4371
770,  735, 1238, 1224, 1308, 5174, 5175, 5172, 4372
771, 1227, 1248, 1245,  778, 3873, 4495, 4485, 5071
772, 1280, 1228, 1244,  797, 5176, 3945, 4509, 4267
773, 1252, 1228, 1280,  791, 5177, 5176, 5178, 4483
774,  734, 1348, 1229, 1369, 5179, 4922, 4972, 5143
775, 1025, 1065, 1370, 1229, 3740, 4885, 4973, 4921
776,  728, 1233, 1325, 1230, 4357, 5180, 4322, 4782
777, 1233, 1348, 1238, 1325, 4923, 5181, 5182, 5180
778, 1252, 1231,  790, 1228, 4482, 5141, 4264, 5177
779,  734, 1224, 1238, 1348, 4367, 5175, 5181, 5179
780, 1264, 1247, 1349, 1254, 5183, 4563, 3977, 5184
781, 1238,  735, 1266, 1325, 5174, 4315, 4320, 5182
782, 1272, 1239, 1257,  768, 5185, 4288, 5186, 4283
783,  762, 1251, 1239, 1272, 5187, 5159, 5185, 3772
784,  845, 1302,  839, 1241, 4038, 4220, 5188, 4596
785, 1278, 1241,  839,  833, 4599, 5188, 4224, 4246
786, 1212, 1242, 1270,  826, 4578, 4240, 5157, 5147
787, 1345, 1243,  830, 1364, 5155, 5168, 4160, 4024
788, 1256,  784, 1231, 1262, 3875, 5142, 4481, 3880
789, 1248, 1256,  785, 1263, 3876, 3879, 4496, 4493
790,  831, 1243, 1249, 1265, 5169, 5154, 4590, 4046
791,  815, 1276,  814, 1250, 5189, 5190, 4552, 5161
792, 1251,  762, 1274, 1253, 5187, 4441, 5191, 3768
793, 1253, 1274, 1275,  756, 5191, 5192, 5193, 5160
794, 1264, 1254, 1269, 1338, 5184, 5162, 5194, 3924
795,  741, 1226, 1255, 1293, 5173, 4326, 4329, 4332
796, 1353, 1258, 1360,  772, 5165, 5116, 4466, 5195
797,  773, 1235, 1258, 1282, 3838, 5117, 5164, 4470
798,  774, 1277, 1259,  773, 4295, 5196, 3839, 4472
799,  768, 1257, 1259, 1277, 5186, 4293, 5196, 5197
800,  808, 1247, 1264, 1294, 4564, 5183, 5198, 4531
801, 1338, 1269,  814, 1276, 5194, 3978, 5190, 3925
802, 1285, 1288, 1271, 1343, 4432, 4334, 4401, 5199
803, 1275, 1307,  753,  752, 5200, 4418, 3730, 4421
804, 1307, 1275, 1274,  757, 5200, 5192, 4440, 4419
805, 1290, 1276,  815, 1312, 3926, 5189, 5201, 4557
806, 1294, 1264, 1290, 1327, 5198, 3923, 4556, 5202
807,  802, 1273, 1281, 1324, 5171, 5170, 4534, 3940
808, 1321, 1237, 1283, 1296, 3982, 5158, 4244, 4232
809, 1296,  832,  833, 1300, 4243, 4247, 4227, 4230
810, 1284, 1295, 1299,  774, 4468, 5203, 4296, 4471
811, 1286, 1294, 1327,  809, 4532, 5202, 4555, 5204
812, 1324,  803, 1309, 1289, 4536, 4274, 5205, 3941
813, 1287,  798, 1314, 1326, 5206, 5207, 3881, 4269
814, 1280, 1326, 1317,  791, 4270, 3884, 4462, 5178
815,  798, 1287, 1289, 1309, 5206, 4272, 5205, 4260
816, 1312,  815,  816, 1301, 5201, 4573, 3933, 4553
817,  787, 1313,  792,  793, 4503, 5208, 4262, 5209
818,  785, 1291, 1313,  786, 3878, 5210, 4502, 4497
819, 1295, 1292,  780, 1299, 3821, 4487, 3836, 5203
820, 1343, 1279, 1297, 1285, 4398, 3715, 4431, 5199
821,  803, 1286,  809, 1298, 4535, 5204, 3936, 4273
822,  210,  211, 1305, 1319, 5211, 4276, 3830, 3828
823, 1311, 1305,  781,  780, 3831, 4275, 3837, 4490
824,  822,  821, 1321,  827, 4572, 3983, 4231, 3988
825, 1277,  775,  769,  768, 4294, 4282, 4284, 5197
826, 1310,  753, 1315, 1316, 3727, 4420, 4297, 4336
827,  792, 1313, 1291, 1317, 5208, 5210, 4463, 3883
828,  798,  799, 1304, 1314, 4259, 4258, 4263, 5207
829, 1320, 1319,  787,  793, 3829, 3833, 5209, 3825
830, 1328, 1057, 1344, 1058, 4608, 4959, 4962, 4928
831, 1368, 1332,  743, 1098, 4910, 4865, 4981, 5006
832, 1341, 1236,  756, 1275, 3713, 4429, 5193, 4423
833, 1342, 1202,  739, 1354, 4377, 5131, 5212, 5107
834, 1350, 1261, 1221, 1198, 4396, 5167, 5144, 4416
835, 1376, 1353,  772, 1389, 3817, 5195, 5213, 5029
836, 1354,  739, 1385, 1148, 5212, 5080, 5082, 5136
837, 1356, 1355, 1177, 1218, 5145, 5120, 5121, 3762
838, 1339, 1357, 1359,  812, 4968, 5214, 5134, 4990
839, 1380, 1135, 1359, 1357, 5031, 5062, 5214, 4548
840, 1365, 1363, 1358, 1158, 5215, 4213, 4027, 5216
841, 1344, 1164, 1363,  843, 4958, 4214, 5217, 4963
842, 1363, 1365, 1346,  843, 5215, 5218, 4919, 5217
843, 1346, 1365, 1117, 1101, 5218, 5219, 5009, 4960
844, 1060, 1372,  835, 1397, 4164, 4988, 4169, 4965
845, 1374, 1134, 1390, 1151, 4948, 5014, 5085, 4601
846, 1407, 1375, 1068,  765, 4444, 3810, 5003, 5051
847,  761, 1201,  760, 1232, 5148, 4413, 5151, 4286
848, 1382, 1383, 1160,  812, 5137, 5109, 4053, 5135
849, 1398, 1174, 1387, 1386, 5076, 5138, 4592, 4077
850, 1365, 1158, 1180, 1117, 5216, 4152, 4079, 5219
851, 1389,  772, 1138, 1112, 5213, 4465, 5067, 5015
852, 1410, 1405, 1395, 1394, 5220, 5103, 4410, 5036
853, 1399, 1191, 1143, 1398, 5122, 5078, 5077, 4076
854, 1402, 1088, 1131, 1403, 4585, 4980, 5055, 5057
855, 1165, 1404, 1406, 1163, 4291, 5102, 4438, 5088
856, 1126, 1411, 1410,  759, 4435, 5221, 5035, 4896
857, 1406, 1405, 1410, 1411, 5104, 5220, 5221, 4439
858,  184,  183, 1438, 1421, 4658, 5222, 5223, 5224
859, 1426, 1436,  252,  253, 5225, 5226, 5227, 5228
860, 1451, 1431, 1430, 1469, 5229, 5230, 5231, 5232
861, 1432,  254,  255, 1433, 5233, 5234, 5235, 5236
862,  238, 1416, 1415,  237, 5237, 5238, 5239, 5240
863, 1425, 1439,  244,  245, 5241, 5242, 5243, 5244
864, 1519,  241,   27,  242, 5245, 5246, 5247, 5248
865,  257,   28,  258, 1418, 5249, 5250, 5251, 5252
866, 1461, 1477, 1505, 1434, 5253, 5254, 5255, 5256
867,  191,  190, 1423, 1434, 4654, 5257, 5258, 5259
868, 1414,  262,  263, 1520, 5260, 5261, 5262, 5263
869, 1477, 1461, 1506, 1449, 5253, 5264, 5265, 5266
870,  255,  256, 1467, 1433, 5267, 5268, 5269, 5235
871, 1488, 1516, 1521, 1492, 5270, 5271, 5272, 5273
872, 1474, 1432, 1433, 1468, 5274, 5236, 5275, 5276
873,  251,  252, 1436, 1441, 5277, 5226, 5278, 5279
874,  186,  185, 1428, 1437, 4655, 5280, 5281, 5282
875, 1422, 1452, 1463, 1424, 5283, 5284, 5285, 5286
876, 1430, 1431,  182,  181, 5230, 5287, 4659, 5288
877, 1444, 1445, 1476, 1454, 5289, 5290, 5291, 5292
878, 1419, 1412, 1478, 1447, 5293, 5294, 5295, 5296
879,  242,  243, 1504, 1519, 5297, 5298, 5299, 5248
880,   25,  193, 1520,  263, 4095, 5300, 5262, 5301
881,  262, 1414, 1413,  261, 5260, 5302, 5303, 5304
882,  261, 1413, 1417,  260, 5303, 5305, 5306, 5307
883,  260, 1417, 1420,  259, 5306, 5308, 5309, 5310
884, 1418,  258,  259, 1420, 5251, 5311, 5309, 5312
885, 1432, 1426,  253,  254, 5313, 5228, 5314, 5233
886, 1482, 1480, 1448, 1449, 5315, 5316, 5317, 5318
887, 1437, 1456, 1465, 1440, 5319, 5320, 5321, 5322
888, 1475, 1441, 1436, 1455, 5323, 5278, 5324, 5325
889, 1421, 1428,  185,  184, 5326, 5280, 4141, 5224
890,  248,  249, 1424, 1442, 5327, 5328, 5329, 5330
891,  247,  248, 1442, 1443, 5331, 5330, 5332, 5333
892, 1429, 1425,  245,  246, 5334, 5244, 5335, 5336
893, 1518, 1512, 1499, 1481, 5337, 5338, 5339, 5340
894, 1444, 1430,  181,  180, 5341, 5288, 4200, 5342
895, 1453, 1478, 1504, 1439, 5343, 5344, 5345, 5346
896,  179, 1445, 1444,  180, 5347, 5289, 5342, 4772
897, 1446,  236,  237, 1415, 5348, 5349, 5239, 5350
898,  178, 1446, 1445,  179, 5351, 5352, 5347, 4202
899,  178,   24,  236, 1446, 4652, 5353, 5348, 5351
900,  239, 1419, 1416,  238, 5354, 5355, 5237, 5356
901, 1412,  240,  241, 1519, 5357, 5358, 5245, 5359
902,  193,  192, 1505, 1520, 4754, 5360, 5361, 5300
903, 1419,  239,  240, 1412, 5354, 5362, 5357, 5293
904, 1420, 1417, 1448, 1479, 5308, 5363, 5364, 5365
905,  257, 1418, 1467,  256, 5252, 5366, 5268, 5367
906, 1425, 1466, 1453, 1439, 5368, 5369, 5346, 5241
907, 1468, 1433, 1467, 1479, 5275, 5269, 5370, 5371
908, 1422, 1424,  249,  250, 5286, 5328, 5372, 5373
909,  250,  251, 1441, 1422, 5374, 5279, 5375, 5373
910,  189,  188, 1427, 1435, 4216, 5376, 5377, 5378
911, 1449, 1448, 1417, 1413, 5317, 5363, 5305, 5379
912,  190,  189, 1435, 1423, 4757, 5378, 5380, 5257
913,  183,  182, 1431, 1438, 4132, 5287, 5381, 5222
914, 1454, 1469, 1430, 1444, 5382, 5231, 5341, 5292
915,  187,  186, 1437, 1440, 4208, 5282, 5322, 5383
916, 1427, 1458, 1470, 1435, 5384, 5385, 5386, 5377
917,  188,  187, 1440, 1427, 4211, 5383, 5387, 5376
918, 1486, 1471, 1457, 1483, 5388, 5389, 5390, 5391
919,  246,  247, 1443, 1429, 5392, 5333, 5393, 5336
920, 1431, 1451, 1472, 1438, 5229, 5394, 5395, 5381
921, 1481, 1447, 1507, 1518, 5396, 5397, 5398, 5340
922, 1485, 1512, 1495, 1511, 5399, 5400, 5401, 5402
923, 1502, 1498, 1462, 1474, 5403, 5404, 5405, 5406
924,  192,  191, 1434, 1505, 4090, 5259, 5255, 5360
925, 1455, 1436, 1426, 1462, 5324, 5225, 5407, 5408
926, 1421, 1457, 1471, 1428, 5409, 5389, 5410, 5326
927,  243,  244, 1439, 1504, 5411, 5242, 5345, 5298
928, 1440, 1465, 1458, 1427, 5321, 5412, 5384, 5387
929, 1442, 1459, 1473, 1443, 5413, 5414, 5415, 5332
930, 1447, 1450, 1416, 1419, 5416, 5417, 5355, 5296
931, 1415, 1476, 1445, 1446, 5418, 5290, 5352, 5350
932, 1450, 1476, 1415, 1416, 5419, 5418, 5238, 5417
933, 1460, 1466, 1425, 1429, 5420, 5368, 5334, 5421
934, 1413, 1414, 1477, 1449, 5302, 5422, 5266, 5379
935, 1423, 1464, 1461, 1434, 5423, 5424, 5256, 5258
936, 1473, 1495, 1494, 1460, 5425, 5426, 5427, 5428
937, 1510, 1509, 1484, 1489, 5429, 5430, 5431, 5432
938, 1452, 1422, 1441, 1475, 5283, 5375, 5323, 5433
939, 1478, 1453, 1507, 1447, 5343, 5434, 5397, 5295
940, 1503, 1508, 1481, 1499, 5435, 5436, 5339, 5437
941, 1462, 1426, 1432, 1474, 5407, 5313, 5274, 5405
942, 1468, 1480, 1502, 1474, 5438, 5439, 5406, 5276
943, 1456, 1437, 1428, 1471, 5319, 5281, 5410, 5440
944, 1424, 1463, 1459, 1442, 5285, 5441, 5413, 5329
945, 1457, 1421, 1438, 1472, 5409, 5223, 5395, 5442
946, 1460, 1429, 1443, 1473, 5421, 5393, 5415, 5428
947, 1423, 1435, 1470, 1464, 5380, 5386, 5443, 5423
948, 1491, 1484, 1509, 1514, 5444, 5430, 5445, 5446
949, 1484, 1491, 1463, 1452, 5444, 5447, 5284, 5448
950, 1486, 1487, 1456, 1471, 5449, 5450, 5440, 5388
951, 1487, 1488, 1465, 1456, 5451, 5452, 5320, 5450
952, 1420, 1479, 1467, 1418, 5365, 5370, 5366, 5312
953, 1480, 1468, 1479, 1448, 5438, 5371, 5364, 5316
954, 1503, 1499, 1451, 1469, 5437, 5453, 5232, 5454
955, 1488, 1492, 1458, 1465, 5273, 5455, 5412, 5452
956, 1497, 1470, 1458, 1492, 5456, 5385, 5455, 5457
957, 1485, 1457, 1472, 1451, 5458, 5442, 5394, 5459
958, 1496, 1495, 1473, 1459, 5460, 5425, 5414, 5461
959, 1515, 1517, 1498, 1482, 5462, 5463, 5464, 5465
960, 1509, 1510, 1487, 1486, 5429, 5466, 5449, 5467
961, 1481, 1508, 1450, 1447, 5436, 5468, 5416, 5396
962, 1505, 1477, 1414, 1520, 5254, 5422, 5263, 5361
963, 1504, 1478, 1412, 1519, 5344, 5294, 5359, 5299
964, 1497, 1492, 1517, 1500, 5457, 5469, 5470, 5471
965, 1501, 1466, 1460, 1494, 5472, 5420, 5427, 5473
966, 1482, 1449, 1506, 1515, 5318, 5265, 5474, 5465
967, 1497, 1500, 1464, 1470, 5471, 5475, 5443, 5456
968, 1452, 1475, 1489, 1484, 5433, 5476, 5431, 5448
969, 1514, 1509, 1486, 1483, 5445, 5467, 5391, 5477
970, 1491, 1496, 1459, 1463, 5478, 5461, 5441, 5447
971, 1490, 1489, 1475, 1455, 5479, 5476, 5325, 5480
972, 1517, 1492, 1521, 1493, 5469, 5272, 5481, 5482
973, 1455, 1462, 1493, 1490, 5408, 5483, 5484, 5480
974, 1516, 1510, 1489, 1490, 5485, 5432, 5479, 5486
975, 1511, 1483, 1457, 1485, 5487, 5390, 5458, 5402
976, 1512, 1501, 1494, 1495, 5488, 5473, 5426, 5400
977, 1513, 1496, 1491, 1514, 5489, 5478, 5446, 5490
978, 1496, 1513, 1511, 1495, 5489, 5491, 5401, 5460
979, 1500, 1517, 1515, 1506, 5470, 5462, 5474, 5492
980, 1493, 1462, 1498, 1517, 5483, 5404, 5463, 5482
981, 1485, 1451, 1499, 1512, 5459, 5453, 5338, 5399
982, 1503, 1469, 1454, 1508, 5454, 5382, 5493, 5435
983, 1464, 1500, 1506, 1461, 5475, 5492, 5264, 5424
984, 1518, 1507, 1501, 1512, 5398, 5494, 5488, 5337
985, 1466, 1501, 1507, 1453, 5472, 5494, 5434, 5369
986, 1502, 1480, 1482, 1498, 5439, 5315, 5464, 5403
987, 1508, 1454, 1476, 1450, 5493, 5291, 5419, 5468
988, 1488, 1487, 1510, 1516, 5451, 5466, 5485, 5270
989, 1513, 1514, 1483, 1511, 5490, 5477, 5487, 5491
990, 1490, 1493, 1521, 1516, 5484, 5481, 5271, 5486
 991,  391, 1653, 1531,  390, 5495, 5496, 5497, 5498
 992,  387, 1547, 1538,  386, 5499, 5500, 5501, 5502
 993, 1611, 1536,  382,  383, 5503, 5504, 5505, 5506
 994,  380,  381, 1643, 1535, 5507, 5508, 5509, 5510
 995,  378,  379, 1615, 1546, 5511, 5512, 5513, 5514
 996,  376,  377, 1619, 1573, 5515, 5516, 5517, 5518
 997,  374,  375, 1629, 1572, 5519, 5520, 5521, 5522
 998,  372, 1571, 1565,  371, 5523, 5524, 5525, 5526
 999,  370, 1570, 1564,  369, 5527, 5528, 5529, 5530
1000,  368, 1569, 1563,  367, 5531, 5532, 5533, 5534
1001,  366, 1568, 1562,  365, 5535, 5536, 5537, 5538
1002,  365, 1562, 1656,  364, 5537, 5539, 5540, 5541
1003, 1620, 1560,  361,  362, 5542, 5543, 5544, 5545
1004,  359,  360, 1623, 1554, 5546, 5547, 5548, 5549
1005,  357,  358, 1622, 1567, 5550, 5551, 5552, 5553
1006, 1566,  355,  356, 1621, 5554, 5555, 5556, 5557
1007,  353,  354, 1545, 1627, 5558, 5559, 5560, 5561
1008,  351,  352, 1544, 1626, 5562, 5563, 5564, 5565
1009,  349,  350, 1543, 1559, 5566, 5567, 5568, 5569
1010,  347,  348, 1542, 1558, 5570, 5571, 5572, 5573
1011,  345,  346, 1541, 1557, 5574, 5575, 5576, 5577
1012,  343,  344, 1540, 1556, 5578, 5579, 5580, 5581
1013, 1616, 1555,  341,  342, 5582, 5583, 5584, 5585
1014, 1617, 1549,  339,  340, 5586, 5587, 5588, 5589
1015,  337, 1548, 1614,  336, 5590, 5591, 5592, 5593
1016,  335, 1552, 1613,  334, 5594, 5595, 5596, 5597
1017,  333, 1551, 1625,  332, 5598, 5599, 5600, 5601
1018,  331, 1550, 1624,  330, 5602, 5603, 5604, 5605
1019, 1553, 1534,  328,  329, 5606, 5607, 5608, 5609
1020, 1532, 1654, 1533, 1603, 5610, 5611, 5612, 5613
1021,    7,  328, 1534, 1533, 5614, 5607, 5615, 5616
1022,  390, 1531,  389,   30, 5497, 5617, 5618, 5619
1023,  266, 1574, 1602,  265, 5620, 5621, 5622, 5623
1024,  268, 1575, 1601,  267, 5624, 5625, 5626, 5627
1025,  269,  270, 1576, 1600, 5628, 5629, 5630, 5631
1026,  271,  272, 1646, 1599, 5632, 5633, 5634, 5635
1027,  273,  274, 1647, 1598, 5636, 5637, 5638, 5639
1028,  275,  276, 1648, 1597, 5640, 5641, 5642, 5643
1029,  277,  278, 1649, 1596, 5644, 5645, 5646, 5647
1030,  279,  280, 1650, 1595, 5648, 5649, 5650, 5651
1031,  281,  282, 1651, 1594, 5652, 5653, 5654, 5655
1032,  283,  284, 1652, 1593, 5656, 5657, 5658, 5659
1033, 1568, 1563, 1645, 1591, 5660, 5661, 5662, 5663
1034, 1562, 1644, 1523, 1656, 5664, 5665, 5666, 5539
1035, 1631, 1669, 1668, 1590, 5667, 5668, 5669, 5670
1036, 1630, 1525, 1661, 1589, 5671, 5672, 5673, 5674
1037, 1641, 1526, 1662, 1588, 5675, 5676, 5677, 5678
1038, 1587, 1640, 1527, 1663, 5679, 5680, 5681, 5682
1039, 1665, 1658, 1577, 1632, 5683, 5684, 5685, 5686
1040, 1528, 1529, 1545, 1612, 5687, 5688, 5689, 5690
1041, 1626, 1579, 1634, 1543, 5691, 5692, 5693, 5694
1042, 1559, 1580, 1635, 1542, 5695, 5696, 5697, 5698
1043, 1558, 1581, 1636, 1541, 5699, 5700, 5701, 5702
1044, 1530, 1557, 1582, 1637, 5703, 5704, 5705, 5706
1045,  309, 1638, 1583,  308, 5707, 5708, 5709, 5710
1046, 1555, 1584, 1639, 1617, 5711, 5712, 5713, 5714
1047, 1549, 1585, 1657, 1618, 5715, 5716, 5717, 5718
1048, 1548, 1586, 1655, 1614, 5719, 5720, 5721, 5591
1049, 1552, 1604, 1642, 1613, 5722, 5723, 5724, 5595
1050, 1550, 1606, 1608, 1624, 5725, 5726, 5727, 5603
1051, 1610, 1553, 1624, 1608, 5728, 5729, 5727, 5730
1052,  324,  325, 1532, 1603, 5731, 5732, 5613, 5733
1053,  326, 1532,  325,   27, 5734, 5732, 5735, 5736
1054,  330, 1624, 1553,  329, 5604, 5729, 5609, 5737
1055,  331,  332, 1625, 1550, 5738, 5600, 5739, 5602
1056,  333,  334, 1613, 1551, 5740, 5596, 5741, 5598
1057,  335,  336, 1614, 1552, 5742, 5592, 5743, 5594
1058,  339, 1549, 1618,  338, 5587, 5718, 5744, 5745
1059,  341, 1555, 1617,  340, 5583, 5714, 5589, 5746
1060,  342,  343, 1556, 1616, 5747, 5581, 5748, 5585
1061,  345, 1557, 1540,  344, 5577, 5749, 5579, 5750
1062,  347, 1558, 1541,  346, 5573, 5702, 5575, 5751
1063,  349, 1559, 1542,  348, 5569, 5698, 5571, 5752
1064,  350,  351, 1626, 1543, 5753, 5565, 5694, 5567
1065,  352,  353, 1627, 1544, 5754, 5561, 5755, 5563
1066,  354,  355, 1612, 1545, 5756, 5757, 5689, 5559
1067, 1621,  356,  357, 1567, 5556, 5758, 5553, 5759
1068, 1622,  358,  359, 1554, 5551, 5760, 5549, 5761
1069,  363,  364, 1656, 1561, 5762, 5540, 5763, 5764
1070, 1628,  373,  374, 1572, 5765, 5766, 5522, 5767
1071, 1629,  375,  376, 1573, 5520, 5768, 5518, 5769
1072, 1619,  377,  378, 1546, 5516, 5770, 5514, 5771
1073, 1615,  379,  380, 1535, 5512, 5772, 5510, 5773
1074, 1537,  384,  385, 1522, 5774, 5775, 5776, 5777
1075, 1539,  388,  389, 1531, 5778, 5779, 5617, 5780
1076, 1574, 1601, 1538, 1547, 5781, 5782, 5500, 5783
1077, 1575, 1600, 1537, 1522, 5784, 5785, 5777, 5786
1078, 1599, 1536, 1611, 1576, 5787, 5503, 5788, 5789
1079, 1643, 1646, 1598, 1535, 5790, 5791, 5792, 5509
1080, 1615, 1647, 1597, 1546, 5793, 5794, 5795, 5513
1081, 1619, 1648, 1596, 1573, 5796, 5797, 5798, 5517
1082, 1629, 1649, 1595, 1572, 5799, 5800, 5801, 5521
1083,  285, 1592, 1652,  284, 5802, 5803, 5657, 5804
1084, 1562, 1568, 1591, 1644, 5536, 5663, 5805, 5664
1085, 1590, 1668, 1523, 1644, 5669, 5806, 5665, 5807
1086, 1589, 1661, 1524, 1671, 5673, 5808, 5809, 5810
1087, 1527, 1621, 1567, 1663, 5811, 5759, 5812, 5681
1088, 1527, 1640, 1566, 1621, 5680, 5813, 5557, 5811
1089,  298,  299, 1578, 1632, 5814, 5815, 5816, 5817
1090, 1579,  300,  301, 1634, 5818, 5819, 5820, 5692
1091, 1580,  302,  303, 1635, 5821, 5822, 5823, 5696
1092, 1581,  304,  305, 1636, 5824, 5825, 5826, 5700
1093, 1582,  306,  307, 1637, 5827, 5828, 5829, 5705
1094, 1584,  310,  311, 1639, 5830, 5831, 5832, 5712
1095, 1585,  312,  313, 1657, 5833, 5834, 5835, 5716
1096, 1586,  314,  315, 1655, 5836, 5837, 5838, 5720
1097, 1604,  316,  317, 1642, 5839, 5840, 5841, 5723
1098, 1605,  318,  319, 1609, 5842, 5843, 5844, 5845
1099, 1606,  320,  321, 1608, 5846, 5847, 5848, 5726
1100, 1610,  322,  323, 1607, 5849, 5850, 5851, 5852
1101,  324, 1603, 1607,  323, 5733, 5853, 5851, 5854
1102,  322, 1610, 1608,  321, 5849, 5730, 5848, 5855
1103,  320, 1606, 1609,  319, 5846, 5856, 5844, 5857
1104,  318, 1605, 1642,  317, 5842, 5858, 5841, 5859
1105, 1655,  315,  316, 1604, 5838, 5860, 5839, 5861
1106, 1657,  313,  314, 1586, 5835, 5862, 5836, 5863
1107, 1639,  311,  312, 1585, 5832, 5864, 5833, 5865
1108,  309,  310, 1584, 1638, 5866, 5830, 5867, 5707
1109, 1637,  307,  308, 1583, 5829, 5868, 5709, 5869
1110, 1636,  305,  306, 1582, 5826, 5870, 5827, 5871
1111, 1635,  303,  304, 1581, 5823, 5872, 5824, 5873
1112, 1634,  301,  302, 1580, 5820, 5874, 5821, 5875
1113,  299,  300, 1633, 1578, 5876, 5877, 5878, 5815
1114,  297,  298, 1632, 1577, 5879, 5817, 5685, 5880
1115, 1662, 1526, 1622, 1554, 5676, 5881, 5761, 5882
1116, 1630, 1589,  291,  292, 5674, 5883, 5884, 5885
1117, 1631, 1590,  289,  290, 5670, 5886, 5887, 5888
1118, 1644, 1591,  287,  288, 5805, 5889, 5890, 5891
1119, 1645, 1592,  285,  286, 5892, 5802, 5893, 5894
1120, 1532,  326,  327, 1654, 5734, 5895, 5896, 5610
1121,    6,   63, 1654,  327, 3455, 5897, 5896, 5898
1122,  337,  338, 1618, 1548, 5899, 5744, 5900, 5590
1123, 1623,  360,  361, 1560, 5547, 5901, 5543, 5902
1124, 1620,  362,  363, 1561, 5545, 5903, 5764, 5904
1125,  367, 1563, 1568,  366, 5533, 5660, 5535, 5905
1126, 1564, 1569,  368,  369, 5906, 5531, 5907, 5529
1127,  371, 1565, 1570,  370, 5525, 5908, 5527, 5909
1128,  373, 1628, 1571,  372, 5765, 5910, 5523, 5911
1129, 1615, 1535, 1598, 1647, 5773, 5792, 5638, 5793
1130, 1643,  381,  382, 1536, 5508, 5912, 5504, 5913
1131, 1611,  383,  384, 1537, 5506, 5914, 5774, 5915
1132, 1522,  385,  386, 1538, 5776, 5916, 5501, 5917
1133,  388, 1539, 1547,  387, 5778, 5918, 5499, 5919
1134, 1653, 1602, 1539, 1531, 5920, 5921, 5780, 5496
1135,   29,  264, 1653,  391, 5922, 5923, 5495, 5924
1136,   63,    7, 1533, 1654, 3469, 5616, 5611, 5897
1137, 1607, 1534, 1553, 1610, 5925, 5606, 5728, 5852
1138, 1643, 1536, 1599, 1646, 5913, 5787, 5634, 5790
1139, 1611, 1537, 1600, 1576, 5915, 5785, 5630, 5788
1140, 1664, 1670, 1667, 1583, 5926, 5927, 5928, 5929
1141, 1557, 1541, 1636, 1582, 5576, 5701, 5871, 5704
1142, 1558, 1542, 1635, 1581, 5572, 5697, 5873, 5699
1143, 1544, 1659, 1579, 1626, 5930, 5931, 5691, 5564
1144, 1529, 1528, 1578, 1633, 5687, 5932, 5878, 5933
1145, 1627, 1545, 1529, 1666, 5560, 5688, 5934, 5935
1146, 1619, 1546, 1597, 1648, 5771, 5795, 5642, 5796
1147, 1547, 1539, 1602, 1574, 5918, 5921, 5621, 5783
1148, 1548, 1618, 1657, 1586, 5900, 5717, 5863, 5719
1149, 1549, 1617, 1639, 1585, 5586, 5713, 5865, 5715
1150, 1550, 1625, 1609, 1606, 5739, 5936, 5856, 5725
1151, 1609, 1625, 1551, 1605, 5936, 5599, 5937, 5845
1152, 1525, 1630, 1588, 1662, 5671, 5938, 5677, 5939
1153, 1664, 1616, 1556, 1670, 5940, 5748, 5941, 5926
1154, 1540, 1557, 1530, 1667, 5749, 5703, 5942, 5943
1155, 1631, 1589, 1671, 1669, 5944, 5810, 5945, 5667
1156, 1525, 1623, 1560, 1661, 5946, 5902, 5947, 5672
1157, 1620, 1561, 1660, 1524, 5904, 5948, 5949, 5950
1158, 1563, 1569, 1592, 1645, 5532, 5951, 5892, 5661
1159, 1564, 1570, 1593, 1652, 5528, 5952, 5658, 5953
1160, 1565, 1571, 1594, 1651, 5524, 5954, 5654, 5955
1161, 1570, 1565, 1651, 1593, 5908, 5955, 5956, 5952
1162, 1566, 1640, 1577, 1658, 5813, 5957, 5684, 5958
1163, 1566, 1658, 1612,  355, 5958, 5959, 5757, 5554
1164, 1641, 1587, 1663, 1526, 5960, 5682, 5961, 5675
1165, 1592, 1569, 1564, 1652, 5951, 5906, 5953, 5803
1166, 1650, 1594, 1571, 1628, 5962, 5954, 5910, 5963
1167, 1628, 1572, 1595, 1650, 5767, 5801, 5650, 5963
1168, 1629, 1573, 1596, 1649, 5769, 5798, 5646, 5799
1169, 1574,  266,  267, 1601, 5620, 5964, 5626, 5781
1170, 1601, 1575, 1522, 1538, 5625, 5786, 5917, 5782
1171, 1575,  268,  269, 1600, 5624, 5965, 5631, 5784
1172, 1576,  270,  271, 1599, 5629, 5966, 5635, 5789
1173,  296,  297, 1577, 1640, 5967, 5880, 5957, 5968
1174, 1632, 1578, 1528, 1665, 5816, 5932, 5969, 5686
1175, 1579, 1659, 1633,  300, 5931, 5970, 5877, 5818
1176, 1580, 1559, 1543, 1634, 5695, 5568, 5693, 5875
1177, 1583, 1667, 1530, 1637, 5928, 5942, 5706, 5869
1178, 1664, 1583, 1638, 1584, 5929, 5708, 5867, 5971
1179,  294,  295, 1587, 1641, 5972, 5973, 5960, 5974
1180, 1640, 1587,  295,  296, 5679, 5973, 5975, 5968
1181,  292,  293, 1588, 1630, 5976, 5977, 5938, 5885
1182, 1641, 1588,  293,  294, 5678, 5977, 5978, 5974
1183,  290,  291, 1589, 1631, 5979, 5883, 5944, 5888
1184,  288,  289, 1590, 1644, 5980, 5886, 5807, 5891
1185, 1660, 1523, 1668, 1669, 5981, 5806, 5668, 5982
1186,  286,  287, 1591, 1645, 5983, 5889, 5662, 5894
1187,  282,  283, 1593, 1651, 5984, 5659, 5956, 5653
1188,  280,  281, 1594, 1650, 5985, 5655, 5962, 5649
1189,  278,  279, 1595, 1649, 5986, 5651, 5800, 5645
1190,  276,  277, 1596, 1648, 5987, 5647, 5797, 5641
1191,  274,  275, 1597, 1647, 5988, 5643, 5794, 5637
1192,  273, 1598, 1646,  272, 5639, 5791, 5633, 5989
1193,  265, 1602, 1653,  264, 5622, 5920, 5923, 5990
1194, 1603, 1533, 1534, 1607, 5612, 5615, 5925, 5853
1195, 1655, 1604, 1552, 1614, 5861, 5722, 5743, 5721
1196, 1642, 1605, 1551, 1613, 5858, 5937, 5741, 5724
1197, 1584, 1555, 1616, 1664, 5711, 5582, 5940, 5971
1198, 1561, 1656, 1523, 1660, 5763, 5666, 5981, 5948
1199, 1560, 1620, 1524, 1661, 5542, 5950, 5808, 5947
1200, 1622, 1526, 1663, 1567, 5881, 5961, 5812, 5552
1201, 1554, 1623, 1525, 1662, 5548, 5946, 5939, 5882
1202, 1612, 1658, 1665, 1528, 5959, 5683, 5969, 5690
1203, 1666, 1659, 1544, 1627, 5991, 5930, 5755, 5935
1204, 1633, 1659, 1666, 1529, 5970, 5991, 5934, 5933
1205, 1670, 1556, 1540, 1667, 5941, 5580, 5943, 5927
1206, 1524, 1660, 1669, 1671, 5949, 5982, 5945, 5809
1207,  218, 1699, 1698,  219, 5992, 5993, 5994, 4298
1208, 1725,  207,  206, 1706, 5995, 4257, 5996, 5997
1209,  400,   31,  401, 1713, 5998, 5999, 6000, 6001
1210, 1713,  401,  402, 1712, 6000, 6002, 6003, 6004
1211, 1712, 1711, 1749, 1807, 6005, 6006, 6007, 6008
1212, 1868, 1860, 1731, 1801, 6009, 6010, 6011, 6012
1213, 1762, 1750, 1710, 1730, 6013, 6014, 6015, 6016
1214, 1683,  199,  198, 1684, 6017, 4225, 6018, 6019
1215, 1681,  201,  200, 1677, 6020, 3987, 6021, 6022
1216,  203, 1680, 1679,  204, 6023, 6024, 6025, 4251
1217, 1705,  413,  414, 1724, 6026, 6027, 6028, 6029
1218,   32,  432, 1998,  431, 6030, 6031, 6032, 6033
1219,  431, 1998, 1672,  430, 6032, 6034, 6035, 6036
1220, 1736, 1737,  434,  435, 6037, 6038, 6039, 6040
1221, 1689,  429,  430, 1672, 6041, 6042, 6035, 6043
1222, 1690,  428,  429, 1689, 6044, 6045, 6041, 6046
1223, 1692,  221,  220, 1696, 6047, 4303, 6048, 6049
1224,  221, 1692, 1693,  222, 6047, 6050, 6051, 4306
1225,  222, 1693, 1694,  223, 6051, 6052, 6053, 4310
1226, 1694, 1796, 1733, 1741, 6054, 6055, 6056, 6057
1227, 1768, 1847, 1848, 1757, 6058, 6059, 6060, 6061
1228,  428, 1690, 1691,  427, 6044, 6062, 6063, 6064
1229, 1690, 1795, 1751, 1691, 6065, 6066, 6067, 6062
1230,  424, 1674, 1673,  423, 6068, 6069, 6070, 6071
1231,  219, 1698, 1696,  220, 5994, 6072, 6048, 4300
1232, 1697,  425,  426, 1695, 6073, 6074, 6075, 6076
1233, 1769, 1767, 1851, 1844, 6077, 6078, 6079, 6080
1234,  423, 1673, 1700,  422, 6070, 6081, 6082, 6083
1235,  212, 1702, 1718,  213, 6084, 6085, 6086, 4279
1236,  209, 1704, 1722,  210, 6087, 6088, 6089, 3827
1237, 1719, 1675, 1781, 1753, 6090, 6091, 6092, 6093
1238,  208, 1687, 1704,  209, 6094, 6095, 6087, 3823
1239, 1724, 1723, 1754, 1787, 6096, 6097, 6098, 6099
1240,  205, 1727, 1706,  206, 6100, 6101, 5996, 4254
1241, 1678, 1681, 1745, 1755, 6102, 6103, 6104, 6105
1242,  201, 1681, 1678,  202, 6020, 6102, 6106, 3928
1243,  408, 1708, 1729,  407, 6107, 6108, 6109, 6110
1244,  405, 1730, 1710,  404, 6111, 6015, 6112, 6113
1245,  404, 1710, 1711,  403, 6112, 6114, 6115, 6116
1246,  403, 1711, 1712,  402, 6115, 6005, 6003, 6117
1247,  440,   26,  224, 1741, 6118, 3693, 6119, 6120
1248,  440, 1741, 1733,  439, 6120, 6056, 6121, 6122
1249, 1741,  224,  223, 1694, 6119, 4313, 6053, 6057
1250, 1693, 1692, 1756, 1766, 6050, 6123, 6124, 6125
1251, 1796, 1805, 1734, 1733, 6126, 6127, 6128, 6055
1252, 1757, 1756, 1692, 1696, 6129, 6123, 6049, 6130
1253, 1803, 1798, 1736, 1735, 6131, 6132, 6133, 6134
1254, 1735, 1736,  435,  436, 6133, 6040, 6135, 6136
1255,  432,  433, 1924, 1998, 6137, 6138, 6139, 6031
1256,  216, 1715, 1714,  217, 6140, 6141, 6142, 3722
1257, 1758, 1743, 1676, 1716, 6143, 6144, 6145, 6146
1258,  420, 1676, 1675,  419, 6147, 6148, 6149, 6150
1259, 1820, 1821, 1780, 1779, 6151, 6152, 6153, 6154
1260,  213, 1718, 1717,  214, 6086, 6155, 6156, 4281
1261,  419, 1675, 1719,  418, 6149, 6090, 6157, 6158
1262,  210, 1722, 1721,  211, 6089, 6159, 6160, 5211
1263, 1706, 1727, 1773, 1772, 6101, 6161, 6162, 6163
1264,  416, 1703, 1723,  415, 6164, 6165, 6166, 6167
1265, 1819, 1816, 1761, 1788, 6168, 6169, 6170, 6171
1266,  204, 1679, 1727,  205, 6025, 6172, 6100, 4252
1267,  411, 1688, 1707,  410, 6173, 6174, 6175, 6176
1268,  202, 1678, 1680,  203, 6106, 6177, 6023, 3931
1269,  409, 1728, 1708,  408, 6178, 6179, 6107, 6180
1270,  407, 1729, 1709,  406, 6109, 6181, 6182, 6183
1271, 1684,  198,  197, 1685, 6018, 4222, 6184, 6185
1272,  406, 1709, 1730,  405, 6182, 6186, 6111, 6187
1273, 1846, 1874, 1873, 1852, 6188, 6189, 6190, 6191
1274,  199, 1683, 1677,  200, 6017, 6192, 6021, 4229
1275, 1686, 1682, 1859, 1746, 6193, 6194, 6195, 6196
1276, 1750, 1749, 1711, 1710, 6197, 6006, 6114, 6014
1277, 1682,  195,  194, 1999, 6198, 4931, 6199, 6200
1278,  392,  393, 1925, 1999, 6201, 6202, 6203, 6204
1279,   25,  392, 1999,  194, 6205, 6204, 6199, 4096
1280, 1674,  424,  425, 1697, 6068, 6206, 6073, 6207
1281,  427, 1691, 1695,  426, 6063, 6208, 6075, 6209
1282, 1676,  420,  421, 1716, 6147, 6210, 6211, 6145
1283, 1716,  421,  422, 1700, 6211, 6212, 6082, 6213
1284, 1715,  216,  215, 1701, 6140, 3717, 6214, 6215
1285, 1707, 1688, 1763, 1790, 6174, 6216, 6217, 6218
1286, 1956, 1994, 1989, 1955, 6219, 6220, 6221, 6222
1287, 1853, 1855, 1750, 1762, 6223, 6224, 6013, 6225
1288, 1811, 1870, 1913, 1813, 6226, 6227, 6228, 6229
1289, 1739, 1740,  394,  395, 6230, 6231, 6232, 6233
1290,  196, 1686, 1685,  197, 6234, 6235, 6184, 4221
1291, 1731, 1738,  396,  397, 6236, 6237, 6238, 6239
1292, 1686,  196,  195, 1682, 6234, 4037, 6198, 6193
1293, 1738, 1739,  395,  396, 6240, 6233, 6241, 6237
1294,  415, 1723, 1724,  414, 6166, 6096, 6028, 6242
1295, 1687,  208,  207, 1725, 6094, 3886, 5995, 6243
1296, 1688,  411,  412, 1726, 6173, 6244, 6245, 6246
1297, 1726,  412,  413, 1705, 6245, 6247, 6026, 6248
1298, 1732, 1735,  436,  437, 6249, 6136, 6250, 6251
1299, 1689, 1672, 1858, 1765, 6043, 6252, 6253, 6254
1300,  439, 1733, 1734,  438, 6121, 6128, 6255, 6256
1301, 1805, 1862, 1863, 1797, 6257, 6258, 6259, 6260
1302, 1699,  218,  217, 1714, 5992, 3725, 6142, 6261
1303, 1872, 1844, 1851, 1914, 6262, 6079, 6263, 6264
1304, 1849, 1751, 1795, 1850, 6265, 6066, 6266, 6267
1305, 1751, 1767, 1695, 1691, 6268, 6269, 6208, 6067
1306, 1714, 1715, 1777, 1770, 6141, 6270, 6271, 6272
1307, 1776, 1759, 1839, 1841, 6273, 6274, 6275, 6276
1308, 1701,  215,  214, 1717, 6214, 3775, 6156, 6277
1309, 1702,  212,  211, 1721, 6084, 4277, 6160, 6278
1310, 1703,  416,  417, 1720, 6164, 6279, 6280, 6281
1311, 1720,  417,  418, 1719, 6280, 6282, 6157, 6283
1312, 1815, 1818, 1760, 1772, 6284, 6285, 6286, 6287
1313, 1827, 1893, 1891, 1815, 6288, 6289, 6290, 6291
1314, 1789, 1773, 1727, 1679, 6292, 6161, 6172, 6293
1315,  410, 1707, 1728,  409, 6175, 6294, 6178, 6295
1316, 1677, 1683, 1747, 1774, 6192, 6296, 6297, 6298
1317, 1748, 1747, 1683, 1684, 6299, 6296, 6019, 6300
1318, 1807, 1868, 1801, 1802, 6301, 6012, 6302, 6303
1319,  397,  398, 1801, 1731, 6304, 6305, 6011, 6239
1320,  400, 1713, 1802,  399, 6001, 6306, 6307, 6308
1321, 1742, 1775, 1673, 1674, 6309, 6310, 6069, 6311
1322, 1809, 1835, 1775, 1742, 6312, 6313, 6309, 6314
1323, 1759, 1776, 1701, 1717, 6273, 6315, 6277, 6316
1324, 1775, 1778, 1700, 1673, 6317, 6318, 6081, 6310
1325, 1718, 1702, 1779, 1780, 6085, 6319, 6153, 6320
1326, 1782, 1779, 1702, 1721, 6321, 6319, 6278, 6322
1327, 1782, 1785, 1831, 1822, 6323, 6324, 6325, 6326
1328, 1743, 1781, 1675, 1676, 6327, 6091, 6148, 6144
1329, 1810, 1908, 1896, 1836, 6328, 6329, 6330, 6331
1330, 1753, 1783, 1720, 1719, 6332, 6333, 6283, 6093
1331, 1954, 1988, 1987, 1946, 6334, 6335, 6336, 6337
1332, 1704, 1687, 1771, 1784, 6095, 6338, 6339, 6340
1333, 1963, 1995, 1992, 1961, 6341, 6342, 6343, 6344
1334, 1888, 1832, 1828, 1895, 6345, 6346, 6347, 6348
1335, 1744, 1789, 1679, 1680, 6349, 6293, 6024, 6350
1336, 1761, 1763, 1688, 1726, 6351, 6216, 6246, 6352
1337, 1791, 1764, 1837, 1838, 6353, 6354, 6355, 6356
1338, 1833, 1817, 1790, 1763, 6357, 6358, 6217, 6359
1339, 1747, 1748, 1854, 1845, 6299, 6360, 6361, 6362
1340, 1799, 1804, 1739, 1738, 6363, 6364, 6240, 6365
1341, 1765, 1795, 1690, 1689, 6366, 6065, 6046, 6254
1342, 1973, 1857, 1848, 1875, 6367, 6368, 6369, 6370
1343, 1734, 1732,  437,  438, 6371, 6251, 6372, 6255
1344, 1806, 1858, 1924, 1737, 6373, 6374, 6375, 6376
1345, 1806, 1737, 1736, 1798, 6376, 6037, 6132, 6377
1346,  433,  434, 1737, 1924, 6378, 6038, 6375, 6138
1347, 1800, 1859, 1925, 1740, 6379, 6380, 6381, 6382
1348, 1739, 1804, 1800, 1740, 6364, 6383, 6382, 6230
1349,  393,  394, 1740, 1925, 6384, 6231, 6381, 6202
1350, 1766, 1796, 1694, 1693, 6385, 6054, 6052, 6125
1351, 1674, 1697, 1769, 1742, 6207, 6386, 6387, 6311
1352, 1680, 1678, 1755, 1744, 6177, 6105, 6388, 6350
1353, 1681, 1677, 1774, 1745, 6022, 6298, 6389, 6103
1354, 1764, 1791, 1708, 1728, 6353, 6390, 6179, 6391
1355, 1746, 1794, 1685, 1686, 6392, 6393, 6235, 6196
1356, 1793, 1792, 1846, 1852, 6394, 6395, 6191, 6396
1357, 1685, 1794, 1748, 1684, 6393, 6397, 6300, 6185
1358, 1730, 1709, 1793, 1762, 6186, 6398, 6399, 6016
1359, 1752, 1768, 1698, 1699, 6400, 6401, 5993, 6402
1360, 1699, 1714, 1770, 1752, 6261, 6272, 6403, 6402
1361, 1722, 1704, 1784, 1785, 6088, 6340, 6404, 6405
1362, 1723, 1703, 1786, 1754, 6165, 6406, 6407, 6097
1363, 1760, 1771, 1687, 1725, 6408, 6338, 6243, 6409
1364, 1790, 1764, 1728, 1707, 6410, 6391, 6294, 6218
1365, 1805, 1797, 1732, 1734, 6260, 6411, 6371, 6127
1366, 1768, 1757, 1696, 1698, 6061, 6130, 6072, 6401
1367, 1768, 1752, 1843, 1847, 6400, 6412, 6413, 6058
1368, 1716, 1700, 1778, 1758, 6213, 6318, 6414, 6146
1369, 1840, 1842, 1770, 1777, 6415, 6416, 6271, 6417
1370, 1717, 1718, 1780, 1759, 6155, 6320, 6418, 6316
1371, 1725, 1706, 1772, 1760, 5997, 6163, 6286, 6409
1372, 1726, 1705, 1788, 1761, 6248, 6419, 6170, 6352
1373, 1791, 1792, 1729, 1708, 6420, 6421, 6108, 6390
1374, 1845, 1811, 1774, 1747, 6422, 6423, 6297, 6362
1375, 1813, 1812, 1755, 1745, 6424, 6425, 6104, 6426
1376, 1811, 1813, 1745, 1774, 6229, 6426, 6389, 6423
1377, 1848, 1857, 1756, 1757, 6368, 6427, 6129, 6060
1378, 1847, 1878, 1875, 1848, 6428, 6429, 6369, 6059
1379, 1697, 1695, 1767, 1769, 6076, 6269, 6077, 6386
1380, 1752, 1770, 1842, 1843, 6403, 6416, 6430, 6412
1381, 1809, 1871, 1909, 1835, 6431, 6432, 6433, 6312
1382, 1830, 1825, 1784, 1771, 6434, 6435, 6339, 6436
1383, 1789, 1744, 1814, 1826, 6349, 6437, 6438, 6439
1384, 1773, 1789, 1826, 1827, 6292, 6439, 6440, 6441
1385, 1715, 1701, 1776, 1777, 6215, 6315, 6442, 6270
1386, 1759, 1780, 1821, 1839, 6418, 6152, 6443, 6274
1387, 1835, 1834, 1778, 1775, 6444, 6445, 6317, 6313
1388, 1781, 1743, 1810, 1836, 6327, 6446, 6331, 6447
1389, 1808, 1810, 1743, 1758, 6448, 6446, 6143, 6449
1390, 1721, 1722, 1785, 1782, 6159, 6405, 6323, 6322
1391, 1824, 1890, 1889, 1819, 6450, 6451, 6452, 6453
1392, 1703, 1720, 1783, 1786, 6281, 6333, 6454, 6406
1393, 1836, 1829, 1753, 1781, 6455, 6456, 6092, 6447
1394, 1771, 1760, 1818, 1830, 6408, 6285, 6457, 6436
1395, 1829, 1823, 1783, 1753, 6458, 6459, 6332, 6456
1396, 1705, 1724, 1787, 1788, 6029, 6099, 6460, 6419
1397, 1823, 1828, 1786, 1783, 6461, 6462, 6454, 6459
1398, 1812, 1814, 1744, 1755, 6463, 6437, 6388, 6425
1399, 1814, 1906, 1894, 1826, 6464, 6465, 6466, 6438
1400, 1817, 1837, 1764, 1790, 6467, 6354, 6410, 6358
1401, 1792, 1791, 1838, 1846, 6420, 6356, 6468, 6395
1402, 1709, 1729, 1792, 1793, 6181, 6421, 6394, 6398
1403, 1918, 1856, 1794, 1746, 6469, 6470, 6392, 6471
1404, 1801,  398,  399, 1802, 6305, 6472, 6307, 6302
1405, 1732, 1797, 1803, 1735, 6411, 6473, 6134, 6249
1406, 1803, 1861, 1865, 1798, 6474, 6475, 6476, 6131
1407, 1799, 1738, 1731, 1860, 6365, 6236, 6010, 6477
1408, 1793, 1852, 1853, 1762, 6396, 6478, 6225, 6399
1409, 1859, 1800, 1918, 1746, 6379, 6479, 6471, 6195
1410, 1807, 1802, 1713, 1712, 6303, 6306, 6004, 6008
1411, 1844, 1872, 1871, 1809, 6262, 6480, 6431, 6481
1412, 1849, 1850, 1915, 2004, 6267, 6482, 6483, 6484
1413, 2003, 1877, 1945, 1869, 6485, 6486, 6487, 6488
1414, 1921, 2002, 2001, 1864, 6489, 6490, 6491, 6492
1415, 1796, 1766, 1862, 1805, 6385, 6493, 6257, 6126
1416, 1858, 1806, 1917, 1765, 6373, 6494, 6495, 6253
1417, 1916, 1868, 1807, 1749, 6496, 6301, 6007, 6497
1418, 1758, 1778, 1834, 1808, 6414, 6445, 6498, 6449
1419, 1742, 1769, 1844, 1809, 6387, 6080, 6481, 6314
1420, 1841, 1840, 1777, 1776, 6499, 6417, 6442, 6276
1421, 1822, 1820, 1779, 1782, 6500, 6154, 6321, 6326
1422, 1816, 1833, 1763, 1761, 6501, 6359, 6351, 6169
1423, 1884, 1837, 1817, 1902, 6502, 6467, 6503, 6504
1424, 1788, 1787, 1824, 1819, 6460, 6505, 6453, 6171
1425, 1772, 1773, 1827, 1815, 6162, 6441, 6291, 6287
1426, 1812, 1907, 1906, 1814, 6506, 6507, 6464, 6463
1427, 1832, 1888, 1890, 1824, 6345, 6508, 6450, 6509
1428, 1787, 1754, 1832, 1824, 6098, 6510, 6509, 6505
1429, 1991, 1968, 1970, 1994, 6511, 6512, 6513, 6514
1430, 1944, 1985, 1986, 1948, 6515, 6516, 6517, 6518
1431, 1830, 1897, 1900, 1825, 6519, 6520, 6521, 6434
1432, 1901, 1959, 1953, 1904, 6522, 6523, 6524, 6525
1433, 1965, 1890, 1888, 1966, 6526, 6508, 6527, 6528
1434, 1785, 1784, 1825, 1831, 6404, 6435, 6529, 6324
1435, 1826, 1894, 1893, 1827, 6466, 6530, 6288, 6440
1436, 1894, 1951, 1969, 1893, 6531, 6532, 6533, 6530
1437, 1754, 1786, 1828, 1832, 6407, 6462, 6346, 6510
1438, 1823, 1887, 1895, 1828, 6534, 6535, 6347, 6461
1439, 1896, 1949, 1962, 1903, 6536, 6537, 6538, 6539
1440, 1831, 1899, 1901, 1822, 6540, 6541, 6542, 6325
1441, 1815, 1891, 1892, 1818, 6290, 6543, 6544, 6284
1442, 1816, 1886, 1898, 1833, 6545, 6546, 6547, 6501
1443, 1986, 1972, 1971, 1982, 6548, 6549, 6550, 6551
1444, 1926, 1978, 1975, 1929, 6552, 6553, 6554, 6555
1445, 1927, 1979, 1976, 1928, 6556, 6557, 6558, 6559
1446, 1845, 1869, 1870, 1811, 6560, 6561, 6226, 6422
1447, 1881, 1839, 1821, 1905, 6562, 6443, 6563, 6564
1448, 1946, 1987, 1985, 1944, 6336, 6565, 6515, 6566
1449, 1839, 1881, 1882, 1841, 6562, 6567, 6568, 6275
1450, 1935, 1879, 1880, 1947, 6569, 6570, 6571, 6572
1451, 1933, 1978, 1981, 1936, 6573, 6574, 6575, 6576
1452, 1767, 1751, 1849, 1851, 6268, 6265, 6577, 6078
1453, 1869, 1931, 1927, 1870, 6578, 6579, 6580, 6561
1454, 1931, 1980, 1979, 1927, 6581, 6582, 6556, 6579
1455, 1973, 1875, 1936, 1974, 6370, 6583, 6584, 6585
1456, 1878, 1933, 1936, 1875, 6586, 6576, 6583, 6429
1457, 1795, 1765, 1917, 1850, 6366, 6495, 6587, 6266
1458, 1942, 1914, 1943, 1997, 6588, 6589, 6590, 6591
1459, 1876, 1855, 1853, 1883, 6592, 6223, 6593, 6594
1460, 2002, 1921, 1945, 1877, 6489, 6595, 6486, 6596
1461, 1854, 1856, 1877, 2003, 6597, 6598, 6485, 6599
1462, 1860, 1923, 1919, 1799, 6600, 6601, 6602, 6477
1463, 1749, 1750, 1855, 1916, 6197, 6224, 6603, 6497
1464, 1864, 1804, 1799, 1919, 6604, 6363, 6602, 6605
1465, 1863, 1862, 1857, 1973, 6258, 6606, 6367, 6607
1466, 1766, 1756, 1857, 1862, 6124, 6427, 6606, 6493
1467, 1854, 1748, 1794, 1856, 6360, 6397, 6470, 6597
1468, 1924, 1858, 1672, 1998, 6374, 6252, 6034, 6139
1469, 1925, 1859, 1682, 1999, 6380, 6194, 6200, 6203
1470, 1861, 1803, 1797, 1863, 6474, 6473, 6259, 6608
1471, 1852, 1873, 1883, 1853, 6190, 6609, 6593, 6478
1472, 1917, 1866, 2000, 1850, 6610, 6611, 6612, 6587
1473, 1806, 1798, 1866, 1917, 6377, 6613, 6610, 6494
1474, 1918, 1867, 2001, 1856, 6614, 6615, 6616, 6469
1475, 1800, 1804, 1867, 1918, 6383, 6617, 6614, 6479
1476, 1868, 1916, 1923, 1860, 6496, 6618, 6600, 6009
1477, 1932, 1979, 1980, 1934, 6619, 6582, 6620, 6621
1478, 1845, 1854, 2003, 1869, 6361, 6599, 6488, 6560
1479, 1928, 1976, 1977, 1937, 6558, 6622, 6623, 6624
1480, 1842, 1880, 1879, 1843, 6625, 6570, 6626, 6430
1481, 1851, 1849, 2004, 1914, 6577, 6484, 6627, 6263
1482, 1843, 1879, 1878, 1847, 6626, 6628, 6428, 6413
1483, 1874, 1846, 1838, 1885, 6188, 6468, 6629, 6630
1484, 1885, 1838, 1837, 1884, 6629, 6355, 6502, 6631
1485, 1874, 1938, 1930, 1873, 6632, 6633, 6634, 6189
1486, 2004, 1915, 1943, 1914, 6483, 6635, 6589, 6627
1487, 1877, 1856, 2001, 2002, 6598, 6616, 6490, 6596
1488, 1939, 1981, 1978, 1926, 6636, 6574, 6552, 6637
1489, 1880, 1842, 1840, 1912, 6625, 6415, 6638, 6639
1490, 1879, 1935, 1933, 1878, 6569, 6640, 6586, 6628
1491, 1912, 1840, 1841, 1882, 6638, 6499, 6568, 6641
1492, 1905, 1821, 1820, 1904, 6563, 6151, 6642, 6643
1493, 1835, 1909, 1911, 1834, 6433, 6644, 6645, 6444
1494, 1948, 1986, 1982, 1947, 6517, 6551, 6646, 6647
1495, 1873, 1930, 1932, 1883, 6634, 6648, 6649, 6609
1496, 1902, 1817, 1833, 1898, 6503, 6357, 6547, 6650
1497, 1907, 1937, 1952, 1906, 6651, 6652, 6653, 6507
1498, 1886, 1816, 1819, 1889, 6545, 6168, 6452, 6654
1499, 1887, 1823, 1829, 1903, 6534, 6458, 6655, 6656
1500, 1903, 1829, 1836, 1896, 6655, 6455, 6330, 6539
1501, 1818, 1892, 1897, 1830, 6544, 6657, 6519, 6457
1502, 1968, 1991, 1990, 1958, 6511, 6658, 6659, 6660
1503, 1958, 1990, 1996, 1957, 6659, 6661, 6662, 6663
1504, 1961, 1992, 1993, 1966, 6343, 6664, 6665, 6666
1505, 1906, 1952, 1951, 1894, 6653, 6667, 6531, 6465
1506, 1900, 1957, 1960, 1899, 6668, 6669, 6670, 6671
1507, 1908, 1810, 1808, 1910, 6328, 6448, 6672, 6673
1508, 1822, 1901, 1904, 1820, 6542, 6525, 6642, 6500
1509, 1897, 1958, 1957, 1900, 6674, 6663, 6668, 6520
1510, 1955, 1989, 1984, 1941, 6221, 6675, 6676, 6677
1511, 1899, 1831, 1825, 1900, 6540, 6529, 6521, 6671
1512, 1950, 1908, 1910, 1972, 6678, 6673, 6679, 6680
1513, 1988, 1954, 1953, 1995, 6334, 6681, 6682, 6683
1514, 1907, 1812, 1813, 1913, 6506, 6424, 6228, 6684
1515, 1983, 1940, 1941, 1984, 6685, 6686, 6676, 6687
1516, 1913, 1928, 1937, 1907, 6688, 6624, 6651, 6684
1517, 1910, 1808, 1834, 1911, 6672, 6498, 6645, 6689
1518, 1881, 1946, 1944, 1882, 6690, 6566, 6691, 6567
1519, 1871, 1926, 1929, 1909, 6692, 6555, 6693, 6432
1520, 1909, 1929, 1971, 1911, 6693, 6694, 6695, 6644
1521, 1870, 1927, 1928, 1913, 6580, 6559, 6688, 6227
1522, 1915, 1850, 2000, 1920, 6482, 6612, 6696, 6697
1523, 1943, 1915, 1920, 1922, 6635, 6697, 6698, 6699
1524, 2000, 1866, 1798, 1865, 6611, 6613, 6476, 6700
1525, 2001, 1867, 1804, 1864, 6615, 6617, 6604, 6491
1526, 1855, 1876, 1923, 1916, 6592, 6701, 6618, 6603
1527, 1922, 1865, 1861, 1974, 6702, 6475, 6703, 6704
1528, 1921, 1864, 1919, 1934, 6492, 6605, 6705, 6706
1529, 1932, 1934, 1876, 1883, 6621, 6707, 6594, 6649
1530, 1861, 1863, 1973, 1974, 6608, 6607, 6585, 6703
1531, 1997, 1974, 1936, 1981, 6708, 6584, 6575, 6709
1532, 1922, 1920, 2000, 1865, 6698, 6696, 6700, 6702
1533, 1926, 1871, 1872, 1939, 6692, 6480, 6710, 6637
1534, 1939, 1872, 1914, 1942, 6710, 6264, 6588, 6711
1535, 1885, 1940, 1938, 1874, 6712, 6713, 6632, 6630
1536, 1882, 1944, 1948, 1912, 6691, 6518, 6714, 6641
1537, 1980, 1945, 1921, 1934, 6715, 6595, 6706, 6620
1538, 1979, 1932, 1930, 1976, 6619, 6648, 6716, 6557
1539, 1947, 1880, 1912, 1948, 6571, 6639, 6714, 6647
1540, 1935, 1975, 1978, 1933, 6717, 6553, 6573, 6640
1541, 1997, 1943, 1922, 1974, 6590, 6699, 6704, 6708
1542, 1884, 1941, 1940, 1885, 6718, 6686, 6712, 6631
1543, 1938, 1977, 1976, 1930, 6719, 6622, 6716, 6633
1544, 1941, 1884, 1902, 1955, 6718, 6504, 6720, 6677
1545, 1940, 1983, 1977, 1938, 6685, 6721, 6719, 6713
1546, 1955, 1902, 1898, 1956, 6720, 6650, 6722, 6222
1547, 1952, 1983, 1984, 1951, 6723, 6687, 6724, 6667
1548, 1942, 1997, 1981, 1939, 6591, 6709, 6636, 6711
1549, 1946, 1881, 1905, 1954, 6690, 6564, 6725, 6337
1550, 1931, 1869, 1945, 1980, 6578, 6487, 6715, 6581
1551, 1954, 1905, 1904, 1953, 6725, 6643, 6524, 6681
1552, 1908, 1950, 1949, 1896, 6678, 6726, 6536, 6329
1553, 1947, 1982, 1975, 1935, 6646, 6727, 6717, 6572
1554, 1972, 1986, 1985, 1950, 6548, 6516, 6728, 6680
1555, 1972, 1910, 1911, 1971, 6679, 6689, 6695, 6549
1556, 1950, 1985, 1987, 1949, 6728, 6565, 6729, 6726
1557, 1983, 1952, 1937, 1977, 6723, 6652, 6623, 6721
1558, 1959, 1901, 1899, 1960, 6522, 6541, 6670, 6730
1559, 1995, 1953, 1959, 1992, 6682, 6523, 6731, 6342
1560, 1956, 1898, 1886, 1967, 6722, 6546, 6732, 6733
1561, 1967, 1886, 1889, 1964, 6732, 6654, 6734, 6735
1562, 1994, 1956, 1967, 1991, 6219, 6733, 6736, 6514
1563, 1958, 1897, 1892, 1968, 6674, 6657, 6737, 6660
1564, 1895, 1961, 1966, 1888, 6738, 6666, 6527, 6348
1565, 1968, 1892, 1891, 1970, 6737, 6543, 6739, 6512
1566, 1890, 1965, 1964, 1889, 6526, 6740, 6734, 6451
1567, 1995, 1963, 1962, 1988, 6341, 6741, 6742, 6683
1568, 1966, 1993, 1996, 1965, 6665, 6743, 6744, 6528
1569, 1961, 1895, 1887, 1963, 6738, 6535, 6745, 6344
1570, 1963, 1887, 1903, 1962, 6745, 6656, 6538, 6741
1571, 1988, 1962, 1949, 1987, 6742, 6537, 6729, 6335
1572, 1994, 1970, 1969, 1989, 6513, 6746, 6747, 6220
1573, 1965, 1996, 1990, 1964, 6744, 6661, 6748, 6740
1574, 1970, 1891, 1893, 1969, 6739, 6289, 6533, 6746
1575, 1989, 1969, 1951, 1984, 6747, 6532, 6724, 6675
1576, 1982, 1971, 1929, 1975, 6550, 6694, 6554, 6727
1577, 1991, 1967, 1964, 1990, 6736, 6735, 6748, 6658
1578, 1992, 1959, 1960, 1993, 6731, 6730, 6749, 6664
1579, 1993, 1960, 1957, 1996, 6749, 6669, 6662, 6743
1580, 1919, 1923, 1876, 1934, 6601, 6701, 6707, 6705
1581, 2082, 2018, 2059, 2085, 6750, 6751, 6752, 6753
1582, 2071, 2062,  516,  517, 6754, 6755, 6756, 6757
1583, 2062, 2070,  515,  516, 6758, 6759, 6760, 6755
1584, 2059,  508,  509, 2060, 6761, 6762, 6763, 6764
1585,  506, 2008, 2019,  505, 6765, 6766, 6767, 6768
1586, 2058, 2019, 2126, 2124, 6769, 6770, 6771, 6772
1587, 2054, 2053, 2121, 2086, 6773, 6774, 6775, 6776
1588,  502, 2020, 2056,  501, 6777, 6778, 6779, 6780
1589, 2149, 2158, 2121, 2087, 6781, 6782, 6783, 6784
1590,  456, 2024, 2049,  455, 6785, 6786, 6787, 6788
1591, 2049, 2024, 2088, 2100, 6786, 6789, 6790, 6791
1592, 2047, 2048, 2116, 2089, 6792, 6793, 6794, 6795
1593, 2047,  494,  495, 2048, 6796, 6797, 6798, 6792
1594,  462, 2028, 2042,  461, 6799, 6800, 6801, 6802
1595,  489, 2006, 2005,  488, 6803, 6804, 6805, 6806
1596, 2090, 2109, 2029, 2031, 6807, 6808, 6809, 6810
1597,  463, 2029, 2028,  462, 6811, 6812, 6799, 6813
1598,  488, 2005, 2030,  487, 6805, 6814, 6815, 6816
1599, 2033, 2035, 2110, 2092, 6817, 6818, 6819, 6820
1600, 2077, 2091, 2005, 2006, 6821, 6822, 6804, 6823
1601, 2032,  486,  487, 2030, 6824, 6825, 6815, 6826
1602, 2162, 2207, 2219, 2163, 6827, 6828, 6829, 6830
1603, 2030, 2005, 2091, 2093, 6814, 6822, 6831, 6832
1604, 2032, 2030, 2093, 2094, 6826, 6832, 6833, 6834
1605,  479, 2069, 2065,  478, 6835, 6836, 6837, 6838
1606, 2093, 2091, 2178, 2181, 6831, 6839, 6840, 6841
1607,  466, 2035, 2033,  465, 6842, 6817, 6843, 6844
1608, 2038, 2037, 2191, 2095, 6845, 6846, 6847, 6848
1609,  474,  475, 2066, 2067, 6849, 6850, 6851, 6852
1610,  472,  473, 2257, 2329, 6853, 6854, 6855, 6856
1611, 2329,  471,   33,  472, 6857, 6858, 6859, 6856
1612, 2037,  470,  471, 2329, 6860, 6861, 6857, 6862
1613,  467, 2036, 2035,  466, 6863, 6864, 6842, 6865
1614, 2064, 2130, 2138, 2068, 6866, 6867, 6868, 6869
1615, 2034,  485,  486, 2032, 6870, 6871, 6824, 6872
1616, 2040,  484,  485, 2034, 6873, 6874, 6870, 6875
1617, 2041,  482,  483, 2075, 6876, 6877, 6878, 6879
1618, 2074,  481,  482, 2041, 6880, 6881, 6876, 6882
1619,  480, 2074, 2069,  479, 6883, 6884, 6835, 6885
1620,  480,   34,  481, 2074, 6886, 6887, 6880, 6883
1621, 2006,  489,  490, 2027, 6803, 6888, 6889, 6890
1622, 2027,  490,  491, 2044, 6889, 6891, 6892, 6893
1623, 2027, 2044, 2113, 2097, 6893, 6894, 6895, 6896
1624, 2028, 2029, 2109, 2098, 6812, 6808, 6897, 6898
1625, 2044,  491,  492, 2007, 6892, 6899, 6900, 6901
1626, 2025,  493,  494, 2047, 6902, 6903, 6796, 6904
1627, 2089, 2116, 2160, 2150, 6794, 6905, 6906, 6907
1628,  459, 2026, 2045,  458, 6908, 6909, 6910, 6911
1629,  496, 2023, 2048,  495, 6912, 6913, 6798, 6914
1630, 2050, 2049, 2100, 2101, 6915, 6791, 6916, 6917
1631,  497, 2051, 2023,  496, 6918, 6919, 6912, 6920
1632,  499, 2021, 2052,  498, 6921, 6922, 6923, 6924
1633, 2056, 2020, 2122, 2123, 6778, 6925, 6926, 6927
1634,  453, 2022, 2053,  452, 6928, 6929, 6930, 6931
1635,  500, 2055, 2021,  499, 6932, 6933, 6921, 6934
1636, 2079, 2103, 2011, 2010, 6935, 6936, 6937, 6938
1637, 2011,  449,  450, 2010, 6939, 6940, 6941, 6937
1638, 2078, 2104, 2009, 2012, 6942, 6943, 6944, 6945
1639,  447, 2009, 2013,  446, 6946, 6947, 6948, 6949
1640, 2018,  507,  508, 2059, 6950, 6951, 6761, 6751
1641, 2105, 2085, 2059, 2060, 6952, 6752, 6764, 6953
1642,  507, 2018, 2008,  506, 6950, 6954, 6765, 6955
1643,  510, 2061, 2060,  509, 6956, 6957, 6763, 6958
1644, 2330,  511,   35,  512, 6959, 6960, 6961, 6962
1645, 2104, 2080, 2013, 2009, 6963, 6964, 6947, 6943
1646, 2014,  445,  446, 2013, 6965, 6966, 6948, 6967
1647, 2180, 2176, 2083, 2082, 6968, 6969, 6970, 6971
1648, 2015,  444,  445, 2014, 6972, 6973, 6965, 6974
1649, 2129, 2195, 2196, 2137, 6975, 6976, 6977, 6978
1650,  443, 2016, 2017,  442, 6979, 6980, 6981, 6982
1651, 2076,  441,  442, 2017, 6983, 6984, 6981, 6985
1652,  520, 2076, 2072,  519, 6986, 6987, 6988, 6989
1653,  520,   28,  441, 2076, 6990, 6991, 6983, 6986
1654, 2031,  464,  465, 2033, 6992, 6993, 6843, 6994
1655, 2043, 2042, 2112, 2108, 6995, 6996, 6997, 6998
1656, 2007,  492,  493, 2025, 6900, 6999, 6902, 7000
1657, 2009,  447,  448, 2012, 6946, 7001, 7002, 6944
1658, 2012,  448,  449, 2011, 7002, 7003, 6939, 7004
1659, 2010,  450,  451, 2054, 6941, 7005, 7006, 7007
1660, 2054,  451,  452, 2053, 7006, 7008, 6930, 6773
1661,  504, 2058, 2057,  503, 7009, 7010, 7011, 7012
1662,  503, 2057, 2020,  502, 7011, 7013, 6777, 7014
1663, 2080, 2185, 2186, 2106, 7015, 7016, 7017, 7018
1664, 2073, 2071,  517,  518, 7019, 6757, 7020, 7021
1665, 2080, 2106, 2014, 2013, 7018, 7022, 6967, 6964
1666,  444, 2015, 2016,  443, 6972, 7023, 6979, 7024
1667,  519, 2072, 2073,  518, 6988, 7025, 7021, 7026
1668, 2017, 2134, 2072, 2076, 7027, 7028, 6987, 6985
1669,  505, 2019, 2058,  504, 6767, 6769, 7009, 7029
1670, 2055,  500,  501, 2056, 6932, 7030, 6779, 7031
1671, 2022,  453,  454, 2050, 6928, 7032, 7033, 7034
1672, 2050,  454,  455, 2049, 7033, 7035, 6787, 6915
1673, 2051,  497,  498, 2052, 6918, 7036, 6923, 7037
1674, 2024,  456,  457, 2046, 6785, 7038, 7039, 7040
1675, 2046,  457,  458, 2045, 7039, 7041, 6910, 7042
1676, 2099, 2115, 2045, 2026, 7043, 7044, 6909, 7045
1677, 2026,  459,  460, 2043, 6908, 7046, 7047, 7048
1678, 2043,  460,  461, 2042, 7047, 7049, 6801, 6995
1679, 2098, 2112, 2042, 2028, 7050, 6996, 6800, 6898
1680, 2029,  463,  464, 2031, 6811, 7051, 6992, 6809
1681, 2098, 2109, 2163, 2164, 6897, 7052, 7053, 7054
1682, 2036,  467,  468, 2039, 6863, 7055, 7056, 7057
1683, 2092, 2090, 2031, 2033, 7058, 6810, 6994, 6820
1684,  477,  478, 2065, 2064, 7059, 6837, 7060, 7061
1685, 2039,  468,  469, 2038, 7056, 7062, 7063, 7064
1686, 2034, 2032, 2094, 2111, 6872, 6834, 7065, 7066
1687, 2135, 2067, 2066, 2131, 7067, 6851, 7068, 7069
1688, 2064, 2068,  476,  477, 6869, 7070, 7071, 7061
1689,  470, 2037, 2038,  469, 6860, 6845, 7063, 7072
1690, 2068, 2066,  475,  476, 7073, 6850, 7074, 7070
1691, 2212, 2264, 2328, 2301, 7075, 7076, 7077, 7078
1692,  484, 2040, 2075,  483, 6873, 7079, 6878, 7080
1693, 2112, 2098, 2164, 2161, 7050, 7054, 7081, 7082
1694, 2108, 2099, 2026, 2043, 7083, 7045, 7048, 6998
1695, 2081, 2114, 2007, 2025, 7084, 7085, 7000, 7086
1696, 2115, 2107, 2046, 2045, 7087, 7088, 7042, 7044
1697, 2117, 2116, 2048, 2023, 7089, 6793, 6913, 7090
1698, 2152, 2160, 2116, 2117, 7091, 6905, 7089, 7092
1699, 2220, 2168, 2167, 2222, 7093, 7094, 7095, 7096
1700, 2101, 2100, 2153, 2154, 6916, 7097, 7098, 7099
1701, 2086, 2079, 2010, 2054, 7100, 6938, 7007, 6776
1702, 2125, 2124, 2157, 2156, 7101, 7102, 7103, 7104
1703, 2242, 2239, 2155, 2156, 7105, 7106, 7107, 7108
1704, 2019, 2008, 2083, 2126, 6766, 7109, 7110, 6770
1705, 2156, 2155, 2122, 2125, 7107, 7111, 7112, 7104
1706, 2082, 2083, 2008, 2018, 6970, 7109, 6954, 6750
1707, 2139, 2190, 2258, 2063, 7113, 7114, 7115, 7116
1708, 2061,  510,  511, 2330, 6956, 7117, 6959, 7118
1709, 2070, 2063,  514,  515, 7119, 7120, 7121, 6759
1710,  512,  513, 2258, 2330, 7122, 7123, 7124, 6962
1711,  513,  514, 2063, 2258, 7125, 7120, 7115, 7123
1712, 2071, 2073, 2140, 2129, 7019, 7126, 7127, 7128
1713, 2066, 2068, 2138, 2131, 7073, 6868, 7129, 7068
1714, 2132, 2248, 2197, 2136, 7130, 7131, 7132, 7133
1715, 2094, 2093, 2181, 2183, 6833, 6841, 7134, 7135
1716, 2135, 2191, 2257, 2067, 7136, 7137, 7138, 7067
1717,  473,  474, 2067, 2257, 7139, 6852, 7138, 6854
1718, 2184, 2182, 2110, 2096, 7140, 7141, 7142, 7143
1719, 2127, 2188, 2184, 2096, 7144, 7145, 7143, 7146
1720, 2069, 2074, 2041, 2132, 6884, 6882, 7147, 7148
1721, 2085, 2189, 2180, 2082, 7149, 7150, 6971, 6753
1722, 2070, 2062, 2137, 2133, 6758, 7151, 7152, 7153
1723, 2106, 2084, 2015, 2014, 7154, 7155, 6974, 7022
1724, 2302, 2187, 2186, 2214, 7156, 7157, 7158, 7159
1725, 2084, 2128, 2016, 2015, 7160, 7161, 7023, 7155
1726, 2040, 2034, 2111, 2141, 6875, 7066, 7162, 7163
1727, 2128, 2134, 2017, 2016, 7164, 7027, 6980, 7161
1728, 2006, 2027, 2097, 2077, 6890, 6896, 7165, 6823
1729, 2012, 2011, 2103, 2078, 7004, 6936, 7166, 6945
1730, 2146, 2179, 2104, 2078, 7167, 7168, 6942, 7169
1731, 2025, 2047, 2089, 2081, 6904, 6795, 7170, 7086
1732, 2134, 2128, 2194, 2140, 7164, 7171, 7172, 7173
1733, 2053, 2022, 2087, 2121, 6929, 7174, 6783, 6774
1734, 2147, 2145, 2079, 2086, 7175, 7176, 7100, 7177
1735, 2022, 2050, 2101, 2087, 7034, 6917, 7178, 7174
1736, 2102, 2120, 2021, 2055, 7179, 7180, 6933, 7181
1737, 2024, 2046, 2107, 2088, 7040, 7088, 7182, 6789
1738, 2142, 2143, 2077, 2097, 7183, 7184, 7165, 7185
1739, 2035, 2036, 2096, 2110, 6864, 7186, 7142, 6818
1740, 2206, 2208, 2178, 2143, 7187, 7188, 7189, 7190
1741, 2091, 2077, 2143, 2178, 6821, 7184, 7189, 6839
1742, 2064, 2065, 2136, 2130, 7060, 7191, 7192, 6866
1743, 2095, 2127, 2039, 2038, 7193, 7194, 7064, 6848
1744, 2265, 2323, 2305, 2261, 7195, 7196, 7197, 7198
1745, 2096, 2036, 2039, 2127, 7186, 7057, 7194, 7146
1746, 2114, 2113, 2044, 2007, 7199, 6894, 6901, 7085
1747, 2118, 2119, 2169, 2159, 7200, 7201, 7202, 7203
1748, 2052, 2021, 2120, 2119, 6922, 7180, 7204, 7205
1749, 2055, 2056, 2123, 2102, 7031, 6927, 7206, 7181
1750, 2057, 2058, 2124, 2125, 7010, 6772, 7101, 7207
1751, 2148, 2146, 2078, 2103, 7208, 7169, 7166, 7209
1752, 2060, 2061, 2190, 2105, 6957, 7210, 7211, 6953
1753, 2139, 2063, 2070, 2133, 7116, 7119, 7153, 7212
1754, 2080, 2104, 2179, 2185, 6963, 7168, 7213, 7015
1755, 2150, 2144, 2081, 2089, 7214, 7215, 7170, 6907
1756, 2218, 2275, 2277, 2241, 7216, 7217, 7218, 7219
1757, 2092, 2110, 2182, 2177, 6819, 7141, 7220, 7221
1758, 2306, 2268, 2271, 2324, 7222, 7223, 7224, 7225
1759, 2136, 2197, 2200, 2130, 7132, 7226, 7227, 7192
1760, 2161, 2151, 2108, 2112, 7228, 7229, 6997, 7082
1761, 2144, 2175, 2114, 2081, 7230, 7231, 7084, 7215
1762, 2175, 2174, 2113, 2114, 7232, 7233, 7199, 7231
1763, 2151, 2165, 2099, 2108, 7234, 7235, 7083, 7229
1764, 2023, 2051, 2118, 2117, 6919, 7236, 7237, 7090
1765, 2233, 2283, 2290, 2223, 7238, 7239, 7240, 7241
1766, 2166, 2167, 2107, 2115, 7242, 7243, 7087, 7244
1767, 2051, 2052, 2119, 2118, 7037, 7205, 7200, 7236
1768, 2170, 2171, 2120, 2102, 7245, 7246, 7179, 7247
1769, 2171, 2170, 2224, 2238, 7245, 7248, 7249, 7250
1770, 2020, 2057, 2125, 2122, 7013, 7207, 7112, 6925
1771, 2086, 2121, 2158, 2147, 6775, 6782, 7251, 7177
1772, 2276, 2279, 2307, 2341, 7252, 7253, 7254, 7255
1773, 2145, 2148, 2103, 2079, 7256, 7209, 6935, 7176
1774, 2176, 2173, 2126, 2083, 7257, 7258, 7110, 6969
1775, 2270, 2319, 2308, 2267, 7259, 7260, 7261, 7262
1776, 2186, 2187, 2084, 2106, 7157, 7263, 7154, 7017
1777, 2071, 2129, 2137, 2062, 7128, 6978, 7151, 6754
1778, 2138, 2193, 2198, 2131, 7264, 7265, 7266, 7129
1779, 2065, 2069, 2132, 2136, 6836, 7148, 7133, 7191
1780, 2248, 2141, 2252, 2197, 7267, 7268, 7269, 7131
1781, 2192, 2133, 2137, 2196, 7270, 7152, 6977, 7271
1782, 2073, 2072, 2134, 2140, 7025, 7028, 7173, 7126
1783, 2191, 2135, 2251, 2095, 7136, 7272, 7273, 6847
1784, 2260, 2204, 2205, 2267, 7274, 7275, 7276, 7277
1785, 2203, 2202, 2180, 2189, 7278, 7279, 7150, 7280
1786, 2208, 2212, 2181, 2178, 7281, 7282, 6840, 7188
1787, 2188, 2211, 2210, 2184, 7283, 7284, 7285, 7145
1788, 2190, 2139, 2250, 2105, 7113, 7286, 7287, 7211
1789, 2075, 2040, 2141, 2248, 7079, 7163, 7267, 7288
1790, 2111, 2094, 2183, 2249, 7065, 7135, 7289, 7290
1791, 2097, 2113, 2174, 2142, 6895, 7233, 7291, 7185
1792, 2177, 2162, 2090, 2092, 7292, 7293, 7058, 7221
1793, 2215, 2274, 2275, 2218, 7294, 7295, 7216, 7296
1794, 2173, 2157, 2124, 2126, 7297, 7102, 6771, 7258
1795, 2155, 2172, 2123, 2122, 7298, 7299, 6926, 7111
1796, 2243, 2242, 2156, 2157, 7300, 7108, 7103, 7301
1797, 2087, 2101, 2154, 2149, 7178, 7099, 7302, 6784
1798, 2172, 2170, 2102, 2123, 7303, 7247, 7206, 7299
1799, 2115, 2099, 2165, 2166, 7043, 7235, 7304, 7244
1800, 2117, 2118, 2159, 2152, 7237, 7203, 7305, 7092
1801, 2165, 2232, 2226, 2166, 7306, 7307, 7308, 7304
1802, 2288, 2318, 2309, 2293, 7309, 7310, 7311, 7312
1803, 2100, 2088, 2168, 2153, 6790, 7313, 7314, 7097
1804, 2145, 2216, 2228, 2148, 7315, 7316, 7317, 7256
1805, 2273, 2242, 2243, 2338, 7318, 7300, 7319, 7320
1806, 2158, 2229, 2225, 2147, 7321, 7322, 7323, 7251
1807, 2119, 2120, 2171, 2169, 7204, 7246, 7324, 7201
1808, 2222, 2281, 2278, 2220, 7325, 7326, 7327, 7096
1809, 2162, 2163, 2109, 2090, 6830, 7052, 6807, 7293
1810, 2161, 2230, 2221, 2151, 7328, 7329, 7330, 7228
1811, 2295, 2297, 2310, 2314, 7331, 7332, 7333, 7334
1812, 2174, 2175, 2241, 2217, 7232, 7335, 7336, 7337
1813, 2151, 2221, 2232, 2165, 7330, 7338, 7306, 7234
1814, 2088, 2107, 2167, 2168, 7182, 7243, 7094, 7313
1815, 2283, 2316, 2311, 2290, 7339, 7340, 7341, 7239
1816, 2168, 2220, 2234, 2153, 7093, 7342, 7343, 7314
1817, 2227, 2284, 2283, 2233, 7344, 7345, 7238, 7346
1818, 2239, 2236, 2172, 2155, 7347, 7348, 7298, 7106
1819, 2153, 2234, 2235, 2154, 7343, 7349, 7350, 7098
1820, 2239, 2272, 2285, 2236, 7351, 7352, 7353, 7347
1821, 2244, 2243, 2157, 2173, 7354, 7301, 7297, 7355
1822, 2215, 2218, 2144, 2150, 7296, 7356, 7214, 7357
1823, 2175, 2144, 2218, 2241, 7230, 7356, 7219, 7335
1824, 2202, 2245, 2176, 2180, 7358, 7359, 6968, 7279
1825, 2261, 2305, 2312, 2340, 7197, 7360, 7361, 7362
1826, 2268, 2306, 2312, 2262, 7222, 7363, 7364, 7365
1827, 2249, 2252, 2141, 2111, 7366, 7268, 7162, 7290
1828, 2204, 2260, 2263, 2214, 7274, 7367, 7368, 7369
1829, 2140, 2194, 2195, 2129, 7172, 7370, 6975, 7127
1830, 2127, 2095, 2251, 2188, 7193, 7273, 7371, 7144
1831, 2332, 2211, 2201, 2331, 7372, 7373, 7374, 7375
1832, 2195, 2194, 2187, 2302, 7370, 7376, 7156, 7377
1833, 2128, 2084, 2187, 2194, 7160, 7263, 7376, 7171
1834, 2085, 2105, 2250, 2189, 6952, 7287, 7378, 7149
1835, 2331, 2198, 2253, 2332, 7379, 7380, 7381, 7375
1836, 2254, 2334, 2333, 2192, 7382, 7383, 7384, 7385
1837, 2258, 2190, 2061, 2330, 7114, 7210, 7118, 7124
1838, 2257, 2191, 2037, 2329, 7137, 6846, 6862, 6855
1839, 2185, 2204, 2214, 2186, 7386, 7369, 7158, 7016
1840, 2193, 2138, 2130, 2200, 7264, 6867, 7227, 7387
1841, 2252, 2256, 2200, 2197, 7388, 7389, 7226, 7269
1842, 2248, 2132, 2041, 2075, 7130, 7147, 6879, 7288
1843, 2253, 2269, 2335, 2332, 7390, 7391, 7392, 7381
1844, 2250, 2199, 2333, 2189, 7393, 7394, 7395, 7378
1845, 2139, 2133, 2199, 2250, 7212, 7396, 7393, 7286
1846, 2253, 2198, 2193, 2255, 7380, 7265, 7397, 7398
1847, 2201, 2211, 2188, 2251, 7373, 7283, 7371, 7399
1848, 2135, 2131, 2201, 2251, 7069, 7400, 7399, 7272
1849, 2179, 2205, 2204, 2185, 7401, 7275, 7386, 7213
1850, 2203, 2189, 2333, 2334, 7280, 7395, 7383, 7402
1851, 2302, 2214, 2263, 2303, 7159, 7368, 7403, 7404
1852, 2205, 2179, 2146, 2247, 7401, 7167, 7405, 7406
1853, 2247, 2146, 2148, 2228, 7405, 7208, 7317, 7407
1854, 2313, 2263, 2260, 2321, 7408, 7367, 7409, 7410
1855, 2143, 2142, 2246, 2206, 7183, 7411, 7412, 7190
1856, 2209, 2213, 2265, 2261, 7413, 7414, 7198, 7415
1857, 2207, 2162, 2177, 2209, 6827, 7292, 7416, 7417
1858, 2209, 2177, 2182, 2213, 7416, 7220, 7418, 7413
1859, 2269, 2304, 2328, 2323, 7419, 7420, 7421, 7422
1860, 2182, 2184, 2210, 2213, 7140, 7285, 7423, 7418
1861, 2253, 2255, 2304, 2269, 7398, 7424, 7419, 7390
1862, 2131, 2198, 2331, 2201, 7266, 7379, 7374, 7400
1863, 2333, 2199, 2133, 2192, 7394, 7396, 7270, 7384
1864, 2183, 2181, 2212, 2301, 7134, 7282, 7078, 7425
1865, 2264, 2212, 2208, 2262, 7075, 7281, 7426, 7427
1866, 2254, 2303, 2322, 2259, 7428, 7429, 7430, 7431
1867, 2150, 2160, 2240, 2215, 6906, 7432, 7433, 7357
1868, 2216, 2145, 2147, 2225, 7315, 7175, 7323, 7434
1869, 2163, 2219, 2231, 2164, 6829, 7435, 7436, 7053
1870, 2142, 2174, 2217, 2246, 7291, 7337, 7437, 7411
1871, 2166, 2226, 2222, 2167, 7308, 7438, 7095, 7242
1872, 2275, 2317, 2314, 2277, 7439, 7440, 7441, 7217
1873, 2261, 2340, 2207, 2209, 7362, 7442, 7417, 7415
1874, 2227, 2233, 2159, 2169, 7346, 7443, 7202, 7444
1875, 2230, 2161, 2164, 2231, 7328, 7081, 7436, 7445
1876, 2281, 2287, 2315, 2326, 7446, 7447, 7448, 7449
1877, 2160, 2152, 2223, 2240, 7091, 7450, 7451, 7432
1878, 2152, 2159, 2233, 2223, 7305, 7443, 7241, 7450
1879, 2170, 2172, 2236, 2224, 7303, 7348, 7452, 7248
1880, 2284, 2327, 2316, 2283, 7453, 7454, 7339, 7345
1881, 2229, 2158, 2149, 2237, 7321, 6781, 7455, 7456
1882, 2232, 2289, 2287, 2226, 7457, 7458, 7459, 7307
1883, 2294, 2240, 2223, 2290, 7460, 7451, 7240, 7461
1884, 2238, 2227, 2169, 2171, 7462, 7444, 7324, 7250
1885, 2247, 2270, 2267, 2205, 7463, 7262, 7276, 7406
1886, 2237, 2149, 2154, 2235, 7455, 7302, 7350, 7464
1887, 2236, 2285, 2288, 2224, 7353, 7465, 7466, 7452
1888, 2219, 2266, 2296, 2231, 7467, 7468, 7469, 7435
1889, 2324, 2310, 2297, 2296, 7470, 7332, 7471, 7472
1890, 2274, 2315, 2317, 2275, 7473, 7474, 7439, 7295
1891, 2220, 2278, 2291, 2234, 7327, 7475, 7476, 7342
1892, 2237, 2280, 2292, 2229, 7477, 7478, 7479, 7456
1893, 2285, 2307, 2318, 2288, 7480, 7481, 7309, 7465
1894, 2225, 2279, 2276, 2216, 7482, 7252, 7483, 7434
1895, 2298, 2325, 2319, 2270, 7484, 7485, 7259, 7486
1896, 2242, 2273, 2272, 2239, 7318, 7487, 7351, 7105
1897, 2245, 2244, 2173, 2176, 7488, 7355, 7257, 7359
1898, 2339, 2300, 2245, 2202, 7489, 7490, 7358, 7491
1899, 2196, 2195, 2302, 2303, 6976, 7377, 7404, 7492
1900, 2193, 2200, 2256, 2255, 7387, 7389, 7493, 7397
1901, 2254, 2192, 2196, 2303, 7385, 7271, 7492, 7428
1902, 2334, 2254, 2259, 2203, 7382, 7431, 7494, 7402
1903, 2328, 2304, 2320, 2301, 7420, 7495, 7496, 7077
1904, 2301, 2320, 2249, 2183, 7496, 7497, 7289, 7425
1905, 2202, 2203, 2259, 2339, 7278, 7494, 7498, 7491
1906, 2322, 2303, 2263, 2313, 7429, 7403, 7408, 7499
1907, 2321, 2260, 2267, 2308, 7409, 7277, 7261, 7500
1908, 2305, 2264, 2262, 2312, 7501, 7427, 7364, 7360
1909, 2262, 2208, 2206, 2268, 7426, 7187, 7502, 7365
1910, 2268, 2206, 2246, 2271, 7502, 7412, 7503, 7223
1911, 2337, 2336, 2210, 2211, 7504, 7505, 7284, 7506
1912, 2213, 2210, 2336, 2265, 7423, 7505, 7507, 7414
1913, 2339, 2259, 2322, 2313, 7498, 7430, 7499, 7508
1914, 2266, 2219, 2207, 2340, 7467, 6828, 7442, 7509
1915, 2270, 2247, 2228, 2298, 7463, 7407, 7510, 7486
1916, 2321, 2308, 2299, 2300, 7500, 7511, 7512, 7513
1917, 2271, 2246, 2217, 2282, 7503, 7437, 7514, 7515
1918, 2337, 2335, 2269, 2323, 7516, 7391, 7422, 7517
1919, 2256, 2320, 2304, 2255, 7518, 7495, 7424, 7493
1920, 2265, 2336, 2337, 2323, 7507, 7504, 7517, 7195
1921, 2298, 2228, 2216, 2276, 7510, 7316, 7483, 7519
1922, 2338, 2299, 2308, 2319, 7520, 7511, 7260, 7521
1923, 2282, 2217, 2241, 2277, 7514, 7336, 7218, 7522
1924, 2324, 2271, 2282, 2310, 7224, 7515, 7523, 7470
1925, 2272, 2273, 2325, 2341, 7487, 7524, 7525, 7526
1926, 2243, 2244, 2299, 2338, 7354, 7527, 7520, 7319
1927, 2325, 2298, 2276, 2341, 7484, 7519, 7255, 7525
1928, 2226, 2287, 2281, 2222, 7459, 7446, 7325, 7438
1929, 2274, 2215, 2240, 2294, 7294, 7433, 7460, 7528
1930, 2221, 2295, 2289, 2232, 7529, 7530, 7457, 7338
1931, 2279, 2225, 2229, 2292, 7482, 7322, 7479, 7531
1932, 2309, 2318, 2292, 2280, 7310, 7532, 7478, 7533
1933, 2280, 2237, 2235, 2286, 7477, 7464, 7534, 7535
1934, 2286, 2235, 2234, 2291, 7534, 7349, 7476, 7536
1935, 2326, 2294, 2290, 2311, 7537, 7461, 7341, 7538
1936, 2284, 2227, 2238, 2293, 7344, 7462, 7539, 7540
1937, 2293, 2238, 2224, 2288, 7539, 7249, 7466, 7312
1938, 2316, 2327, 2286, 2291, 7454, 7541, 7536, 7542
1939, 2307, 2285, 2272, 2341, 7480, 7352, 7526, 7254
1940, 2294, 2326, 2315, 2274, 7537, 7448, 7473, 7528
1941, 2293, 2309, 2327, 2284, 7311, 7543, 7453, 7540
1942, 2295, 2221, 2230, 2297, 7529, 7329, 7544, 7331
1943, 2314, 2317, 2289, 2295, 7440, 7545, 7530, 7334
1944, 2291, 2278, 2311, 2316, 7475, 7546, 7340, 7542
1945, 2297, 2230, 2231, 2296, 7544, 7445, 7469, 7471
1946, 2296, 2266, 2306, 2324, 7468, 7547, 7225, 7472
1947, 2300, 2299, 2244, 2245, 7512, 7527, 7488, 7490
1948, 2321, 2300, 2339, 2313, 7513, 7489, 7508, 7410
1949, 2323, 2328, 2264, 2305, 7421, 7076, 7501, 7196
1950, 2312, 2306, 2266, 2340, 7363, 7547, 7509, 7361
1951, 2318, 2307, 2279, 2292, 7481, 7253, 7531, 7532
1952, 2327, 2309, 2280, 2286, 7543, 7533, 7535, 7541
1953, 2310, 2282, 2277, 2314, 7523, 7522, 7441, 7333
1954, 2326, 2311, 2278, 2281, 7538, 7546, 7326, 7449
1955, 2317, 2315, 2287, 2289, 7474, 7447, 7458, 7545
1956, 2273, 2338, 2319, 2325, 7320, 7521, 7485, 7524
1957, 2320, 2256, 2252, 2249, 7518, 7388, 7366, 7497
1958, 2337, 2211, 2332, 2335, 7506, 7372, 7392, 7516
1959, 2482, 2420, 2361, 2360, 7548, 7549, 7550, 7551
1960, 2362,  584,   37, 2361, 7552, 7553, 7554, 7555
1961, 2361,   37,  585, 2360, 7554, 7556, 7557, 7550
1962,  586, 2360,  585,    8, 7558, 7557, 7559, 7560
1963,  175, 2415, 2420,  176, 7561, 7562, 7563, 4722
1964,  173, 2416, 2414,  174, 7564, 7565, 7566, 4126
1965,  172,  171, 2456, 2419, 4115, 7567, 7568, 7569
1966,  170,  169, 2477, 2418, 4727, 7570, 7571, 7572
1967,  168,  167, 2480, 2417, 4645, 7573, 7574, 7575
1968, 2342, 2413, 2474, 2412, 7576, 7577, 7578, 7579
1969, 2373, 2372, 2466, 2408, 7580, 7581, 7582, 7583
1970, 2377, 2376, 2462, 2406, 7584, 7585, 7586, 7587
1971, 2343, 2406, 2461, 2503, 7588, 7589, 7590, 7591
1972, 2379, 2486, 2344, 2380, 7592, 7593, 7594, 7595
1973, 2345, 2404, 2455, 2507, 7596, 7597, 7598, 7599
1974, 2403, 2454, 2346, 2506, 7600, 7601, 7602, 7603
1975, 2394,  144, 2347, 2504, 7604, 7605, 7606, 7607
1976, 2443, 2395, 2447, 2348, 7608, 7609, 7610, 7611
1977, 2384, 2502, 2349, 2444, 7612, 7613, 7614, 7615
1978, 2350, 2501, 2397, 2449, 7616, 7617, 7618, 7619
1979, 2500, 2351, 2463, 2386, 7620, 7621, 7622, 7623
1980, 2352, 2499, 2399, 2451, 7624, 7625, 7626, 7627
1981, 2498, 2353, 2469, 2388, 7628, 7629, 7630, 7631
1982, 2354, 2497, 2401, 2453, 7632, 7633, 7634, 7635
1983, 2457, 2495, 2496, 2402, 7636, 7637, 7638, 7639
1984, 2479, 2422, 2356, 2392, 7640, 7641, 7642, 7643
1985, 2476, 2423, 2357, 2494, 7644, 7645, 7646, 7647
1986, 2432, 2431, 2489, 2488, 7648, 7649, 7650, 7651
1987,  116, 2359, 2421,  117, 7652, 7653, 7654, 4752
1988, 2481, 2433, 2487, 2358, 7655, 7656, 7657, 7658
1989, 2492, 2493, 2424, 2459, 7659, 7660, 7661, 7662
1990, 2392, 2356, 2423, 2476, 7642, 7663, 7644, 7664
1991, 2391, 2355, 2422, 2479, 7665, 7666, 7640, 7667
1992, 2496, 2354, 2453, 2402, 7668, 7635, 7669, 7638
1993, 2497, 2353, 2452, 2401, 7670, 7671, 7672, 7633
1994, 2498, 2400, 2452, 2353, 7673, 7674, 7671, 7628
1995, 2499, 2351, 2450, 2399, 7675, 7676, 7677, 7625
1996, 2500, 2398, 2450, 2351, 7678, 7679, 7676, 7620
1997,  546,  547, 2385, 2460, 7680, 7681, 7682, 7683
1998, 2502, 2396, 2448, 2349, 7684, 7685, 7686, 7613
1999, 2383, 2347, 2395, 2443, 7687, 7688, 7608, 7689
2000, 2454, 2394, 2382, 2346, 7690, 7691, 7692, 7601
2001, 2507, 2455, 2403, 2506, 7598, 7693, 7603, 7694
2002, 2446, 2404, 2380, 2344, 7695, 7696, 7594, 7697
2003, 2405, 2486, 2503, 2461, 7698, 7699, 7590, 7700
2004, 2374, 2464, 2407, 2375, 7701, 7702, 7703, 7704
2005, 2478, 2468, 2409, 2371, 7705, 7706, 7707, 7708
2006, 2471, 2470, 2410, 2370, 7709, 7710, 7711, 7712
2007,  575,  576, 2437, 2367, 7713, 7714, 7715, 7716
2008, 2417, 2366, 2436, 2477, 7717, 7718, 7719, 7720
2009, 2418, 2365, 2435, 2456, 7721, 7722, 7723, 7724
2010, 2364, 2434, 2416, 2419, 7725, 7726, 7727, 7728
2011, 2363,  583,  584, 2362, 7729, 7730, 7552, 7731
2012, 2363, 2362, 2415, 2414, 7731, 7732, 7733, 7734
2013, 2364,  581,  582, 2434, 7735, 7736, 7737, 7725
2014,  579,  580, 2435, 2365, 7738, 7739, 7722, 7740
2015,  577,  578, 2436, 2366, 7741, 7742, 7718, 7743
2016,  575, 2367, 2438,  574, 7716, 7744, 7745, 7746
2017, 2437, 2480, 2413, 2367, 7747, 7748, 7749, 7715
2018,  573, 2368, 2465,  572, 7750, 7751, 7752, 7753
2019, 2412, 2473, 2485, 2342, 7754, 7755, 7756, 7579
2020,  571, 2369, 2471,  570, 7757, 7758, 7759, 7760
2021, 2473, 2411, 2369, 2465, 7761, 7762, 7763, 7764
2022, 2478,  568,  569, 2370, 7765, 7766, 7767, 7768
2023, 2372,  566,  567, 2371, 7769, 7770, 7771, 7772
2024, 2374,  564,  565, 2373, 7773, 7774, 7775, 7776
2025, 2376,  562,  563, 2375, 7777, 7778, 7779, 7780
2026, 2376, 2375, 2407, 2462, 7780, 7703, 7781, 7585
2027, 2378,  560,  561, 2377, 7782, 7783, 7784, 7785
2028, 2378, 2377, 2406, 2343, 7785, 7587, 7588, 7786
2029, 2379,  558,  559, 2439, 7787, 7788, 7789, 7790
2030, 2503, 2486, 2379, 2439, 7699, 7592, 7790, 7791
2031,  556,  557, 2380, 2440, 7792, 7793, 7794, 7795
2032,  554,  555, 2381, 2441, 7796, 7797, 7798, 7799
2033, 2507, 2505, 2508, 2345, 7800, 7801, 7802, 7599
2034,  553, 2382, 2442,  552, 7803, 7804, 7805, 7806
2035,  550,  551, 2383, 2443, 7807, 7808, 7689, 7809
2036, 2395,  143,  142, 2447, 7810, 4682, 7811, 7609
2037,  548,  549, 2384, 2444, 7812, 7813, 7615, 7814
2038, 2396,  141,  140, 2448, 7815, 4678, 7816, 7685
2039, 2397,  139,  138, 2449, 7817, 4677, 7818, 7618
2040, 2463,  544,  545, 2386, 7819, 7820, 7821, 7622
2041,  137,  136, 2450, 2398, 4671, 7822, 7679, 7823
2042, 2387, 2467,  542,  543, 7824, 7825, 7826, 7827
2043, 2399,  135,  134, 2451, 7828, 4670, 7829, 7626
2044, 2469,  540,  541, 2388, 7830, 7831, 7832, 7630
2045,  133,  132, 2452, 2400, 4668, 7833, 7674, 7834
2046, 2389, 2472,  538,  539, 7835, 7836, 7837, 7838
2047, 2401,  131,  130, 2453, 7839, 3793, 7840, 7634
2048, 2475,  536,  537, 2390, 7841, 7842, 7843, 7844
2049,  129,  128, 2457, 2402, 3791, 7845, 7639, 7846
2050,  533,  534, 2479, 2392, 7847, 7848, 7643, 7849
2051, 2422, 2355, 2483, 2484, 7666, 7850, 7851, 7852
2052,  532, 2476, 2393,  531, 7853, 7854, 7855, 7856
2053, 2423,  125,  124, 2357, 7857, 4743, 7858, 7645
2054,  530, 2445, 2429,  529, 7859, 7860, 7861, 7862
2055, 2424,  123,  122, 2459, 7863, 4740, 7864, 7661
2056,  528, 2430, 2431,  527, 7865, 7866, 7867, 7868
2057, 2425,  121,  120, 2428, 7869, 3750, 7870, 7871
2058,  526, 2432, 2433,  525, 7872, 7873, 7874, 7875
2059, 2426,  119,  118, 2427, 7876, 4736, 7877, 7878
2060,  116,   23,  521, 2359, 4662, 7879, 7880, 7652
2061,  117, 2421, 2427,  118, 7654, 7881, 7877, 3695
2062,  119, 2426, 2428,  120, 7876, 7882, 7870, 4739
2063,  121, 2425, 2459,  122, 7869, 7883, 7864, 3754
2064, 2357,  124,  123, 2424, 7858, 4614, 7863, 7884
2065,  126,  125, 2458, 2484, 4745, 7885, 7886, 7887
2066, 2457,  128,  127, 2483, 7845, 4751, 7888, 7889
2067, 2453,  130,  129, 2402, 7840, 4620, 7846, 7669
2068, 2452,  132,  131, 2401, 7833, 3800, 7839, 7672
2069, 2451,  134,  133, 2400, 7829, 3862, 7834, 7890
2070, 2450,  136,  135, 2399, 7822, 3865, 7828, 7677
2071, 2449,  138,  137, 2398, 7818, 4675, 7823, 7891
2072, 2448,  140,  139, 2397, 7816, 4626, 7817, 7892
2073, 2447,  142,  141, 2396, 7811, 4680, 7815, 7893
2074, 2347,  144,  143, 2395, 7605, 3901, 7810, 7688
2075, 2404, 2345, 2440, 2380, 7596, 7894, 7794, 7696
2076, 2446, 2405,  150,  149, 7895, 7896, 3963, 7897
2077, 2461, 2406,  152,  151, 7589, 7898, 4696, 7899
2078, 2462, 2407,  154,  153, 7781, 7900, 4700, 7901
2079, 2464, 2408,  156,  155, 7902, 7903, 4702, 7904
2080, 2466, 2409,  158,  157, 7905, 7906, 4000, 7907
2081, 2468, 2410,  160,  159, 7908, 7909, 4703, 7910
2082, 2470, 2411,  162,  161, 7911, 7912, 4064, 7913
2083, 2473, 2412,  164,  163, 7754, 7914, 4707, 7915
2084, 2474, 2413,  166,  165, 7577, 7916, 4710, 7917
2085,   36,  524, 2481,  523, 7918, 7919, 7920, 7921
2086, 2358,  522,  523, 2481, 7922, 7923, 7920, 7658
2087,  522, 2358, 2359,  521, 7922, 7924, 7880, 7925
2088,  583, 2363, 2434,  582, 7729, 7926, 7737, 7927
2089,  581, 2364, 2435,  580, 7735, 7928, 7739, 7929
2090, 2436,  578,  579, 2365, 7742, 7930, 7740, 7931
2091, 2437,  576,  577, 2366, 7714, 7932, 7743, 7933
2092, 2438, 2368,  573,  574, 7934, 7750, 7935, 7745
2093, 2465, 2369,  571,  572, 7763, 7757, 7936, 7752
2094, 2471, 2370,  569,  570, 7712, 7767, 7937, 7759
2095, 2478, 2371,  567,  568, 7708, 7771, 7938, 7765
2096,  566, 2372, 2373,  565, 7769, 7580, 7775, 7939
2097, 2374, 2375,  563,  564, 7704, 7779, 7940, 7773
2098,  562, 2376, 2377,  561, 7777, 7584, 7784, 7941
2099, 2378, 2439,  559,  560, 7942, 7789, 7943, 7782
2100,  557,  558, 2379, 2380, 7944, 7787, 7595, 7793
2101,  551,  552, 2442, 2383, 7945, 7805, 7946, 7808
2102,  549,  550, 2443, 2384, 7947, 7809, 7948, 7813
2103,  547,  548, 2444, 2385, 7949, 7814, 7950, 7681
2104, 2386,  545,  546, 2460, 7821, 7951, 7683, 7952
2105, 2463, 2387,  543,  544, 7953, 7827, 7954, 7819
2106, 2467, 2388,  541,  542, 7955, 7832, 7956, 7825
2107, 2469, 2389,  539,  540, 7957, 7838, 7958, 7830
2108, 2472, 2390,  537,  538, 7959, 7843, 7960, 7836
2109, 2475, 2391,  535,  536, 7961, 7962, 7963, 7841
2110,   24,  177, 2482,  587, 4651, 7964, 7965, 7966
2111, 2360,  586,  587, 2482, 7558, 7967, 7965, 7551
2112, 2362, 2361, 2420, 2415, 7555, 7549, 7562, 7732
2113, 2435, 2364, 2419, 2456, 7928, 7728, 7568, 7723
2114, 2436, 2365, 2418, 2477, 7931, 7721, 7571, 7719
2115, 2437, 2366, 2417, 2480, 7933, 7717, 7574, 7747
2116, 2342, 2438, 2367, 2413, 7968, 7744, 7749, 7576
2117, 2465, 2368, 2485, 2473, 7751, 7969, 7755, 7764
2118, 2471, 2369, 2411, 2470, 7758, 7762, 7911, 7709
2119, 2478, 2370, 2410, 2468, 7768, 7711, 7908, 7705
2120, 2372, 2371, 2409, 2466, 7772, 7707, 7905, 7581
2121, 2374, 2373, 2408, 2464, 7776, 7583, 7902, 7701
2122, 2439, 2378, 2343, 2503, 7942, 7786, 7591, 7791
2123, 2505, 2441, 2381, 2508, 7970, 7798, 7971, 7801
2124, 2440, 2381,  555,  556, 7972, 7797, 7973, 7795
2125, 2504, 2442, 2382, 2394, 7974, 7804, 7691, 7607
2126, 2441, 2382,  553,  554, 7975, 7803, 7976, 7799
2127, 2397, 2501, 2349, 2448, 7617, 7977, 7686, 7892
2128, 2350, 2460, 2385, 2501, 7978, 7682, 7979, 7616
2129, 2352, 2467, 2387, 2499, 7980, 7824, 7981, 7624
2130, 2354, 2472, 2389, 2497, 7982, 7835, 7983, 7632
2131, 2475, 2390, 2496, 2495, 7844, 7984, 7637, 7985
2132,  534,  535, 2391, 2479, 7986, 7962, 7667, 7848
2133,  533, 2392, 2476,  532, 7849, 7664, 7853, 7987
2134, 2393, 2493, 2492, 2445, 7988, 7659, 7989, 7990
2135,  530,  531, 2393, 2445, 7991, 7855, 7990, 7859
2136,  145,  144, 2394, 2454, 3905, 7604, 7690, 7992
2137, 2348, 2447, 2396, 2502, 7610, 7893, 7684, 7993
2138, 2449, 2398, 2500, 2350, 7891, 7678, 7994, 7619
2139, 2451, 2400, 2498, 2352, 7890, 7673, 7995, 7627
2140,  147,  146, 2403, 2455, 3961, 7996, 7693, 7997
2141, 2454, 2403,  146,  145, 7600, 7996, 3908, 7992
2142,  148, 2404, 2446,  149, 7998, 7695, 7897, 4630
2143, 2455, 2404,  148,  147, 7597, 7998, 4689, 7997
2144,  150, 2405, 2461,  151, 7896, 7700, 7899, 4694
2145,  153,  152, 2406, 2462, 4698, 7898, 7586, 7901
2146,  154, 2407, 2464,  155, 7900, 7702, 7904, 4537
2147,  157,  156, 2408, 2466, 4635, 7903, 7582, 7907
2148,  159,  158, 2409, 2468, 4007, 7906, 7706, 7910
2149,  161,  160, 2410, 2470, 4637, 7909, 7710, 7913
2150,  163,  162, 2411, 2473, 4068, 7912, 7761, 7915
2151,  165,  164, 2412, 2474, 4639, 7914, 7578, 7917
2152,  167,  166, 2413, 2480, 4642, 7916, 7748, 7573
2153,  174, 2414, 2415,  175, 7566, 7733, 7561, 4191
2154, 2434, 2363, 2414, 2416, 7926, 7734, 7565, 7726
2155, 2416,  173,  172, 2419, 7564, 4122, 7569, 7727
2156,  168, 2417, 2477,  169, 7575, 7720, 7570, 4113
2157,  170, 2418, 2456,  171, 7572, 7724, 7567, 4648
2158,  176, 2420, 2482,  177, 7563, 7548, 7964, 4194
2159, 2427, 2421, 2487, 2488, 7881, 7999, 8000, 8001
2160, 2457, 2483, 2355, 2495, 7889, 7850, 8002, 7636
2161, 2423, 2356, 2458,  125, 7663, 8003, 7885, 7857
2162, 2459, 2425, 2491, 2492, 7883, 8004, 8005, 7662
2163, 2488, 2489, 2426, 2427, 7650, 8006, 7878, 8001
2164, 2491, 2490, 2430, 2429, 8007, 8008, 8009, 8010
2165,  529, 2429, 2430,  528, 7861, 8009, 7865, 8011
2166,  527, 2431, 2432,  526, 7867, 7648, 7872, 8012
2167,  525, 2433, 2481,  524, 7874, 7655, 7919, 8013
2168, 2359, 2358, 2487, 2421, 7924, 7657, 7999, 7653
2169, 2368, 2438, 2342, 2485, 7934, 7968, 7756, 7969
2170, 2381, 2440, 2345, 2508, 7972, 7894, 7802, 7971
2171, 2346, 2382, 2441, 2505, 7692, 7975, 7970, 8014
2172, 2347, 2383, 2442, 2504, 7687, 7946, 7974, 7606
2173, 2384, 2443, 2348, 2502, 7948, 7611, 7993, 7612
2174, 2444, 2349, 2501, 2385, 7614, 7977, 7979, 7950
2175, 2429, 2445, 2492, 2491, 7860, 7989, 8005, 8010
2176, 2422, 2484, 2458, 2356, 7852, 7886, 8003, 7641
2177, 2460, 2350, 2500, 2386, 7978, 7994, 7623, 7952
2178, 2463, 2351, 2499, 2387, 7621, 7675, 7981, 7953
2179, 2467, 2352, 2498, 2388, 7980, 7995, 7631, 7955
2180, 2469, 2353, 2497, 2389, 7629, 7670, 7983, 7957
2181, 2472, 2354, 2496, 2390, 7982, 7668, 7984, 7959
2182, 2355, 2391, 2475, 2495, 7665, 7961, 7985, 8002
2183,  127,  126, 2484, 2483, 4747, 7887, 7851, 7888
2184, 2446, 2344, 2486, 2405, 7697, 7593, 7698, 7895
2185, 2489, 2490, 2428, 2426, 8015, 8016, 7882, 8006
2186, 2490, 2489, 2431, 2430, 8015, 7649, 7866, 8008
2187, 2425, 2428, 2490, 2491, 7871, 8016, 8007, 8004
2188, 2494, 2493, 2393, 2476, 8017, 7988, 7854, 7647
2189, 2424, 2493, 2494, 2357, 7660, 8017, 7646, 7884
2190, 2433, 2432, 2488, 2487, 7873, 7651, 8000, 7656
2191, 2505, 2507, 2506, 2346, 7800, 7694, 7602, 8014
2192, 2538, 2544, 2542, 2540, 8018, 8019, 8020, 8021
2193,  512, 2512, 2525,  513, 8022, 8023, 8024, 7122
2194,  589, 2519, 2512,  588, 8025, 8026, 8027, 8028
2195, 2519, 2542, 2544, 2533, 8029, 8019, 8030, 8031
2196, 2521, 2520,  398,  397, 8032, 8033, 6304, 8034
2197, 2522, 2521,  397,  396, 8035, 8034, 6238, 8036
2198, 2523, 2522,  396,  395, 8037, 8036, 6241, 8038
2199, 2524, 2523,  395,  394, 8039, 8038, 6232, 8040
2200, 2541,  259,  258, 2510, 8041, 5311, 8042, 8043
2201,  261, 2509, 2513,  262, 8044, 8045, 8046, 5304
2202,   25,  263, 2514,  392, 5301, 8047, 8048, 6205
2203,  262, 2513, 2514,  263, 8046, 8049, 8047, 5261
2204, 2517, 2509, 2511, 2515, 8050, 8051, 8052, 8053
2205, 2509,  261,  260, 2511, 8044, 5307, 8054, 8051
2206,   28,  520, 2510,  258, 6990, 8055, 8042, 5250
2207,   35,  588, 2512,  512, 8056, 8027, 8022, 6961
2208, 2525, 2512, 2519, 2533, 8023, 8026, 8031, 8057
2209, 2526, 2525, 2533, 2536, 8058, 8057, 8059, 8060
2210, 2527, 2526, 2536, 2534, 8061, 8060, 8062, 8063
2211, 2529, 2528, 2537, 2535, 8064, 8065, 8066, 8067
2212,  517, 2529, 2530,  518, 8068, 8069, 8070, 7020
2213, 2532, 2515, 2516, 2518, 8071, 8072, 8073, 8074
2214,  520, 2516, 2541, 2510, 8075, 8076, 8043, 8055
2215, 2519,  589,   38, 2542, 8025, 8077, 8078, 8029
2216,   31,  400, 2540,  590, 5998, 8079, 8080, 8081
2217, 2511,  260,  259, 2541, 8054, 5310, 8041, 8082
2218, 2516, 2515, 2511, 2541, 8072, 8052, 8082, 8076
2219,  590, 2540, 2542,   38, 8080, 8020, 8078, 8083
2220, 2517, 2543, 2513, 2509, 8084, 8085, 8045, 8050
2221,  519, 2518, 2516,  520, 8086, 8073, 8075, 6989
2222, 2514, 2531,  393,  392, 8087, 8088, 6201, 8048
2223, 2524,  394,  393, 2531, 8040, 6384, 8088, 8089
2224, 2518,  519,  518, 2530, 8086, 7026, 8070, 8090
2225, 2520, 2533, 2544, 2538, 8091, 8030, 8018, 8092
2226,  399,  398, 2520, 2538, 6472, 8033, 8092, 8093
2227,  513, 2525, 2526,  514, 8024, 8058, 8094, 7125
2228,  514, 2526, 2527,  515, 8094, 8061, 8095, 7121
2229,  515, 2527, 2528,  516, 8095, 8096, 8097, 6760
2230,  516, 2528, 2529,  517, 8097, 8064, 8068, 6756
2231, 2531, 2543, 2532, 2539, 8098, 8099, 8100, 8101
2232, 2534, 2536, 2521, 2522, 8062, 8102, 8035, 8103
2233, 2528, 2527, 2534, 2537, 8096, 8063, 8104, 8065
2234, 2535, 2537, 2523, 2524, 8066, 8105, 8039, 8106
2235, 2530, 2529, 2535, 2539, 8069, 8067, 8107, 8108
2236, 2543, 2517, 2515, 2532, 8084, 8053, 8071, 8099
2237, 2539, 2532, 2518, 2530, 8100, 8074, 8090, 8108
2238, 2539, 2535, 2524, 2531, 8107, 8106, 8089, 8101
2239, 2536, 2533, 2520, 2521, 8059, 8091, 8032, 8102
2240, 2537, 2534, 2522, 2523, 8104, 8103, 8037, 8105
2241,  400,  399, 2538, 2540, 6308, 8093, 8021, 8079
2242, 2543, 2531, 2514, 2513, 8098, 8087, 8049, 8085
2243, 2802, 2801, 2728, 2724, 8109, 8110, 8111, 8112
2244,  242, 3143, 2740,  243, 8113, 8114, 8115, 5297
2245, 2811, 2545, 2839, 2812, 8116, 8117, 8118, 8119
2246, 2808, 2813, 2744, 2739, 8120, 8121, 8122, 8123
2247, 2734,  250,  249, 2738, 8124, 5372, 8125, 8126
2248, 2737, 2743, 2807, 2814, 8127, 8128, 8129, 8130
2249, 2816, 2815, 2736, 2742, 8131, 8132, 8133, 8134
2250, 2733,  257,  256, 2741, 8135, 5367, 8136, 8137
2251,   28,  257, 2733,  441, 5249, 8135, 8138, 6991
2252,  324,  323, 2724, 2728, 5854, 8139, 8111, 8140
2253, 2803, 2732, 2725, 2804, 8141, 8142, 8143, 8144
2254, 2852, 2858, 2824, 2847, 8145, 8146, 8147, 8148
2255, 3200, 2955, 2559, 3012, 8149, 8150, 8151, 8152
2256, 3042, 3062, 3052, 2565, 8153, 8154, 8155, 8156
2257, 3083, 3194, 3181, 3089, 8157, 8158, 8159, 8160
2258, 2586, 2580, 2579, 2585, 8161, 8162, 8163, 8164
2259,  450,  449, 2586, 3109, 6940, 8165, 8166, 8167
2260, 2580, 2586,  449,  448, 8161, 8165, 7003, 8168
2261, 2574, 2580,  448,  447, 8169, 8168, 7001, 8170
2262, 2573, 3140, 3130, 3091, 8171, 8172, 8173, 8174
2263, 3045, 3054, 3033, 3171, 8175, 8176, 8177, 8178
2264, 2970, 2990, 3012, 2992, 8179, 8180, 8181, 8182
2265, 2855, 2547, 2841, 3179, 8183, 8184, 8185, 8186
2266, 2822, 2848, 2803, 2804, 8187, 8188, 8144, 8189
2267, 2853, 2928, 2552, 2891, 8190, 8191, 8192, 8193
2268,  321,  320, 2729, 2725, 5847, 8194, 8195, 8196
2269,  320,  319, 2726, 2729, 5857, 8197, 8198, 8194
2270, 2974, 2874, 2838, 2996, 8199, 8200, 8201, 8202
2271, 2949, 3009, 2943, 3213, 8203, 8204, 8205, 8206
2272, 2571, 2986, 3021, 3073, 8207, 8208, 8209, 8210
2273, 2578, 3182, 3043, 3068, 8211, 8212, 8213, 8214
2274, 2586, 2585, 3137, 3109, 8164, 8215, 8216, 8166
2275,  451,  450, 3109, 2592, 7005, 8167, 8217, 8218
2276, 2729, 2774, 2804, 2725, 8219, 8220, 8143, 8195
2277, 2758, 2730, 2727, 2805, 8221, 8222, 8223, 8224
2278, 2800, 2731, 2672, 2961, 8225, 8226, 8227, 8228
2279,  313,  312, 2700, 2673, 5834, 8229, 8230, 8231
2280,  311,  310, 2701, 2674, 5831, 8232, 8233, 8234
2281, 2759, 2674, 2701, 2777, 8235, 8233, 8236, 8237
2282,  310,  309, 2675, 2701, 5866, 8238, 8239, 8232
2283, 2760, 2675, 2702, 2778, 8240, 8241, 8242, 8243
2284, 2880, 2834, 3151, 2887, 8244, 8245, 8246, 8247
2285, 2924, 2947, 3214, 2950, 8248, 8249, 8250, 8251
2286, 3170, 3030, 3106, 3169, 8252, 8253, 8254, 8255
2287, 2607, 2602, 3060, 3188, 8256, 8257, 8258, 8259
2288, 2615, 2609, 2608, 2614, 8260, 8261, 8262, 8263
2289,  457,  456, 2615, 3111, 7038, 8264, 8265, 8266
2290, 2609, 2615,  456,  455, 8260, 8264, 6788, 8267
2291, 3113, 2609,  455,  454, 8268, 8267, 7035, 8269
2292, 3113, 2598, 3141, 3132, 8270, 8271, 8272, 8273
2293, 3057, 3168, 3067, 3157, 8274, 8275, 8276, 8277
2294, 3024, 3196, 3029, 2583, 8278, 8279, 8280, 8281
2295, 2944, 2582, 2993, 3223, 8282, 8283, 8284, 8285
2296, 2576, 2960, 2854, 2865, 8286, 8287, 8288, 8289
2297, 2896, 2575, 2760, 2778, 8290, 8291, 8243, 8292
2298, 2865, 2895, 2939, 2576, 8293, 8294, 8295, 8289
2299,  308,  307, 2676, 2702, 5868, 8296, 8297, 8298
2300,  306,  305, 2677, 2703, 5870, 8299, 8300, 8301
2301, 2911, 3184, 2924, 2588, 8302, 8303, 8304, 8305
2302, 2976, 2982, 3183, 2595, 8306, 8307, 8308, 8309
2303, 2607, 3059, 3079, 3078, 8310, 8311, 8312, 8313
2304, 3138, 2619, 3139, 3175, 8314, 8315, 8316, 8317
2305,  458,  457, 3111, 2620, 7041, 8266, 8318, 8319
2306, 2703, 2779, 2866, 2676, 8320, 8321, 8322, 8323
2307, 2704, 2860, 2761, 2677, 8324, 8325, 8326, 8327
2308, 2705, 2780, 2770, 2678, 8328, 8329, 8330, 8331
2309, 2781, 2851, 2593, 2771, 8332, 8333, 8334, 8335
2310,  298,  297, 2681, 2707, 5879, 8336, 8337, 8338
2311,  297,  296, 2708, 2681, 5967, 8339, 8340, 8336
2312,  296,  295, 2682, 2708, 5975, 8341, 8342, 8339
2313, 2762, 2682, 2683, 2795, 8343, 8344, 8345, 8346
2314, 3017, 3019, 2985, 2622, 8347, 8348, 8349, 8350
2315, 3050, 3036, 2628, 3065, 8351, 8352, 8353, 8354
2316, 3072, 3084, 3088, 2629, 8355, 8356, 8357, 8358
2317, 2643, 2637, 2636, 2642, 8359, 8360, 8361, 8362
2318,  464,  463, 2643, 3134, 7051, 8363, 8364, 8365
2319, 2637, 2643,  463,  462, 8359, 8363, 6813, 8366
2320, 2631, 2637,  462,  461, 8367, 8366, 6802, 8368
2321, 2630, 3128, 3092, 3076, 8369, 8370, 8371, 8372
2322, 2623, 3126, 3105, 3031, 8373, 8374, 8375, 8376
2323, 2618, 3038, 3199, 3013, 8377, 8378, 8379, 8380
2324, 2938, 2868, 2899, 2981, 8381, 8382, 8383, 8384
2325, 2762, 2835, 2604, 2871, 8385, 8386, 8387, 8388
2326, 2941, 2885, 2884, 3216, 8389, 8390, 8391, 8392
2327, 2683, 2682,  295,  294, 8344, 8341, 5972, 8393
2328,  292,  291, 2710, 2684, 5884, 8394, 8395, 8396
2329, 2616, 2898, 2867, 3154, 8397, 8398, 8399, 8400
2330, 2629, 3050, 3065, 3072, 8401, 8354, 8402, 8358
2331, 3118, 3145, 2642, 3098, 8403, 8404, 8405, 8406
2332,  465,  464, 3134, 3120, 6993, 8365, 8407, 8408
2333, 2763, 2684, 2710, 2764, 8409, 8395, 8410, 8411
2334, 2685, 2772, 2764, 2710, 8412, 8413, 8410, 8414
2335, 2783, 2711, 2686, 2798, 8415, 8416, 8417, 8418
2336, 2796, 2698, 2713, 2875, 8419, 8420, 8421, 8422
2337,  284,  283, 2714, 2687, 5656, 8423, 8424, 8425
2338, 2765, 2687, 2714, 2785, 8426, 8424, 8427, 8428
2339,  283,  282, 2688, 2714, 5984, 8429, 8430, 8423
2340, 2715, 2786, 2861, 2688, 8431, 8432, 8433, 8434
2341, 2645, 2965, 2975, 3201, 8435, 8436, 8437, 8438
2342, 3071, 3172, 3066, 3086, 8439, 8440, 8441, 8442
2343, 2658, 3095, 2659, 3087, 8443, 8444, 8445, 8446
2344, 2671, 2665, 3117, 2670, 8447, 8448, 8449, 8450
2345,  470, 2671, 3102,  471, 8451, 8452, 8453, 6861
2346, 2665, 2671,  470,  469, 8447, 8451, 7072, 8454
2347, 3112, 2665,  469,  468, 8455, 8454, 7062, 8456
2348, 2653, 3119, 2660, 2654, 8457, 8458, 8459, 8460
2349, 3097, 3096, 3093, 3094, 8461, 8462, 8463, 8464
2350, 3101, 3028, 3201, 2646, 8465, 8466, 8467, 8468
2351, 3011, 2640, 3034, 3027, 8469, 8470, 8471, 8472
2352, 2881, 3220, 2997, 2888, 8473, 8474, 8475, 8476
2353, 2831, 2909, 2786, 2766, 8477, 8478, 8479, 8480
2354, 2633, 3219, 2991, 3027, 8481, 8482, 8483, 8484
2355,  280,  279, 2716, 2689, 5648, 8485, 8486, 8487
2356,  279,  278, 2690, 2716, 5986, 8488, 8489, 8485
2357, 2829, 2905, 2873, 2644, 8490, 8491, 8492, 8493
2358, 3090, 3086, 2657, 3103, 8494, 8495, 8496, 8497
2359, 2664, 2663, 2890, 3117, 8498, 8499, 8500, 8501
2360, 2671, 2670, 2756, 3102, 8450, 8502, 8503, 8452
2361,  471, 3102,  601,   33, 8453, 8504, 8505, 6858
2362, 2716, 2787, 2766, 2689, 8506, 8507, 8508, 8486
2363, 2717, 2788, 2767, 2690, 8509, 8510, 8511, 8512
2364, 2789, 2718, 2692, 2876, 8513, 8514, 8515, 8516
2365,  272,  271, 2720, 2693, 5632, 8517, 8518, 8519
2366,  270,  269, 2721, 2694, 5628, 8520, 8521, 8522
2367, 2768, 2694, 2721, 2791, 8523, 8521, 8524, 8525
2368,  269,  268, 2695, 2721, 5965, 8526, 8527, 8520
2369, 2696, 2842, 2769, 2722, 8528, 8529, 8530, 8531
2370, 2819, 2749, 2750, 2843, 8532, 8533, 8534, 8535
2371, 2751, 2750,  594,  595, 8536, 8537, 8538, 8539
2372, 2751, 2752, 2935, 2667, 8540, 8541, 8542, 8543
2373, 2753, 2752,  596,  597, 8544, 8545, 8546, 8547
2374, 2753, 2754, 2820, 2668, 8548, 8549, 8550, 8551
2375, 2668, 2820, 2845, 3007, 8550, 8552, 8553, 8554
2376, 3086, 3090, 2658, 3071, 8494, 8555, 8556, 8442
2377, 3173, 2656, 2936, 2959, 8557, 8558, 8559, 8560
2378, 3080, 3192, 3025, 3198, 8561, 8562, 8563, 8564
2379, 3156, 2878, 3176, 2833, 8565, 8566, 8567, 8568
2380, 2797, 2693, 2720, 2864, 8569, 8518, 8570, 8571
2381, 2878, 3174, 2998, 3176, 8572, 8573, 8574, 8566
2382, 2823, 2908, 2768, 2791, 8575, 8576, 8525, 8577
2383, 2936, 2963, 2919, 2661, 8578, 8579, 8580, 8581
2384, 2840, 2837, 2863, 2666, 8582, 8583, 8584, 8585
2385, 2914, 2886, 2667, 2935, 8586, 8587, 8542, 8588
2386, 2661, 2886, 2914, 2989, 8589, 8586, 8590, 8591
2387, 2820, 2669, 2890, 2845, 8592, 8593, 8594, 8552
2388,  267,  266, 2696, 2722, 5964, 8595, 8531, 8596
2389,  265,  264, 2697, 2723, 5990, 8597, 8598, 8599
2390, 2748,  592,  593, 2749, 8600, 8601, 8602, 8603
2391,  591,  592, 2748, 2697, 8604, 8600, 8605, 8606
2392, 2754, 2753,  597,  598, 8548, 8547, 8607, 8608
2393, 2755, 2754,  598,  599, 8609, 8608, 8610, 8611
2394, 2670, 3117, 2890, 2669, 8449, 8500, 8593, 8612
2395, 2754, 2755, 2669, 2820, 8609, 8613, 8592, 8549
2396, 2660, 3112,  468,  467, 8614, 8456, 7055, 8615
2397,  467,  466, 2654, 2660, 6865, 8616, 8459, 8615
2398, 2649, 2654, 3120, 3118, 8617, 8618, 8619, 8620
2399, 3094, 2649, 2648, 3097, 8621, 8622, 8623, 8464
2400, 3164, 3098, 2641, 3100, 8624, 8625, 8626, 8627
2401, 3028, 3056, 2640, 3010, 8628, 8629, 8630, 8631
2402, 2648, 3098, 3164, 3097, 8632, 8624, 8633, 8623
2403, 2654, 2649, 3094, 2653, 8617, 8621, 8634, 8460
2404, 3093, 3158, 2653, 3094, 8635, 8636, 8634, 8463
2405,  461,  460, 3136, 2631, 7049, 8637, 8638, 8368
2406,  460,  459, 2625, 3136, 7046, 8639, 8640, 8637
2407,  459,  458, 2620, 2625, 6911, 8319, 8641, 8639
2408, 2625, 2620, 3146, 2624, 8641, 8642, 8643, 8644
2409, 2615, 2614, 3131, 3111, 8263, 8645, 8646, 8265
2410, 3175, 3139, 3124, 3114, 8316, 8647, 8648, 8649
2411, 3175, 3105, 3126, 3138, 8650, 8374, 8651, 8317
2412, 3092, 3128, 2624, 3159, 8370, 8652, 8653, 8654
2413, 3113,  454,  453, 2598, 8269, 7032, 8655, 8270
2414, 2598,  453,  452, 3129, 8655, 6931, 8656, 8657
2415,  451, 2592, 3129,  452, 8218, 8658, 8656, 7008
2416, 3142, 3129, 2592, 2591, 8659, 8658, 8660, 8661
2417, 3157, 3142, 2591, 3160, 8662, 8661, 8663, 8664
2418, 2592, 3109, 3137, 2591, 8217, 8216, 8665, 8660
2419, 3104, 3122, 2584, 3195, 8666, 8667, 8668, 8669
2420, 3122, 3104, 2590, 3160, 8666, 8670, 8671, 8672
2421, 3141, 2598, 2597, 3121, 8271, 8673, 8674, 8675
2422,  447,  446, 3135, 2574, 6949, 8676, 8677, 8170
2423,  446,  445, 2568, 3135, 6966, 8678, 8679, 8676
2424,  445,  444, 2562, 2568, 6973, 8680, 8681, 8678
2425,  444,  443, 3110, 2562, 7024, 8682, 8683, 8680
2426, 3110,  443,  442, 2917, 8682, 6982, 8684, 8685
2427, 2917, 2882, 2556, 3110, 8686, 8687, 8688, 8685
2428, 2549, 3148, 2912, 3165, 8689, 8690, 8691, 8692
2429, 3163, 2882, 2550, 2846, 8693, 8694, 8695, 8696
2430, 2900, 2994, 3178, 2912, 8697, 8698, 8699, 8700
2431, 2934, 2554, 2952, 3166, 8701, 8702, 8703, 8704
2432, 3045, 2566, 3115, 3054, 8705, 8706, 8707, 8175
2433, 2567, 3115, 3130, 3140, 8708, 8709, 8172, 8710
2434, 3140, 3135, 2568, 2567, 8711, 8679, 8712, 8710
2435, 2733, 2917,  442,  441, 8713, 8684, 6984, 8138
2436,  255, 2736, 2741,  256, 8714, 8715, 8136, 5267
2437, 2742, 2737, 2814, 2816, 8716, 8130, 8717, 8134
2438,  252, 2743, 2737,  253, 8718, 8127, 8719, 5227
2439, 2738,  249,  248, 2746, 8125, 5327, 8720, 8721
2440,  246, 2739, 2744,  247, 8722, 8122, 8723, 5392
2441, 2735,  245,  244, 2747, 8724, 5243, 8725, 8726
2442, 3149, 2893, 3179, 2841, 8727, 8728, 8185, 8729
2443, 2879, 2844, 2547, 2855, 8730, 8731, 8183, 8732
2444, 2809, 2844, 2548, 2818, 8733, 8734, 8735, 8736
2445, 2956, 2964, 2980, 2990, 8737, 8738, 8739, 8740
2446, 2964, 2956, 2925, 2923, 8737, 8741, 8742, 8743
2447, 3191, 2970, 2554, 2934, 8744, 8745, 8701, 8746
2448, 2992, 2952, 2554, 2970, 8747, 8702, 8745, 8182
2449, 2953, 2556, 2940, 2555, 8748, 8749, 8750, 8751
2450, 2874, 2852, 2847, 2557, 8752, 8148, 8753, 8754
2451, 3064, 3052, 3045, 3171, 8755, 8756, 8178, 8757
2452, 2567, 3147, 3054, 3115, 8758, 8759, 8707, 8708
2453, 2838, 2805, 2800, 3150, 8760, 8761, 8762, 8763
2454, 2957, 2943, 2564, 2942, 8764, 8765, 8766, 8767
2455, 2929, 2960, 3224, 2966, 8768, 8769, 8770, 8771
2456, 2583, 3041, 3008, 2993, 8772, 8773, 8774, 8775
2457, 3068, 3043, 3195, 2584, 8213, 8776, 8668, 8777
2458, 3020, 2979, 3006, 2565, 8778, 8779, 8780, 8781
2459, 3062, 2572, 3074, 2566, 8782, 8783, 8784, 8785
2460,  314,  313, 2673, 2699, 5862, 8231, 8786, 8787
2461, 2930, 2872, 2570, 2949, 8788, 8789, 8790, 8791
2462, 2849, 2821, 2854, 2892, 8792, 8793, 8794, 8795
2463, 2576, 2939, 2951, 3058, 8295, 8796, 8797, 8798
2464, 3044, 3009, 2949, 2570, 8799, 8203, 8790, 8800
2465, 3062, 3042, 3073, 2572, 8153, 8801, 8802, 8782
2466, 3081, 3091, 3089, 3181, 8803, 8804, 8159, 8805
2467, 3058, 3224, 2960, 2576, 8806, 8769, 8286, 8798
2468, 2986, 2577, 3208, 3021, 8807, 8808, 8809, 8208
2469, 3024, 2983, 2589, 3196, 8810, 8811, 8812, 8278
2470, 2967, 2983, 3024, 2999, 8813, 8810, 8814, 8815
2471, 2880, 2887, 2967, 2582, 8247, 8816, 8817, 8818
2472, 3057, 3023, 3039, 3168, 8819, 8820, 8821, 8274
2473, 3040, 3186, 3023, 3057, 8822, 8823, 8819, 8824
2474, 2593, 2902, 2901, 3152, 8825, 8826, 8827, 8828
2475, 2938, 2948, 2600, 3209, 8829, 8830, 8831, 8832
2476, 3059, 3063, 3055, 2613, 8833, 8834, 8835, 8836
2477, 3079, 3059, 2613, 3124, 8311, 8836, 8837, 8838
2478, 3214, 2982, 2976, 2950, 8839, 8306, 8840, 8250
2479, 3167, 3127, 3106, 3030, 8841, 8842, 8253, 8843
2480, 3121, 2596, 3106, 3127, 8844, 8845, 8842, 8846
2481, 2781, 2706, 2680, 2793, 8847, 8848, 8849, 8850
2482, 2851, 3002, 2902, 2593, 8851, 8852, 8825, 8333
2483, 2899, 2868, 2825, 2904, 8382, 8853, 8854, 8855
2484, 2962, 3000, 3226, 2605, 8856, 8857, 8858, 8859
2485, 3059, 2607, 3188, 3063, 8310, 8259, 8860, 8833
2486, 3189, 3026, 2984, 3016, 8861, 8862, 8863, 8864
2487, 3016, 2601, 3030, 3170, 8865, 8866, 8252, 8867
2488, 2609, 3113, 3132, 2608, 8268, 8273, 8868, 8261
2489, 2603, 3078, 3132, 3141, 8869, 8870, 8272, 8871
2490, 2948, 2938, 2981, 3225, 8829, 8384, 8872, 8873
2491, 3051, 3060, 3047, 3037, 8874, 8875, 8876, 8877
2492, 2602, 2607, 3078, 2603, 8256, 8313, 8869, 8878
2493, 2922, 2945, 2611, 2910, 8879, 8880, 8881, 8882
2494, 2867, 2617, 2945, 2922, 8883, 8884, 8879, 8885
2495, 3031, 3017, 2622, 3048, 8886, 8350, 8887, 8888
2496, 3125, 3017, 3031, 3105, 8889, 8886, 8375, 8890
2497, 2772, 2685, 2711, 2783, 8412, 8891, 8415, 8892
2498, 2850, 3001, 2898, 2616, 8893, 8894, 8397, 8895
2499, 2903, 2869, 2827, 2906, 8896, 8897, 8898, 8899
2500, 3069, 3034, 3049, 2635, 8900, 8901, 8902, 8903
2501, 3049, 2641, 3082, 2635, 8904, 8905, 8906, 8902
2502, 3019, 2995, 2617, 3218, 8907, 8908, 8909, 8910
2503, 2629, 3076, 3061, 3050, 8911, 8912, 8913, 8401
2504, 3061, 3076, 3092, 2623, 8912, 8371, 8914, 8915
2505,  287,  286, 2698, 2712, 5983, 8916, 8917, 8918
2506, 3227, 2869, 2903, 2978, 8919, 8896, 8920, 8921
2507, 2836, 3155, 2881, 2888, 8922, 8923, 8476, 8924
2508, 3034, 2640, 3056, 3049, 8470, 8629, 8925, 8901
2509, 2946, 3227, 2978, 3003, 8926, 8921, 8927, 8928
2510, 3050, 3061, 3048, 3036, 8913, 8929, 8930, 8351
2511, 2630, 3088, 3116, 2631, 8931, 8932, 8933, 8934
2512, 2997, 2633, 3046, 3014, 8935, 8936, 8937, 8938
2513, 3072, 3065, 3070, 2635, 8402, 8939, 8940, 8941
2514, 3084, 3072, 2635, 3082, 8355, 8941, 8906, 8942
2515, 3202, 3190, 2645, 3201, 8943, 8944, 8438, 8945
2516, 3203, 3190, 3202, 3010, 8946, 8943, 8947, 8948
2517, 2894, 2639, 2856, 2832, 8949, 8950, 8951, 8952
2518, 3053, 3035, 2652, 3066, 8953, 8954, 8955, 8956
2519, 3035, 3053, 3099, 3206, 8953, 8957, 8958, 8959
2520, 2773, 2691, 2718, 2789, 8960, 8961, 8513, 8962
2521, 2965, 2873, 2905, 2977, 8963, 8491, 8964, 8965
2522, 3206, 3207, 2977, 2651, 8966, 8967, 8968, 8969
2523, 3080, 3086, 3066, 2652, 8970, 8441, 8955, 8971
2524, 3133, 2665, 3112, 3144, 8972, 8455, 8973, 8974
2525, 2664, 3133, 2659, 3095, 8975, 8976, 8444, 8977
2526, 3103, 2988, 3162, 3161, 8978, 8979, 8980, 8981
2527, 2837, 2859, 2919, 2823, 8982, 8983, 8984, 8985
2528, 2803, 2802, 2724, 2732, 8986, 8112, 8987, 8141
2529, 2774, 2729, 2726, 2806, 8219, 8198, 8988, 8989
2530, 2727, 2730,  318,  317, 8222, 8990, 5859, 8991
2531, 2672, 2731,  316,  315, 8226, 8992, 5860, 8993
2532, 2775, 2699, 2673, 2792, 8994, 8786, 8995, 8996
2533, 2776, 2700, 2674, 2759, 8997, 8998, 8235, 8999
2534, 2675, 2760, 2777, 2701, 8240, 9000, 8236, 8239
2535, 2677, 2761, 2779, 2703, 8326, 9001, 8320, 8300
2536, 2860, 2704, 2678, 2770, 8324, 9002, 8330, 9003
2537, 2679, 2771, 2780, 2705, 9004, 9005, 8328, 9006
2538, 2706, 2781, 2771, 2679, 8847, 8335, 9004, 9007
2539, 2782, 2707, 2681, 2794, 9008, 8337, 9009, 9010
2540, 2871, 2708, 2682, 2762, 9011, 8342, 8343, 8388
2541, 2862, 2709, 2684, 2763, 9012, 9013, 8409, 9014
2542, 2685, 2710,  291,  290, 8414, 8394, 5979, 9015
2543, 2784, 2712, 2698, 2796, 9016, 8917, 8419, 9017
2544, 2687, 2713,  285,  284, 9018, 9019, 5804, 8425
2545, 2689, 2766, 2786, 2715, 8508, 8479, 8431, 9020
2546, 2787, 2716, 2690, 2767, 8506, 8489, 8511, 9021
2547, 2788, 2717, 2691, 2773, 8509, 9022, 8960, 9023
2548, 2790, 2719, 2693, 2797, 9024, 9025, 8569, 9026
2549, 2864, 2720, 2694, 2768, 8570, 9027, 8523, 9028
2550, 2695, 2799, 2791, 2721, 9029, 9030, 8524, 8527
2551, 2723, 2697, 2748, 2757, 8598, 8605, 9031, 9032
2552,  264,   29,  591, 2697, 5922, 9033, 8606, 8597
2553, 2750, 2749,  593,  594, 8533, 8602, 9034, 8537
2554, 2752, 2751,  595,  596, 8540, 8539, 9035, 8545
2555,  599,  600, 2756, 2755, 9036, 9037, 9038, 8611
2556, 2741, 2736, 2815, 3108, 8715, 8132, 9039, 9040
2557, 2736,  255,  254, 2742, 8714, 5234, 9041, 8133
2558,  250, 2734, 2745,  251, 8124, 9042, 9043, 5374
2559,  247, 2744, 2746,  248, 8723, 9044, 8720, 5331
2560,  245, 2735, 2739,  246, 8724, 9045, 8722, 5335
2561,  243, 2740, 2747,  244, 8115, 9046, 8725, 5411
2562,   27,  325, 3143,  242, 5735, 9047, 8113, 5247
2563,  315,  314, 2699, 2672, 5837, 8787, 9048, 8993
2564, 2699, 2775, 2961, 2672, 8994, 9049, 8227, 9048
2565, 2700, 2776, 2792, 2673, 8997, 9050, 8995, 8230
2566,  312,  311, 2674, 2700, 5864, 8234, 8998, 8229
2567,  309,  308, 2702, 2675, 5710, 8298, 8241, 8238
2568,  307,  306, 2703, 2676, 5828, 8301, 8323, 8296
2569, 2778, 2702, 2676, 2866, 8242, 8297, 8322, 9051
2570,  305,  304, 2704, 2677, 5825, 9052, 8327, 8299
2571,  304,  303, 2678, 2704, 5872, 9053, 9002, 9052
2572,  303,  302, 2705, 2678, 5822, 9054, 8331, 9053
2573,  302,  301, 2679, 2705, 5874, 9055, 9006, 9054
2574,  301,  300, 2706, 2679, 5819, 9056, 9007, 9055
2575,  300,  299, 2680, 2706, 5876, 9057, 8848, 9056
2576,  299,  298, 2707, 2680, 5814, 8338, 9058, 9057
2577, 2794, 2681, 2708, 2871, 9009, 8340, 9011, 9059
2578, 2707, 2782, 2793, 2680, 9008, 9060, 8849, 9058
2579,  294,  293, 2709, 2683, 5978, 9061, 9062, 8393
2580, 2795, 2683, 2709, 2862, 8345, 9062, 9012, 9063
2581,  293,  292, 2684, 2709, 5976, 8396, 9013, 9061
2582,  290,  289, 2711, 2685, 5887, 9064, 8891, 9015
2583,  289,  288, 2686, 2711, 5980, 9065, 8416, 9064
2584,  288,  287, 2712, 2686, 5890, 8918, 9066, 9065
2585,  282,  281, 2715, 2688, 5652, 9067, 8434, 8429
2586, 2785, 2714, 2688, 2861, 8427, 8430, 8433, 9068
2587,  281,  280, 2689, 2715, 5985, 8487, 9020, 9067
2588,  278,  277, 2717, 2690, 5644, 9069, 8512, 8488
2589,  277,  276, 2691, 2717, 5987, 9070, 9022, 9069
2590,  276,  275, 2718, 2691, 5640, 9071, 8961, 9070
2591,  275,  274, 2692, 2718, 5988, 9072, 8514, 9071
2592,  274,  273, 2719, 2692, 5636, 9073, 9074, 9072
2593, 2719, 2790, 2876, 2692, 9024, 9075, 8515, 9074
2594,  273,  272, 2693, 2719, 5989, 8519, 9025, 9073
2595,  271,  270, 2694, 2720, 5966, 8522, 9027, 8517
2596,  268,  267, 2722, 2695, 5627, 8596, 9076, 8526
2597,  266,  265, 2723, 2696, 5623, 8599, 9077, 8595
2598, 2723, 2757, 2842, 2696, 9032, 9078, 8528, 9077
2599, 2712, 2784, 2798, 2686, 9016, 9079, 8417, 9066
2600, 2713, 2698,  286,  285, 8420, 8916, 5893, 9019
2601, 2875, 2713, 2687, 2765, 8421, 9018, 8426, 9080
2602, 2799, 2695, 2722, 2769, 9029, 9076, 8530, 9081
2603,  323,  322, 2732, 2724, 5850, 9082, 8987, 8139
2604, 2747, 2740, 2801, 2811, 9046, 9083, 9084, 9085
2605,  322,  321, 2725, 2732, 5855, 8196, 8142, 9082
2606, 2803, 2848, 2545, 2802, 8188, 9086, 9087, 8986
2607,  319,  318, 2730, 2726, 5843, 8990, 9088, 8197
2608, 2806, 2758, 2847, 2824, 9089, 9090, 8147, 9091
2609, 2731, 2727,  317,  316, 9092, 8991, 5840, 8992
2610, 2728, 3143,  325,  324, 9093, 9047, 5731, 8140
2611, 2730, 2758, 2806, 2726, 8221, 9089, 8988, 9088
2612, 2733, 2741, 3108, 2917, 8137, 9040, 9094, 8713
2613, 2734, 2738, 2817, 2809, 8126, 9095, 9096, 9097
2614,  251, 2745, 2743,  252, 9043, 9098, 8718, 5277
2615, 2546, 2808, 2812, 2839, 9099, 9100, 8118, 9101
2616, 2742,  254,  253, 2737, 9041, 5314, 8719, 8716
2617, 2547, 2817, 2810, 2841, 9102, 9103, 9104, 8184
2618, 2728, 2801, 2740, 3143, 8110, 9083, 8114, 9093
2619, 2743, 2745, 2818, 2807, 9098, 9105, 9106, 8128
2620, 3149, 2813, 2808, 2546, 9107, 8120, 9099, 9108
2621, 2745, 2734, 2809, 2818, 9042, 9097, 8736, 9105
2622, 2813, 2810, 2746, 2744, 9109, 9110, 9044, 8121
2623, 2748, 2749, 2819, 2757, 8603, 8532, 9111, 9031
2624, 2751, 2667, 2843, 2750, 8543, 9112, 8534, 8536
2625, 2668, 2935, 2752, 2753, 9113, 8541, 8544, 8551
2626, 2670, 2669, 2755, 2756, 8612, 8613, 9038, 8502
2627, 3102, 2756,  600,  601, 8503, 9037, 9114, 8504
2628, 2666, 2842, 2757, 2819, 9115, 9078, 9111, 9116
2629, 2805, 2727, 2731, 2800, 8223, 9092, 8225, 8761
2630, 2774, 2806, 2824, 2551, 8989, 9091, 9117, 9118
2631, 2759, 2777, 2821, 2849, 8237, 9119, 8792, 9120
2632, 2776, 2759, 2849, 2569, 8999, 9120, 9121, 9122
2633, 2777, 2760, 2575, 2821, 9000, 8291, 9123, 9119
2634, 3151, 2761, 2860, 2587, 9124, 8325, 9125, 9126
2635, 2834, 2779, 2761, 3151, 9127, 9001, 9124, 8245
2636, 2835, 2762, 2795, 3153, 8385, 8346, 9128, 9129
2637, 2826, 2763, 2764, 3154, 9130, 8411, 9131, 9132
2638, 2610, 2862, 2763, 2826, 9133, 9014, 9130, 9134
2639, 2836, 2765, 2785, 3155, 9135, 8428, 9136, 8922
2640, 2626, 2875, 2765, 2836, 9137, 9080, 9135, 9138
2641, 2638, 2831, 2766, 2787, 9139, 8480, 8507, 9140
2642, 2857, 2767, 2788, 2644, 9141, 8510, 9142, 9143
2643, 2767, 2832, 2638, 2787, 9144, 9145, 9140, 9021
2644, 2655, 2864, 2768, 2908, 9146, 9028, 8576, 9147
2645, 2863, 2769, 2842, 2666, 9148, 8529, 9115, 8584
2646, 2799, 2769, 2863, 2837, 9081, 9148, 8583, 9149
2647, 2828, 2770, 2780, 3152, 9150, 8329, 9151, 9152
2648, 2587, 2860, 2770, 2828, 9125, 9003, 9150, 9153
2649, 2780, 2771, 2593, 3152, 9005, 8334, 8828, 9151
2650, 2783, 2850, 2616, 2772, 9154, 8895, 9155, 8892
2651, 2764, 2772, 2616, 3154, 8413, 9155, 8400, 9131
2652, 2829, 2773, 2789, 2907, 9156, 8962, 9157, 9158
2653, 2644, 2788, 2773, 2829, 9142, 9023, 9156, 8493
2654, 2804, 2774, 2551, 2822, 8220, 9118, 9159, 8189
2655, 2775, 2792, 2830, 2931, 8996, 9160, 9161, 9162
2656, 2563, 2961, 2775, 2931, 9163, 9049, 9162, 9164
2657, 2792, 2776, 2569, 2830, 9050, 9122, 9165, 9160
2658, 2896, 2778, 2866, 2581, 8292, 9051, 9166, 9167
2659, 2581, 2866, 2779, 2834, 9166, 8321, 9127, 9168
2660, 2851, 2781, 2793, 2599, 8332, 8850, 9169, 9170
2661, 2825, 2782, 2794, 2904, 9171, 9010, 9172, 8854
2662, 2599, 2793, 2782, 2825, 9169, 9060, 9171, 9173
2663, 2850, 2783, 2798, 2621, 9154, 8418, 9174, 9175
2664, 2827, 2784, 2796, 2906, 9176, 9017, 9177, 8898
2665, 2621, 2798, 2784, 2827, 9174, 9079, 9176, 9178
2666, 2632, 2861, 2786, 2909, 9179, 8432, 8478, 9180
2667, 2907, 2789, 2876, 2650, 9157, 8516, 9181, 9182
2668, 2833, 2790, 2797, 3156, 9183, 9026, 9184, 8568
2669, 2650, 2876, 2790, 2833, 9181, 9075, 9183, 9185
2670, 2904, 2794, 2871, 2604, 9172, 9059, 8387, 9186
2671, 2906, 2796, 2875, 2626, 9177, 8422, 9137, 9187
2672, 3156, 2797, 2864, 2655, 9184, 8571, 9146, 9188
2673, 2823, 2791, 2799, 2837, 8577, 9030, 9149, 8985
2674, 2805, 2557, 2847, 2758, 9189, 8753, 9090, 8224
2675, 2545, 2811, 2801, 2802, 8116, 9084, 8109, 9087
2676, 2932, 2900, 2912, 3148, 9190, 8700, 8690, 9191
2677, 2807, 2932, 3148, 2814, 9192, 9191, 9193, 8129
2678, 2739, 2735, 2812, 2808, 9045, 9194, 9100, 8123
2679, 2841, 2810, 2813, 3149, 9104, 9109, 9107, 8729
2680, 2844, 2809, 2817, 2547, 8733, 9096, 9102, 8731
2681, 2818, 2548, 2932, 2807, 8735, 9195, 9192, 9106
2682, 2738, 2746, 2810, 2817, 8721, 9110, 9103, 9095
2683, 2735, 2747, 2811, 2812, 8726, 9085, 8119, 9194
2684, 2816, 2549, 2846, 2815, 9196, 9197, 9198, 8131
2685, 2550, 3108, 2815, 2846, 9199, 9039, 9198, 8695
2686, 2549, 2816, 2814, 3148, 9196, 8717, 9193, 8689
2687, 2819, 2843, 2840, 2666, 8535, 9200, 8585, 9116
2688, 2865, 2854, 2821, 2575, 8288, 8793, 9123, 9201
2689, 2858, 2928, 2551, 2824, 9202, 9203, 9117, 8146
2690, 2853, 2883, 2848, 2822, 9204, 9205, 8187, 9206
2691, 2908, 2963, 3177, 2655, 9207, 9208, 9209, 9147
2692, 2896, 2581, 2969, 2895, 9167, 9210, 9211, 9212
2693, 2895, 2865, 2575, 2896, 8293, 9201, 8290, 9212
2694, 2904, 2604, 2968, 2899, 9186, 9213, 9214, 8855
2695, 2826, 3154, 2867, 2922, 9132, 8399, 8885, 9215
2696, 2626, 2971, 2903, 2906, 9216, 9217, 8899, 9187
2697, 3152, 2901, 3184, 2828, 8827, 9218, 9219, 9152
2698, 2972, 2907, 2650, 2889, 9220, 9182, 9221, 9222
2699, 2830, 2569, 2872, 2930, 9165, 9223, 8788, 9224
2700, 2831, 2638, 2832, 2856, 9139, 9145, 8951, 9225
2701, 3022, 2632, 2909, 2973, 9226, 9180, 9227, 9228
2702, 2832, 2767, 2857, 2894, 9144, 9141, 9229, 8952
2703, 2833, 3176, 2889, 2650, 8567, 9230, 9221, 9185
2704, 3153, 2884, 2885, 2835, 9231, 8390, 9232, 9129
2705, 2840, 2886, 2859, 2837, 9233, 9234, 8982, 8582
2706, 2557, 2805, 2838, 2874, 9189, 8760, 8200, 8754
2707, 2942, 2996, 2838, 3150, 9235, 8201, 8763, 9236
2708, 2839, 2545, 2848, 2883, 8117, 9086, 9205, 9237
2709, 2667, 2886, 2840, 2843, 8587, 9233, 9200, 9112
2710, 2546, 2913, 2893, 3149, 9238, 9239, 8727, 9108
2711, 2879, 2916, 3210, 2870, 9240, 9241, 9242, 9243
2712, 2663, 3107, 2845, 2890, 9244, 9245, 8594, 8499
2713, 3007, 2845, 3107, 2662, 8553, 9245, 9246, 9247
2714, 2555, 2940, 2877, 3166, 8750, 9248, 9249, 9250
2715, 2852, 2874, 2921, 2933, 8752, 9251, 9252, 9253
2716, 2849, 2892, 2872, 2569, 8795, 9254, 9223, 9121
2717, 2869, 2918, 2621, 2827, 9255, 9256, 9178, 8897
2718, 2868, 2920, 2599, 2825, 9257, 9258, 9173, 8853
2719, 2858, 2852, 2933, 2928, 8145, 9253, 9259, 9202
2720, 2853, 2822, 2551, 2928, 9206, 9159, 9203, 8190
2721, 2883, 2853, 2891, 2913, 9204, 8193, 9260, 9261
2722, 2929, 2892, 2854, 2960, 9262, 8794, 8287, 8768
2723, 2954, 2925, 2855, 3179, 9263, 9264, 8186, 9265
2724, 2844, 2879, 2870, 2548, 8730, 9243, 9266, 8734
2725, 2639, 2991, 2973, 2856, 9267, 9268, 9269, 8950
2726, 2857, 2644, 2873, 2927, 9143, 8492, 9270, 9271
2727, 2919, 2859, 2886, 2661, 8983, 9234, 8589, 8580
2728, 2861, 2632, 3155, 2785, 9179, 9272, 9136, 9068
2729, 2862, 2610, 3153, 2795, 9133, 9273, 9128, 9063
2730, 3209, 2920, 2868, 2938, 9274, 9257, 8381, 8832
2731, 2918, 2869, 3227, 2937, 9255, 8919, 9275, 9276
2732, 3178, 2934, 3166, 2877, 9277, 8704, 9249, 9278
2733, 2830, 2930, 2897, 2931, 9224, 9279, 9280, 9161
2734, 2894, 2857, 2927, 2958, 9229, 9271, 9281, 9282
2735, 2558, 2921, 2874, 2974, 9283, 9251, 8199, 9284
2736, 2882, 3163, 2940, 2556, 8693, 9285, 8749, 8687
2737, 2998, 3211, 2889, 3176, 9286, 9287, 9230, 8574
2738, 2879, 2915, 2553, 2916, 9288, 9289, 9290, 9240
2739, 2915, 2879, 2855, 2925, 9288, 8732, 9264, 9291
2740, 2582, 2944, 2969, 2880, 8282, 9292, 9293, 8818
2741, 2581, 2834, 2880, 2969, 9168, 8244, 9293, 9210
2742, 2546, 2839, 2883, 2913, 9101, 9237, 9261, 9238
2743, 2826, 2922, 2910, 2610, 9215, 8882, 9294, 9134
2744, 2604, 2835, 2885, 2968, 8386, 9232, 9295, 9213
2745, 2588, 2967, 2887, 2911, 9296, 8816, 9297, 8305
2746, 2836, 2888, 2971, 2626, 8924, 9298, 9216, 9138
2747, 2907, 2972, 2905, 2829, 9220, 9299, 8490, 9158
2748, 3215, 2954, 3179, 2893, 9300, 9265, 8728, 9301
2749, 2872, 2892, 2929, 2570, 9254, 9262, 9302, 8789
2750, 2944, 2939, 2895, 2969, 9303, 8294, 9211, 9292
2751, 2931, 2897, 2957, 2563, 9280, 9304, 9305, 9164
2752, 2910, 2611, 3216, 2884, 8881, 9306, 8391, 9307
2753, 2918, 3001, 2850, 2621, 9308, 8893, 9175, 9256
2754, 2867, 2898, 3218, 2617, 8398, 9309, 8909, 8883
2755, 2981, 2899, 2968, 2605, 8383, 9214, 9310, 9311
2756, 2548, 2870, 2900, 2932, 9266, 9312, 9190, 9195
2757, 2994, 2900, 2870, 3210, 8697, 9312, 9242, 9313
2758, 2920, 3002, 2851, 2599, 9314, 8851, 9170, 9258
2759, 2901, 2902, 2594, 2947, 8826, 9315, 9316, 9317
2760, 2903, 2971, 2627, 2978, 9217, 9318, 9319, 8920
2761, 2977, 2905, 2972, 2651, 8964, 9299, 9320, 8968
2762, 2908, 2823, 2919, 2963, 8575, 8984, 8579, 9207
2763, 3177, 2963, 3174, 2878, 9208, 9321, 8572, 9322
2764, 2973, 2909, 2831, 2856, 9227, 8477, 9225, 9269
2765, 2632, 3022, 2881, 3155, 9226, 9323, 8923, 9272
2766, 2610, 2910, 2884, 3153, 9294, 9307, 9231, 9273
2767, 2587, 2911, 2887, 3151, 9324, 9297, 8246, 9126
2768, 2911, 2587, 2828, 3184, 9324, 9153, 9219, 8302
2769, 3165, 2912, 3178, 2877, 8691, 8699, 9278, 9325
2770, 2891, 2552, 2923, 3215, 8192, 9326, 9327, 9328
2771, 2989, 2914, 3007, 2662, 8590, 9329, 9247, 9330
2772, 2661, 2989, 2959, 2936, 8591, 9331, 8559, 8581
2773, 3215, 2893, 2913, 2891, 9301, 9239, 9260, 9328
2774, 2916, 2553, 2970, 3191, 9290, 9332, 8744, 9333
2775, 3191, 2994, 3210, 2916, 9334, 9313, 9241, 9333
2776, 2550, 2882, 2917, 3108, 8694, 8686, 9094, 9199
2777, 3222, 3001, 2918, 2937, 9335, 9308, 9276, 9336
2778, 3002, 2920, 3209, 2600, 9314, 9274, 8831, 9337
2779, 2558, 2955, 2926, 2921, 9338, 9339, 9340, 9283
2780, 2933, 2921, 2926, 3187, 9252, 9340, 9341, 9342
2781, 2954, 3215, 2923, 2925, 9300, 9327, 8742, 9263
2782, 2964, 2923, 2552, 3187, 8743, 9326, 9343, 9344
2783, 2980, 2964, 3187, 2926, 8738, 9344, 9341, 9345
2784, 2553, 2915, 2925, 2956, 9289, 9291, 8741, 9346
2785, 2990, 2980, 3200, 3012, 8739, 9347, 8152, 8180
2786, 2645, 2927, 2873, 2965, 9348, 9270, 8963, 8435
2787, 2927, 2645, 3190, 2958, 9348, 8944, 9349, 9281
2788, 2945, 2617, 2995, 3217, 8884, 8908, 9350, 9351
2789, 2982, 3214, 2947, 2594, 8839, 8249, 9316, 9352
2790, 2552, 2928, 2933, 3187, 8191, 9259, 9342, 9343
2791, 2934, 3178, 2994, 3191, 9277, 8698, 9334, 8746
2792, 2935, 2668, 3007, 2914, 9113, 8554, 9329, 8588
2793, 2936, 2656, 3174, 2963, 8558, 9353, 9321, 8578
2794, 3225, 3004, 3212, 2948, 9354, 9355, 9356, 8873
2795, 2952, 3018, 2555, 3166, 9357, 9358, 9250, 8703
2796, 2885, 2941, 2605, 2968, 8389, 9359, 9310, 9295
2797, 2979, 2974, 2996, 3006, 9360, 8202, 9361, 8779
2798, 2996, 2942, 2564, 3006, 9235, 8766, 9362, 9361
2799, 2897, 3213, 2943, 2957, 9363, 8205, 8764, 9304
2800, 3008, 2951, 3223, 2993, 9364, 9365, 8284, 8774
2801, 2611, 2945, 3217, 2987, 8880, 9351, 9366, 9367
2802, 3013, 3217, 2995, 2618, 9368, 9350, 9369, 8380
2803, 3036, 2946, 3003, 2628, 9370, 8928, 9371, 8352
2804, 2622, 2985, 3222, 2946, 8349, 9372, 9373, 9374
2805, 2901, 2947, 2924, 3184, 9317, 8248, 8303, 9218
2806, 2948, 3212, 3205, 2984, 9356, 9375, 9376, 9377
2807, 3044, 2570, 2929, 2966, 8800, 9302, 8771, 9378
2808, 2589, 2950, 2976, 3186, 9379, 8840, 9380, 9381
2809, 3221, 2950, 2589, 2983, 9382, 9379, 8811, 9383
2810, 2939, 2944, 3223, 2951, 9303, 8285, 9365, 8796
2811, 2568, 2562, 3147, 2567, 8681, 9384, 8758, 8712
2812, 2953, 2562, 3110, 2556, 9385, 8683, 8688, 8748
2813, 2979, 3020, 2558, 2974, 8778, 9386, 9284, 9360
2814, 2563, 2957, 2942, 3150, 9305, 8767, 9236, 9387
2815, 2961, 2563, 3150, 2800, 9163, 9387, 8762, 8228
2816, 2612, 3005, 3000, 2962, 9388, 9389, 8856, 9390
2817, 2986, 2571, 2966, 3224, 8207, 9391, 8770, 9392
2818, 2983, 2967, 2588, 3221, 8813, 9296, 9393, 9383
2819, 2553, 2956, 2990, 2970, 9346, 8740, 8179, 9332
2820, 2627, 2971, 2888, 2997, 9318, 9298, 8475, 9394
2821, 2651, 2972, 2889, 3211, 9320, 9222, 9287, 9395
2822, 3206, 2651, 3015, 3035, 8969, 9396, 9397, 8959
2823, 2595, 3023, 3186, 2976, 9398, 8823, 9380, 8309
2824, 3003, 2978, 2627, 3085, 8927, 9319, 9399, 9400
2825, 3042, 2565, 2943, 3009, 8156, 9401, 8204, 9402
2826, 2926, 2955, 3200, 2980, 9339, 8149, 9347, 9345
2827, 2992, 3012, 3075, 2560, 8181, 9403, 9404, 9405
2828, 2605, 3226, 3225, 2981, 8858, 9406, 8872, 9311
2829, 2594, 2902, 3026, 3189, 9315, 9407, 8861, 9408
2830, 3002, 2600, 3026, 2902, 9337, 9409, 9407, 8852
2831, 2582, 2967, 2999, 2993, 8817, 8815, 9410, 8283
2832, 2600, 2948, 2984, 3026, 8830, 9377, 8862, 9409
2833, 2601, 3016, 2984, 3205, 8865, 8863, 9376, 9411
2834, 3208, 2577, 3032, 3194, 8808, 9412, 9413, 9414
2835, 3044, 2966, 2571, 3009, 9378, 9391, 9415, 8799
2836, 3028, 3010, 3202, 3201, 8631, 8947, 8945, 8466
2837, 2612, 2962, 2987, 3199, 9390, 9416, 9417, 9418
2838, 2656, 3173, 3025, 3192, 8557, 9419, 8562, 9420
2839, 3173, 2988, 3198, 3025, 9421, 9422, 8563, 9419
2840, 2989, 2662, 3162, 2959, 9330, 9423, 9424, 9331
2841, 3022, 2973, 2991, 3219, 9228, 9268, 8482, 9425
2842, 2639, 3011, 3027, 2991, 9426, 8472, 8483, 9267
2843, 2953, 2555, 3018, 2561, 8751, 9358, 9427, 9428
2844, 3018, 2952, 2992, 2560, 9357, 8747, 9405, 9429
2845, 3019, 3017, 2618, 2995, 8347, 9430, 9369, 8907
2846, 3085, 2627, 2997, 3014, 9399, 9394, 8938, 9431
2847, 3015, 2998, 3192, 3080, 9432, 9433, 8561, 9434
2848, 2993, 2999, 3024, 2583, 9410, 8814, 8281, 8775
2849, 3000, 3005, 2606, 3004, 9389, 9435, 9436, 9437
2850, 3226, 3000, 3004, 3225, 8857, 9437, 9354, 9406
2851, 3222, 2985, 3019, 3001, 9372, 8348, 9438, 9335
2852, 3218, 2898, 3001, 3019, 9309, 8894, 9438, 8910
2853, 3037, 3205, 3212, 3051, 9439, 9375, 9440, 8877
2854, 3055, 3063, 3005, 2612, 8834, 9441, 9388, 9442
2855, 2565, 3006, 2564, 2943, 8780, 9362, 8765, 9401
2856, 2565, 3052, 3064, 3020, 8155, 8755, 9443, 8781
2857, 3041, 3032, 2577, 3008, 9444, 9412, 9445, 8773
2858, 3008, 2577, 3058, 2951, 9445, 9446, 8797, 9364
2859, 2571, 3073, 3042, 3009, 8210, 8801, 9402, 9415
2860, 2640, 3011, 3203, 3010, 8469, 9447, 8948, 8630
2861, 2894, 2958, 3204, 2639, 9282, 9448, 9449, 8949
2862, 3064, 3171, 3075, 3193, 8757, 9450, 9451, 9452
2863, 3125, 3038, 2618, 3017, 9453, 8377, 9430, 8889
2864, 3199, 2987, 3217, 3013, 9417, 9366, 9368, 8379
2865, 3085, 3077, 2628, 3003, 9454, 9455, 9371, 9400
2866, 3030, 2601, 3047, 3167, 8866, 9456, 9457, 8843
2867, 3016, 3170, 3183, 3189, 8867, 9458, 9459, 8864
2868, 3018, 2560, 3033, 2561, 9429, 9460, 9461, 9427
2869, 3020, 2559, 2955, 2558, 9462, 8150, 9338, 9386
2870, 2595, 3169, 3039, 3023, 9463, 9464, 8820, 9398
2871, 3196, 3040, 3185, 3029, 9465, 9466, 9467, 8279
2872, 2633, 3027, 2634, 3046, 8484, 9468, 9469, 8936
2873, 3077, 3046, 2634, 3070, 9470, 9469, 9471, 9472
2874, 3099, 2647, 3101, 2646, 9473, 9474, 8468, 9475
2875, 2657, 3198, 2988, 3103, 9476, 9422, 8978, 8496
2876, 3198, 2657, 3086, 3080, 9476, 8495, 8970, 8564
2877, 3029, 3104, 3195, 2583, 9477, 8669, 9478, 8280
2878, 3169, 3106, 2596, 3039, 8254, 8845, 9479, 9464
2879, 3034, 3069, 2634, 3027, 8900, 9480, 9468, 8471
2880, 2622, 2946, 3036, 3048, 9374, 9370, 8930, 8887
2881, 3205, 3037, 3047, 2601, 9439, 8876, 9456, 9411
2882, 3038, 3125, 3114, 3180, 9453, 9481, 9482, 9483
2883, 2613, 3180, 3114, 3124, 9484, 9482, 8648, 8837
2884, 3170, 3169, 2595, 3183, 8255, 9463, 8308, 9458
2885, 3104, 3029, 3185, 2590, 9477, 9467, 9485, 8670
2886, 2589, 3186, 3040, 3196, 9381, 8822, 9465, 8812
2887, 3041, 2583, 3195, 3043, 8772, 9478, 8776, 9486
2888, 3068, 2584, 2585, 2579, 8777, 9487, 8163, 9488
2889, 3193, 3075, 3012, 2559, 9451, 9403, 8151, 9489
2890, 3046, 3077, 3085, 3014, 9470, 9454, 9431, 8937
2891, 3167, 3047, 3060, 2602, 9457, 8875, 8257, 9490
2892, 2623, 3031, 3048, 3061, 8376, 8888, 8929, 8915
2893, 3063, 3188, 2606, 3005, 8860, 9491, 9435, 9441
2894, 3188, 3060, 3051, 2606, 8258, 8874, 9492, 9491
2895, 3045, 3052, 3062, 2566, 8756, 8154, 8785, 8705
2896, 3172, 3096, 3053, 3066, 9493, 9494, 8956, 8440
2897, 3053, 3096, 2647, 3099, 9494, 9495, 9473, 8957
2898, 3033, 3054, 3147, 2561, 8176, 8759, 9496, 9461
2899, 3199, 3197, 3055, 2612, 9497, 9498, 9442, 9418
2900, 3049, 3056, 3100, 2641, 8925, 9499, 8626, 8904
2901, 3067, 2596, 3121, 2597, 9500, 8844, 8674, 9501
2902, 3040, 3057, 2590, 3185, 8824, 9502, 9485, 9466
2903, 3224, 3058, 2577, 2986, 8806, 9446, 8807, 9392
2904, 3076, 2629, 3088, 2630, 8911, 8357, 8931, 8372
2905, 3089, 3074, 2572, 3083, 9503, 8783, 9504, 8160
2906, 3020, 3064, 3193, 2559, 9443, 9452, 9489, 9462
2907, 3077, 3070, 3065, 2628, 9472, 8939, 8353, 9455
2908, 2597, 3142, 3157, 3067, 9505, 8662, 8276, 9501
2909, 2590, 3057, 3157, 3160, 9502, 8277, 8664, 8671
2910, 3068, 2579, 3081, 2578, 9488, 9506, 9507, 8214
2911, 3069, 2635, 3070, 2634, 8903, 8940, 9471, 9480
2912, 2642, 3082, 2641, 3098, 9508, 8905, 8625, 8405
2913, 3073, 3021, 3083, 2572, 8209, 9509, 9504, 8802
2914, 3091, 3130, 3074, 3089, 8173, 9510, 9503, 8804
2915, 3130, 3115, 2566, 3074, 8709, 8706, 8784, 9510
2916, 2608, 3132, 3078, 3079, 8868, 8870, 8312, 9511
2917, 2652, 3035, 3015, 3080, 8954, 9397, 9434, 8971
2918, 2573, 2579, 2580, 2574, 9512, 8162, 8169, 9513
2919, 3081, 2579, 2573, 3091, 9506, 9512, 8174, 8803
2920, 2636, 3084, 3082, 2642, 9514, 8942, 9508, 8361
2921, 3021, 3208, 3194, 3083, 8809, 9414, 8157, 9509
2922, 3116, 3088, 3084, 2636, 8932, 8356, 9514, 9515
2923, 3119, 2653, 3158, 3144, 8457, 8636, 9516, 9517
2924, 3158, 3093, 3087, 2659, 8635, 9518, 8445, 9519
2925, 3161, 3123, 3090, 3103, 9520, 9521, 8497, 8981
2926, 3090, 3123, 3095, 2658, 9521, 9522, 8443, 8555
2927, 3128, 2630, 2631, 3136, 8369, 8934, 8638, 9523
2928, 3172, 3087, 3093, 3096, 9524, 9518, 8462, 9493
2929, 2663, 2664, 3095, 3123, 8498, 8977, 9522, 9525
2930, 3118, 3098, 2648, 2649, 8406, 8632, 8622, 8620
2931, 2647, 3096, 3097, 3164, 9495, 8461, 8633, 9526
2932, 3100, 3101, 2647, 3164, 9527, 9474, 9526, 8627
2933, 3099, 2646, 3207, 3206, 9475, 9528, 8966, 8958
2934, 3101, 3100, 3056, 3028, 9527, 9499, 8628, 8465
2935, 2959, 3162, 2988, 3173, 9424, 8979, 9421, 8560
2936, 3123, 3161, 3107, 2663, 9520, 9529, 9244, 9525
2937, 3126, 2623, 3092, 3159, 8373, 8914, 8654, 9530
2938, 3125, 3105, 3175, 3114, 8890, 8650, 8649, 9481
2939, 2637, 2631, 3116, 2636, 8367, 8933, 9515, 8360
2940, 3180, 2613, 3055, 3197, 9484, 8835, 9498, 9531
2941, 3159, 2624, 3146, 2619, 8653, 8643, 9532, 9533
2942, 3147, 2562, 2953, 2561, 9384, 9385, 9428, 9496
2943, 3117, 2665, 3133, 2664, 8448, 8972, 8975, 8501
2944, 2614, 2608, 3079, 3124, 8262, 9511, 8838, 9534
2945, 3120, 2654,  466,  465, 8618, 8616, 6844, 8408
2946, 3141, 3121, 3127, 2603, 8675, 8846, 9535, 8871
2947, 3137, 3122, 3160, 2591, 9536, 8672, 8663, 8665
2948, 2585, 2584, 3122, 3137, 9487, 8667, 9536, 8215
2949, 2619, 3138, 3126, 3159, 8314, 8651, 9530, 9533
2950, 2602, 2603, 3127, 3167, 8878, 9535, 8841, 9490
2951, 2625, 2624, 3128, 3136, 8644, 8652, 9523, 8640
2952, 3140, 2573, 2574, 3135, 8171, 9513, 8677, 8711
2953, 2620, 3111, 3131, 3146, 8318, 8646, 9537, 8642
2954, 3133, 3144, 3158, 2659, 8974, 9516, 9519, 8976
2955, 3145, 3134, 2643, 2642, 9538, 8364, 8362, 8404
2956, 3118, 3120, 3134, 3145, 8619, 8407, 9538, 8403
2957, 3139, 2619, 3146, 3131, 8315, 9532, 9537, 9539
2958, 3139, 3131, 2614, 3124, 9539, 8645, 9534, 8647
2959, 2597, 2598, 3129, 3142, 8673, 8657, 8659, 9505
2960, 3144, 3112, 2660, 3119, 8973, 8614, 8458, 9517
2961, 2878, 3156, 2655, 3177, 8565, 9188, 9209, 9322
2962, 2662, 3107, 3161, 3162, 9246, 9529, 8980, 9423
2963, 2940, 3163, 3165, 2877, 9285, 9540, 9325, 9248
2964, 3165, 3163, 2846, 2549, 9540, 8696, 9197, 8692
2965, 3168, 3039, 2596, 3067, 8821, 9479, 9500, 8275
2966, 3171, 3033, 2560, 3075, 8177, 9460, 9404, 9450
2967, 3174, 2656, 3192, 2998, 9353, 9420, 9433, 8573
2968, 2578, 3081, 3181, 3182, 9507, 8805, 9541, 8211
2969, 3194, 3032, 3182, 3181, 9413, 9542, 9541, 8158
2970, 3189, 3183, 2982, 2594, 9459, 8307, 9352, 9408
2971, 3087, 3172, 3071, 2658, 9524, 8439, 8556, 8446
2972, 3038, 3180, 3197, 3199, 9483, 9531, 9497, 8378
2973, 3204, 2958, 3190, 3203, 9448, 9349, 8946, 9543
2974, 2965, 2977, 3207, 2975, 8965, 8967, 9544, 8436
2975, 2975, 3207, 2646, 3201, 9544, 9528, 8467, 8437
2976, 3011, 2639, 3204, 3203, 9426, 9449, 9543, 9447
2977, 3182, 3032, 3041, 3043, 9542, 9444, 9486, 8212
2978, 3015, 2651, 3211, 2998, 9396, 9395, 9286, 9432
2979, 3004, 2606, 3051, 3212, 9436, 9492, 9440, 9355
2980, 3213, 2897, 2930, 2949, 9363, 9279, 8791, 8206
2981, 3220, 3219, 2633, 2997, 9545, 8481, 8935, 8474
2982, 2881, 3022, 3219, 3220, 9323, 9425, 9545, 8473
2983, 3221, 2588, 2924, 2950, 9393, 8304, 8251, 9382
2984, 2962, 2605, 2941, 3216, 8859, 9359, 8392, 9546
2985, 3227, 2946, 3222, 2937, 8926, 9373, 9336, 9275
2986, 3216, 2611, 2987, 2962, 9306, 9367, 9416, 9546
2987, 3230,  606,   40,  607, 9547, 9548, 9549, 9550
2988,   84,   14,  602, 3231, 3546, 9551, 9552, 9553
2989, 3231,  602,  603, 3232, 9552, 9554, 9555, 9556
2990, 3233, 3232,  603,  604, 9557, 9555, 9558, 9559
2991, 3233,   86,   85, 3232, 9560, 3550, 9561, 9557
2992,  604,   39, 3228, 3233, 9562, 9563, 9564, 9559
2993,  606, 3230, 3229,  605, 9547, 9565, 9566, 9567
2994,   41,  608, 3230,  607, 9568, 9569, 9550, 9570
2995, 3228,   16,   86, 3233, 9571, 3551, 9560, 9564
2996,  608,  609, 3229, 3230, 9572, 9573, 9565, 9569
2997, 3228,   39,  605, 3229, 9563, 9574, 9566, 9575
2998,  609,   16, 3228, 3229, 9576, 9571, 9575, 9573
2999,   85,   84, 3231, 3232, 3560, 9553, 9556, 9561
3000, 3238, 3234,  613,  614, 9577, 9578, 9579, 9580
3001, 3236,   65,   64, 3237, 9581, 3488, 9582, 9583
3002, 3237,  585,   37,  610, 9584, 7556, 9585, 9586
3003,   64,    8,  585, 3237, 3484, 7559, 9584, 9582
3004,  614,    9,   66, 3238, 9587, 3476, 9588, 9580
3005, 3238,   66,   65, 3236, 9588, 3480, 9581, 9589
3006, 3235, 3236,  611,  612, 9590, 9591, 9592, 9593
3007,  610,  611, 3236, 3237, 9594, 9591, 9583, 9586
3008, 3235, 3234, 3238, 3236, 9595, 9577, 9589, 9590
3009,  612,  613, 3234, 3235, 9596, 9578, 9595, 9593
3010, 3241, 3242, 3243, 3240, 9597, 9598, 9599, 9600
3011,  241,  240, 3247, 3249, 5358, 9601, 9602, 9603
3012,   24,  587, 3250,  236, 7966, 9604, 9605, 5353
3013, 3246,  615,  616, 3242, 9606, 9607, 9608, 9609
3014, 3243,  617,  618, 3244, 9610, 9611, 9612, 9613
3015,  239,  238, 3240, 3245, 5356, 9614, 9615, 9616
3016,  620, 3239, 3248,  619, 9617, 9618, 9619, 9620
3017, 3246, 3242, 3241, 3250, 9609, 9597, 9621, 9622
3018,  586,    8,  615, 3246, 7560, 9623, 9606, 9624
3019, 3240, 3243, 3244, 3245, 9599, 9613, 9625, 9615
3020, 3248, 3247, 3245, 3244, 9626, 9627, 9625, 9628
3021,  620,    6,  327, 3239, 9629, 5898, 9630, 9617
3022,   27,  241, 3249,  326, 5246, 9603, 9631, 5736
3023, 3239,  327,  326, 3249, 9630, 5895, 9631, 9632
3024, 3239, 3249, 3247, 3248, 9632, 9602, 9626, 9618
3025, 3241, 3240,  238,  237, 9600, 9614, 5240, 9633
3026,  616,  617, 3243, 3242, 9634, 9610, 9598, 9608
3027, 3241,  237,  236, 3250, 9633, 5349, 9605, 9621
3028,  586, 3246, 3250,  587, 9624, 9622, 9604, 7967
3029, 3244,  618,  619, 3248, 9612, 9635, 9619, 9628
3030,  240,  239, 3245, 3247, 5362, 9616, 9627, 9601
3031,   98,   97, 3252, 3253, 3622, 9636, 9637, 9638
3032, 3253,  621,   18,   98, 9639, 9640, 3587, 9638
3033,  105,   19,  621, 3253, 3659, 9641, 9639, 9642
3034, 3251, 3252,   97,   96, 9643, 9636, 3629, 9644
3035,  107, 3251,   96,   17, 9645, 9644, 3584, 3642
3036,  107,  106, 3252, 3251, 3663, 9646, 9643, 9645
3037, 3253, 3252,  106,  105, 9637, 9646, 3633, 9642
3038,   59, 3256,   51,    4, 9647, 9648, 3420, 3457
3039, 3254,  622,  623, 3255, 9649, 9650, 9651, 9652
3040,   57,    6,  622, 3254, 3456, 9653, 9649, 9654
3041,   58, 3255, 3256,   59, 9655, 9656, 9647, 3471
3042,    5,   51, 3256,  624, 3429, 9648, 9657, 9658
3043,   57, 3254, 3255,   58, 9654, 9652, 9655, 3468
3044, 3255,  623,  624, 3256, 9651, 9659, 9657, 9656
3045,  628, 3259, 3260,  627, 9660, 9661, 9662, 9663
3046, 3266, 3267, 3265, 3273, 9664, 9665, 9666, 9667
3047,   16,  609, 3272,   90, 9576, 9668, 9669, 3617
3048, 3262,  625,  626, 3261, 9670, 9671, 9672, 9673
3049,   92, 3257, 3264,   93, 9674, 9675, 9676, 3579
3050, 3271, 3267, 3266, 3258, 9677, 9664, 9678, 9679
3051,  609,  608, 3262, 3272, 9572, 9680, 9681, 9668
3052,  608,   41,  625, 3262, 9568, 9682, 9670, 9680
3053,   20,  109, 3271,  630, 3652, 9683, 9684, 9685
3054,  629, 3258, 3259,  628, 9686, 9687, 9660, 9688
3055, 3265, 3264, 3268, 3273, 9689, 9690, 9691, 9666
3056,  627, 3260, 3261,  626, 9662, 9692, 9672, 9693
3057,  108,   17,   95, 3267, 3662, 3583, 9694, 9695
3058, 3257,   92,   91, 3263, 9674, 3618, 9696, 9697
3059, 3263,   91,   90, 3272, 9696, 3614, 9669, 9698
3060,   93, 3264, 3265,   94, 9676, 9689, 9699, 3626
3061, 3258,  629,  630, 3271, 9686, 9700, 9684, 9679
3062, 3268, 3260, 3259, 3273, 9701, 9661, 9702, 9691
3063, 3269, 3261, 3260, 3268, 9703, 9692, 9701, 9704
3064, 3270, 3262, 3261, 3269, 9705, 9673, 9703, 9706
3065, 3270, 3263, 3272, 3262, 9707, 9698, 9681, 9705
3066, 3264, 3257, 3269, 3268, 9675, 9708, 9704, 9690
3067,   94, 3265, 3267,   95, 9699, 9665, 9694, 3596
3068, 3258, 3266, 3273, 3259, 9678, 9667, 9702, 9687
3069,  109,  108, 3267, 3271, 3639, 9695, 9677, 9683
3070, 3270, 3269, 3257, 3263, 9706, 9708, 9697, 9707
3071,  631, 3284,   71,   11, 9709, 9710, 3528, 9711
3072, 3280, 3282, 3279, 3277, 9712, 9713, 9714, 9715
3073, 3276,  640,  641, 3277, 9716, 9717, 9718, 9719
3074, 3289, 3284, 3287, 3282, 9720, 9721, 9722, 9723
3075,   10,   67, 3291,  635, 3489, 9724, 9725, 9726
3076, 3288, 3281, 3286, 3291, 9727, 9728, 9729, 9730
3077,  636,  637, 3275, 3274, 9731, 9732, 9733, 9734
3078, 3283, 3289, 3282, 3280, 9735, 9723, 9712, 9736
3079, 3290, 3284, 3289, 3283, 9737, 9720, 9735, 9738
3080, 3274, 3288,    9,  636, 9739, 9740, 9741, 9734
3081,  637,   42,  638, 3275, 9742, 9743, 9744, 9732
3082,   72, 3290,  644,   12, 9745, 9746, 9747, 3499
3083,  643, 3283, 3280,  642, 9748, 9736, 9749, 9750
3084,  642, 3280, 3277,  641, 9749, 9715, 9718, 9751
3085, 3281, 3276, 3277, 3279, 9752, 9719, 9714, 9753
3086,  640, 3276, 3278,  639, 9716, 9754, 9755, 9756
3087, 3279, 3285, 3286, 3281, 9757, 9758, 9728, 9753
3088, 3275,  638,  639, 3278, 9744, 9759, 9755, 9760
3089, 3276, 3281, 3288, 3274, 9752, 9727, 9739, 9761
3090, 3285, 3279, 3282, 3287, 9757, 9713, 9722, 9762
3091, 3274, 3275, 3278, 3276, 9733, 9760, 9754, 9761
3092,  634, 3286, 3285,  633, 9763, 9758, 9764, 9765
3093, 3283,  643,  644, 3290, 9748, 9766, 9746, 9738
3094,  633, 3285, 3287,  632, 9764, 9762, 9767, 9768
3095,   71, 3284, 3290,   72, 9710, 9737, 9745, 3543
3096, 3284,  631,  632, 3287, 9709, 9769, 9767, 9721
3097, 3286,  634,  635, 3291, 9763, 9770, 9725, 9729
3098,   67,    9, 3288, 3291, 3477, 9740, 9730, 9724
3099, 3297,  647,  648, 3300, 9771, 9772, 9773, 9774
3100, 3292, 3307, 3301, 3302, 9775, 9776, 9777, 9778
3101,  622,    6,  620, 3294, 9653, 9629, 9779, 9780
3102, 3300, 3295, 3306, 3303, 9781, 9782, 9783, 9784
3103,   70, 3310,  615,    8, 9785, 9786, 9623, 3483
3104, 3302,  645,  646, 3292, 9787, 9788, 9789, 9778
3105, 3309, 3307, 3304, 3308, 9790, 9791, 9792, 9793
3106, 3308, 3312, 3299, 3298, 9794, 9795, 9796, 9797
3107, 3294,  620,  619, 3299, 9779, 9620, 9798, 9799
3108,  616, 3296, 3293,  617, 9800, 9801, 9802, 9634
3109,   68, 3302, 3301,   69, 9803, 9777, 9804, 3486
3110,   68,   10,  645, 3302, 3490, 9805, 9787, 9803
3111,  617, 3293, 3298,  618, 9802, 9806, 9807, 9611
3112, 3308, 3304, 3303, 3306, 9792, 9808, 9783, 9809
3113, 3295, 3311, 3305, 3306, 9810, 9811, 9812, 9782
3114,  650, 3311, 3295,  649, 9813, 9810, 9814, 9815
3115,  624, 3311,  650,    5, 9816, 9813, 9817, 9658
3116, 3303, 3304, 3297, 3300, 9808, 9818, 9774, 9784
3117,  646,  647, 3297, 3292, 9819, 9771, 9820, 9789
3118, 3296,  616,  615, 3310, 9800, 9607, 9786, 9821
3119, 3294, 3305,  623,  622, 9822, 9823, 9650, 9780
3120,  618, 3298, 3299,  619, 9807, 9796, 9798, 9635
3121,  623, 3305, 3311,  624, 9823, 9811, 9816, 9659
3122,   70,   69, 3301, 3310, 3474, 9804, 9824, 9785
3123, 3301, 3307, 3296, 3310, 9776, 9825, 9821, 9824
3124, 3300,  648,  649, 3295, 9773, 9826, 9814, 9781
3125, 3293, 3309, 3308, 3298, 9827, 9793, 9797, 9806
3126, 3305, 3294, 3299, 3312, 9822, 9799, 9795, 9828
3127, 3293, 3296, 3307, 3309, 9801, 9825, 9790, 9827
3128, 3292, 3297, 3304, 3307, 9820, 9818, 9791, 9775
3129, 3306, 3305, 3312, 3308, 9812, 9828, 9794, 9809
3130, 3317,  653,  654, 3316, 9829, 9830, 9831, 9832
3131, 3324, 3323, 3326, 3319, 9833, 9834, 9835, 9836
3132, 3323, 3315, 3320, 3326, 9837, 9838, 9839, 9834
3133,   44,    1,  651, 3323, 3441, 9840, 9841, 9842
3134, 3318, 3320, 3322, 3314, 9843, 9844, 9845, 9846
3135,   19,   43,  656, 3313, 9847, 9848, 9849, 9850
3136, 3314,  657,  658, 3318, 9851, 9852, 9853, 9846
3137, 3325,  621,   19, 3313, 9854, 9641, 9850, 9855
3138,   18,  621, 3325,  655, 9640, 9854, 9856, 9857
3139,    2,   45, 3324,  660, 3412, 9858, 9859, 9860
3140,  659, 3319, 3318,  658, 9861, 9862, 9853, 9863
3141, 3315, 3317, 3322, 3320, 9864, 9865, 9844, 9838
3142,  657, 3314, 3313,  656, 9851, 9866, 9849, 9867
3143, 3321, 3313, 3314, 3322, 9868, 9866, 9845, 9869
3144, 3317, 3316, 3321, 3322, 9832, 9870, 9869, 9865
3145, 3315,  652,  653, 3317, 9871, 9872, 9829, 9864
3146, 3316,  654,  655, 3325, 9831, 9873, 9856, 9874
3147, 3319,  659,  660, 3324, 9861, 9875, 9859, 9836
3148,  652, 3315, 3323,  651, 9871, 9837, 9841, 9876
3149, 3318, 3319, 3326, 3320, 9862, 9835, 9839, 9843
3150, 3321, 3316, 3325, 3313, 9870, 9874, 9855, 9868
3151,   45,   44, 3323, 3324, 3452, 9842, 9833, 9858
3152,   101,   100,  3348,  3346,  3582,  9877,  9878,  9879
3153,  3329,    82,    81,  3337,  9880,  3530,  9881,  9882
3154,  3377,  3399,  3391,  3375,  9883,  9884,  9885,  9886
3155,   646,  3347,  3345,   647,  9887,  9888,  9889,  9819
3156,    56,    55,  3333,  3344,  3438,  9890,  9891,  9892
3157,    83,  3327,  3343,    11,  9893,  9894,  9895,  3527
3158,    82,  3329,  3327,    83,  9880,  9896,  9893,  3492
3159,  3381,  3378,  3388,  3389,  9897,  9898,  9899,  9900
3160,    52,     5,   650,  3330,  3430,  9817,  9901,  9902
3161,  3345,  3349,   648,   647,  9903,  9904,  9772,  9889
3162,    54,    53,  3331,  3332,  3432,  9905,  9906,  9907
3163,    55,    54,  3332,  3333,  3401,  9907,  9908,  9890
3164,   645,    10,   635,  3350,  9805,  9726,  9909,  9910
3165,   645,  3350,  3347,   646,  9910,  9911,  9887,  9788
3166,  3334,   634,   633,  3335,  9912,  9765,  9913,  9914
3167,  3331,  3330,  3386,  3372,  9915,  9916,  9917,  9918
3168,   650,   649,  3386,  3330,  9815,  9919,  9916,  9901
3169,  3350,   635,   634,  3334,  9909,  9770,  9912,  9920
3170,  3336,   632,   631,  3342,  9921,  9769,  9922,  9923
3171,  3370,  3368,  3345,  3347,  9924,  9925,  9888,  9926
3172,  3334,  3335,  3357,  3370,  9914,  9927,  9928,  9929
3173,  3338,  3373,  3358,  3337,  9930,  9931,  9932,  9933
3174,    80,  3338,  3337,    81,  9934,  9933,  9881,  3513
3175,  3397,    79,    15,   104,  9935,  3524,  3598,  9936
3176,  3328,  3339,   652,   651,  9937,  9938,  9876,  9939
3177,  3328,  3352,  3359,  3339,  9940,  9941,  9942,  9937
3178,  3339,  3340,   653,   652,  9943,  9944,  9872,  9938
3179,   655,   654,  3351,  3396,  9873,  9945,  9946,  9947
3180,  3348,  3396,  3351,  3371,  9948,  9946,  9949,  9950
3181,    18,   655,  3396,    99,  9857,  9947,  9951,  3588
3182,  3387,  3389,  3383,  3374,  9952,  9953,  9954,  9955
3183,   651,     1,  3341,  3328,  9840,  9956,  9957,  9939
3184,   102,   101,  3346,  3366,  3606,  9879,  9958,  9959
3185,  3330,  3331,    53,    52,  9915,  9905,  3417,  9902
3186,  3353,  3361,  3336,  3342,  9960,  9961,  9923,  9962
3187,  3399,  3388,  3378,  3379,  9963,  9898,  9964,  9965
3188,     1,    56,  3344,  3341,  3440,  9892,  9966,  9956
3189,  3335,   633,   632,  3336,  9913,  9768,  9921,  9967
3190,  3355,  3362,  3382,  3379,  9968,  9969,  9970,  9971
3191,  3342,   631,    11,  3343,  9922,  9711,  9895,  9972
3192,  3365,  3341,  3344,  3355,  9973,  9966,  9974,  9975
3193,  3338,    80,    79,  3397,  9934,  3515,  9935,  9976
3194,  3384,  3367,  3387,  3374,  9977,  9978,  9955,  9979
3195,   104,   103,  3395,  3397,  3601,  9980,  9981,  9936
3196,  3378,  3381,  3352,  3365,  9897,  9982,  9983,  9984
3197,  3371,  3351,  3340,  3363,  9949,  9985,  9986,  9987
3198,   654,   653,  3340,  3351,  9830,  9944,  9985,  9945
3199,  3364,  3354,  3376,  3377,  9988,  9989,  9990,  9991
3200,  3354,  3364,  3343,  3327,  9988,  9992,  9894,  9993
3201,  3382,  3385,  3390,  3379,  9994,  9995,  9996,  9970
3202,  3349,  3369,  3372,  3386,  9997,  9998,  9917,  9999
3203,  3373,  3384,  3374,  3358, 10000,  9979, 10001,  9931
3204,  3368,  3369,  3349,  3345, 10002,  9997,  9903,  9925
3205,  3350,  3334,  3370,  3347,  9920,  9929,  9926,  9911
3206,   100,    99,  3396,  3348,  3611,  9951,  9948,  9877
3207,   648,  3349,  3386,   649,  9904,  9999,  9919,  9826
3208,  3339,  3359,  3363,  3340,  9942, 10003,  9986,  9943
3209,  3389,  3388,  3376,  3383,  9899, 10004, 10005,  9953
3210,  3352,  3328,  3341,  3365,  9940,  9957,  9973,  9983
3211,  3342,  3343,  3364,  3353,  9972,  9992, 10006,  9962
3212,  3329,  3360,  3354,  3327, 10007, 10008,  9993,  9896
3213,  3355,  3344,  3333,  3362,  9974,  9891, 10009,  9968
3214,  3362,  3333,  3332,  3356, 10009,  9908, 10010, 10011
3215,  3356,  3332,  3331,  3372, 10010,  9906,  9918, 10012
3216,  3380,  3361,  3353,  3375, 10013,  9960, 10014, 10015
3217,  3361,  3357,  3335,  3336, 10016,  9927,  9967,  9961
3218,  3329,  3337,  3358,  3360,  9882,  9932, 10017, 10007
3219,  3398,  3359,  3352,  3381, 10018,  9941,  9982, 10019
3220,  3371,  3367,  3346,  3348, 10020, 10021,  9878,  9950
3221,  3373,  3395,  3366,  3384, 10022, 10023, 10024, 10000
3222,   103,   102,  3366,  3395,  3604,  9959, 10023,  9980
3223,  3368,  3392,  3385,  3369, 10025, 10026, 10027, 10002
3224,  3372,  3369,  3394,  3356,  9998, 10028, 10029, 10012
3225,  3370,  3357,  3392,  3368,  9928, 10030, 10025,  9924
3226,  3371,  3363,  3393,  3367,  9987, 10031, 10032, 10020
3227,  3395,  3373,  3338,  3397, 10022,  9930,  9976,  9981
3228,  3374,  3383,  3360,  3358,  9954, 10033, 10017, 10001
3229,  3364,  3377,  3375,  3353,  9991,  9886, 10014, 10006
3230,  3362,  3356,  3394,  3382, 10011, 10029, 10034,  9969
3231,  3378,  3365,  3355,  3379,  9984,  9975,  9971,  9964
3232,  3385,  3392,  3380,  3390, 10026, 10035, 10036,  9995
3233,  3357,  3361,  3380,  3392, 10016, 10013, 10035, 10030
3234,  3387,  3367,  3393,  3398,  9978, 10032, 10037, 10038
3235,  3383,  3376,  3354,  3360, 10005,  9989, 10008, 10033
3236,  3363,  3359,  3398,  3393, 10003, 10018, 10037, 10031
3237,  3384,  3366,  3346,  3367, 10024,  9958, 10021,  9977
3238,  3389,  3387,  3398,  3381,  9952, 10038, 10019,  9900
3239,  3390,  3380,  3375,  3391, 10036, 10015,  9885, 10039
3240,  3379,  3390,  3391,  3399,  9996, 10039,  9884,  9965
3241,  3394,  3369,  3385,  3382, 10028, 10027,  9994, 10034
3242,  3399,  3377,  3376,  3388,  9883,  9990, 10004,  9963